ISO-10303-21;
HEADER;
FILE_DESCRIPTION (( 'STEP AP214' ),
    '1' );
FILE_NAME ('User Library-SOP16_208mil (5.3mm).STEP',
    '2026-09-12T06:39:55',
    ( '' ),
    ( '' ),
    'SwSTEP 2.0',
    'SolidWorks 2022',
    '' );
FILE_SCHEMA (( 'AUTOMOTIVE_DESIGN' ));
ENDSEC;

DATA;
#1 = EDGE_CURVE ( 'NONE', #348, #282, #853, .T. ) ;
#2 = CARTESIAN_POINT ( 'NONE',  ( 1.120638577895060051, 0.0000000000000000000, 0.8979031543319350162 ) ) ;
#3 = UNCERTAINTY_MEASURE_WITH_UNIT (LENGTH_MEASURE( 1.000000000000000082E-05 ), #339, 'distance_accuracy_value', 'NONE');
#4 =( NAMED_UNIT ( * ) SI_UNIT ( $, .STERADIAN. ) SOLID_ANGLE_UNIT ( ) );
#5 = CARTESIAN_POINT ( 'NONE',  ( 3.950000000000000178, 2.959999999999999964, -0.1979031543319350051 ) ) ;
#6 = CARTESIAN_POINT ( 'NONE',  ( 0.0000000000000000000, 0.0000000000000000000, 0.0000000000000000000 ) ) ;
#7 =( NAMED_UNIT ( * ) PLANE_ANGLE_UNIT ( ) SI_UNIT ( $, .RADIAN. ) );
#8 = FILL_AREA_STYLE ('',( #221 ) ) ;
#9 = ORIENTED_EDGE ( 'NONE', *, *, #568, .F. ) ;
#10 = FILL_AREA_STYLE_COLOUR ( '', #19 ) ;
#11 = CARTESIAN_POINT ( 'NONE',  ( 1.630514401739141528, -4.586356136125495198, 1.800000000000008038 ) ) ;
#12 = DIRECTION ( 'NONE',  ( 0.0000000000000000000, 0.0000000000000000000, 1.000000000000000000 ) ) ;
#13 = SURFACE_STYLE_USAGE ( .BOTH. , #1225 ) ;
#14 =( GEOMETRIC_REPRESENTATION_CONTEXT ( 3 ) GLOBAL_UNCERTAINTY_ASSIGNED_CONTEXT ( ( #603 ) ) GLOBAL_UNIT_ASSIGNED_CONTEXT ( ( #748, #1264, #1390 ) ) REPRESENTATION_CONTEXT ( 'NONE', 'WORKASPACE' ) );
#15 =( GEOMETRIC_REPRESENTATION_CONTEXT ( 3 ) GLOBAL_UNCERTAINTY_ASSIGNED_CONTEXT ( ( #413 ) ) GLOBAL_UNIT_ASSIGNED_CONTEXT ( ( #544, #590, #4 ) ) REPRESENTATION_CONTEXT ( 'NONE', 'WORKASPACE' ) );
#16 = STYLED_ITEM ( 'NONE', ( #675 ), #189 ) ;
#17 = CARTESIAN_POINT ( 'NONE',  ( 1.341563691966105143, -4.168403089102631576, 1.764580053884622801 ) ) ;
#18 =( LENGTH_UNIT ( ) NAMED_UNIT ( * ) SI_UNIT ( .MILLI., .METRE. ) );
#19 = COLOUR_RGB ( '',0.8000000000000000444, 0.8000000000000000444, 0.8000000000000000444 ) ;
#20 = CARTESIAN_POINT ( 'NONE',  ( 1.120638577895060051, -0.4299999999999999933, 0.8979031543319350162 ) ) ;
#21 = FACE_OUTER_BOUND ( 'NONE', #740, .T. ) ;
#22 = ORIENTED_EDGE ( 'NONE', *, *, #75, .T. ) ;
#23 = CARTESIAN_POINT ( 'NONE',  ( 0.0000000000000000000, -5.099999999999999645, 0.0000000000000000000 ) ) ;
#24 = CYLINDRICAL_SURFACE ( 'NONE', #1022, 0.09999999999999988065 ) ;
#25 = DIRECTION ( 'NONE',  ( -0.3511234415883917603, -0.0000000000000000000, 0.9363291775690444352 ) ) ;
#26 = SURFACE_STYLE_FILL_AREA ( #216 ) ;
#27 = DIRECTION ( 'NONE',  ( 0.0000000000000000000, -0.0000000000000000000, -1.000000000000000000 ) ) ;
#28 =( LENGTH_UNIT ( ) NAMED_UNIT ( * ) SI_UNIT ( .MILLI., .METRE. ) );
#29 = SURFACE_SIDE_STYLE ('',( #597 ) ) ;
#30 = ORIENTED_EDGE ( 'NONE', *, *, #1170, .T. ) ;
#31 =( NAMED_UNIT ( * ) PLANE_ANGLE_UNIT ( ) SI_UNIT ( $, .RADIAN. ) );
#32 = PRESENTATION_LAYER_ASSIGNMENT (  '', '', ( #897 ) ) ;
#33 = STYLED_ITEM ( 'NONE', ( #470 ), #928 ) ;
#34 = APPLICATION_PROTOCOL_DEFINITION ( 'draft international standard', 'automotive_design', 1998, #896 ) ;
#35 = DIRECTION ( 'NONE',  ( -1.000000000000000000, 0.0000000000000000000, 0.0000000000000000000 ) ) ;
#36 = STYLED_ITEM ( 'NONE', ( #1119 ), #433 ) ;
#37 = AXIS2_PLACEMENT_3D ( 'NONE', #358, #140, #1347 ) ;
#38 = EDGE_CURVE ( 'NONE', #677, #953, #401, .T. ) ;
#39 = ORIENTED_EDGE ( 'NONE', *, *, #1146, .F. ) ;
#40 = DIRECTION ( 'NONE',  ( 7.455164011718752986E-17, 1.000000000000000000, -2.795686504394532678E-17 ) ) ;
#41 = DIRECTION ( 'NONE',  ( 0.0000000000000000000, 0.0000000000000000000, 1.000000000000000000 ) ) ;
#42 = CARTESIAN_POINT ( 'NONE',  ( 2.649999999999999911, -5.099999999999999645, 1.800000000000000266 ) ) ;
#43 = SURFACE_SIDE_STYLE ('',( #1035 ) ) ;
#44 = ORIENTED_EDGE ( 'NONE', *, *, #1271, .T. ) ;
#45 = CARTESIAN_POINT ( 'NONE',  ( 1.120638577895060051, -0.4299999999999999933, 1.197903154331932285 ) ) ;
#46 = CARTESIAN_POINT ( 'NONE',  ( 0.4860056721158300119, -0.4299999999999999933, 0.3237853361258640206 ) ) ;
#47 = ITEM_DEFINED_TRANSFORMATION ( 'NONE', 'NONE', #829,  #219 ) ;
#48 = FILL_AREA_STYLE_COLOUR ( '', #1213 ) ;
#49 = ORIENTED_EDGE ( 'NONE', *, *, #1001, .T. ) ;
#50 = ORIENTED_EDGE ( 'NONE', *, *, #359, .T. ) ;
#51 = DIRECTION ( 'NONE',  ( -1.000000000000000000, -0.0000000000000000000, 0.0000000000000000000 ) ) ;
#52 = SURFACE_STYLE_USAGE ( .BOTH. , #733 ) ;
#53 = ITEM_DEFINED_TRANSFORMATION ( 'NONE', 'NONE', #1335,  #219 ) ;
#54 = VECTOR ( 'NONE', #1202, 1000.000000000000000 ) ;
#55 = EDGE_CURVE ( 'NONE', #282, #160, #727, .T. ) ;
#56 = AXIS2_PLACEMENT_3D ( 'NONE', #1312, #313, #930 ) ;
#57 = DIRECTION ( 'NONE',  ( 0.9986295347545739443, 0.0000000000000000000, 0.05233595624294398729 ) ) ;
#58 =( GEOMETRIC_REPRESENTATION_CONTEXT ( 3 ) GLOBAL_UNCERTAINTY_ASSIGNED_CONTEXT ( ( #529 ) ) GLOBAL_UNIT_ASSIGNED_CONTEXT ( ( #28, #1136, #1020 ) ) REPRESENTATION_CONTEXT ( 'NONE', 'WORKASPACE' ) );
#59 = SURFACE_STYLE_USAGE ( .BOTH. , #143 ) ;
#60 = MECHANICAL_DESIGN_GEOMETRIC_PRESENTATION_REPRESENTATION (  '', ( #784 ), #1284 ) ;
#61 = VERTEX_POINT ( 'NONE', #176 ) ;
#62 = PRODUCT_DEFINITION_SHAPE ( 'NONE', 'NONE',  #1406 ) ;
#63 = SURFACE_STYLE_USAGE ( .BOTH. , #609 ) ;
#64 =( REPRESENTATION_RELATIONSHIP ('NONE','NONE', #223, #1341 ) REPRESENTATION_RELATIONSHIP_WITH_TRANSFORMATION ( #1067 )SHAPE_REPRESENTATION_RELATIONSHIP( ) );
#65 = FILL_AREA_STYLE_COLOUR ( '', #239 ) ;
#66 = DIRECTION ( 'NONE',  ( 0.0000000000000000000, 1.000000000000000000, 0.0000000000000000000 ) ) ;
#67 = CARTESIAN_POINT ( 'NONE',  ( 1.300000000000000266, 0.0000000000000000000, 1.197903154331930065 ) ) ;
#68 = EDGE_LOOP ( 'NONE', ( #94, #133, #977, #957 ) ) ;
#69 = CARTESIAN_POINT ( 'NONE',  ( 1.464197122198088508, -4.183571740998633715, 1.800000000000000488 ) ) ;
#70 =( REPRESENTATION_RELATIONSHIP ('NONE','NONE', #223, #1341 ) REPRESENTATION_RELATIONSHIP_WITH_TRANSFORMATION ( #1060 )SHAPE_REPRESENTATION_RELATIONSHIP( ) );
#71 = DIRECTION ( 'NONE',  ( 0.3511234415883915383, 0.0000000000000000000, -0.9363291775690445462 ) ) ;
#72 = ORIENTED_EDGE ( 'NONE', *, *, #244, .T. ) ;
#73 =( NAMED_UNIT ( * ) PLANE_ANGLE_UNIT ( ) SI_UNIT ( $, .RADIAN. ) );
#74 = EDGE_LOOP ( 'NONE', ( #480, #509, #1117, #983 ) ) ;
#75 = EDGE_CURVE ( 'NONE', #976, #100, #1162, .T. ) ;
#76 = CARTESIAN_POINT ( 'NONE',  ( 0.7679134583516019630, -0.4299999999999999933, 0.2211792931281630348 ) ) ;
#77 =( NAMED_UNIT ( * ) SI_UNIT ( $, .STERADIAN. ) SOLID_ANGLE_UNIT ( ) );
#78 = DIRECTION ( 'NONE',  ( 0.0000000000000000000, 1.000000000000000000, 0.0000000000000000000 ) ) ;
#79 = VECTOR ( 'NONE', #496, 1000.000000000000000 ) ;
#80 = VECTOR ( 'NONE', #453, 1000.000000000000000 ) ;
#81 = VECTOR ( 'NONE', #1387, 1000.000000000000000 ) ;
#82 = MECHANICAL_DESIGN_GEOMETRIC_PRESENTATION_REPRESENTATION (  '', ( #1219 ), #1240 ) ;
#83 = ORIENTED_EDGE ( 'NONE', *, *, #1323, .F. ) ;
#84 = LINE ( 'NONE', #753, #276 ) ;
#85 = MECHANICAL_DESIGN_GEOMETRIC_PRESENTATION_REPRESENTATION (  '', ( #1073 ), #279 ) ;
#86 = ORIENTED_EDGE ( 'NONE', *, *, #706, .T. ) ;
#87 = DIRECTION ( 'NONE',  ( 0.0000000000000000000, 0.0000000000000000000, 1.000000000000000000 ) ) ;
#88 = ITEM_DEFINED_TRANSFORMATION ( 'NONE', 'NONE', #198,  #219 ) ;
#89 = PRODUCT ( 'Foot SOP16', 'Foot SOP16', '', ( #681 ) ) ;
#90 = CARTESIAN_POINT ( 'NONE',  ( 2.649999999999999911, -5.099999999999999645, 1.800000000000000266 ) ) ;
#91 = DIRECTION ( 'NONE',  ( -1.000000000000000000, 0.0000000000000000000, 0.0000000000000000000 ) ) ;
#92 = DIRECTION ( 'NONE',  ( 2.710505431213764240E-15, 0.0000000000000000000, 1.000000000000000000 ) ) ;
#93 = LINE ( 'NONE', #188, #1239 ) ;
#94 = ORIENTED_EDGE ( 'NONE', *, *, #440, .T. ) ;
#95 = CARTESIAN_POINT ( 'NONE',  ( 0.5799749341944206993, -0.4299999999999999933, 0.2895833217932970993 ) ) ;
#96 = CONTEXT_DEPENDENT_SHAPE_REPRESENTATION ( #1210, #958 ) ;
#97 = LINE ( 'NONE', #998, #373 ) ;
#98 = DIRECTION ( 'NONE',  ( 0.0000000000000000000, 0.0000000000000000000, 1.000000000000000000 ) ) ;
#99 = EDGE_CURVE ( 'NONE', #862, #855, #1185, .T. ) ;
#100 = VERTEX_POINT ( 'NONE', #640 ) ;
#101 =( NAMED_UNIT ( * ) PLANE_ANGLE_UNIT ( ) SI_UNIT ( $, .RADIAN. ) );
#102 = VERTEX_POINT ( 'NONE', #1069 ) ;
#103 = DIRECTION ( 'NONE',  ( 0.9396926207859083169, 0.0000000000000000000, -0.3420201433256691015 ) ) ;
#104 = CONTEXT_DEPENDENT_SHAPE_REPRESENTATION ( #659, #658 ) ;
#105 = PRODUCT_DEFINITION_CONTEXT ( 'detailed design', #617, 'design' ) ;
#106 = CARTESIAN_POINT ( 'NONE',  ( 0.4860056721158300119, -0.4299999999999999933, 0.3237853361258640206 ) ) ;
#107 = DIRECTION ( 'NONE',  ( -1.000000000000000000, 0.0000000000000000000, 0.0000000000000000000 ) ) ;
#108 = EDGE_CURVE ( 'NONE', #556, #754, #1396, .T. ) ;
#109 = UNCERTAINTY_MEASURE_WITH_UNIT (LENGTH_MEASURE( 1.000000000000000082E-05 ), #705, 'distance_accuracy_value', 'NONE');
#110 = CARTESIAN_POINT ( 'NONE',  ( -2.649999999999999467, 5.100000000000000533, 1.000000000000000000 ) ) ;
#111 =( GEOMETRIC_REPRESENTATION_CONTEXT ( 3 ) GLOBAL_UNCERTAINTY_ASSIGNED_CONTEXT ( ( #263 ) ) GLOBAL_UNIT_ASSIGNED_CONTEXT ( ( #158, #361, #1359 ) ) REPRESENTATION_CONTEXT ( 'NONE', 'WORKASPACE' ) );
#112 = AXIS2_PLACEMENT_3D ( 'NONE', #192, #1298, #531 ) ;
#113 = VECTOR ( 'NONE', #952, 1000.000000000000000 ) ;
#114 = CARTESIAN_POINT ( 'NONE',  ( 2.649999999999999911, 5.099999999999999645, 1.800000000000000266 ) ) ;
#115 = VECTOR ( 'NONE', #954, 1000.000000000000000 ) ;
#116 = CARTESIAN_POINT ( 'NONE',  ( 0.7679134583516019630, -0.4299999999999999933, 0.2211792931281630348 ) ) ;
#117 = AXIS2_PLACEMENT_3D ( 'NONE', #6, #1023, #169 ) ;
#118 = CARTESIAN_POINT ( 'NONE',  ( 2.350000000000000089, 1.998333415953680127E-16, 1.800000000000000266 ) ) ;
#119 = DIRECTION ( 'NONE',  ( -1.000000000000000000, 0.0000000000000000000, 0.0000000000000000000 ) ) ;
#120 = DIRECTION ( 'NONE',  ( 1.000000000000000000, 0.0000000000000000000, 0.0000000000000000000 ) ) ;
#121 = SURFACE_STYLE_FILL_AREA ( #1110 ) ;
#122 = EDGE_CURVE ( 'NONE', #266, #427, #803, .T. ) ;
#123 = FILL_AREA_STYLE ('',( #1002 ) ) ;
#124 =( LENGTH_UNIT ( ) NAMED_UNIT ( * ) SI_UNIT ( .MILLI., .METRE. ) );
#125 = CARTESIAN_POINT ( 'NONE',  ( 1.770025598401050448, -4.586213712220530425, 1.800000000000008038 ) ) ;
#126 = DIRECTION ( 'NONE',  ( -1.000000000000000000, 0.0000000000000000000, 0.0000000000000000000 ) ) ;
#127 = EDGE_CURVE ( 'NONE', #1314, #348, #1061, .T. ) ;
#128 = DIRECTION ( 'NONE',  ( 0.0000000000000000000, 0.0000000000000000000, 1.000000000000000000 ) ) ;
#129 =( NAMED_UNIT ( * ) PLANE_ANGLE_UNIT ( ) SI_UNIT ( $, .RADIAN. ) );
#130 = CARTESIAN_POINT ( 'NONE',  ( 1.435521557876785259, -4.391697557015116438, 1.800000000000000488 ) ) ;
#131 = DIRECTION ( 'NONE',  ( 0.0000000000000000000, -0.0000000000000000000, -1.000000000000000000 ) ) ;
#132 = B_SPLINE_CURVE_WITH_KNOTS ( 'NONE', 3,
 ( #960, #1065, #69, #945, #180, #406, #725, #1059, #1373, #511 ),
 .UNSPECIFIED., .F., .F.,
 ( 4, 2, 2, 2, 4 ),
 ( 0.0000000000000000000, 0.0002066968141165654769, 0.0004133936282331309537, 0.0006200904423496963764, 0.0008267872564662619075 ),
 .UNSPECIFIED. ) ;
#133 = ORIENTED_EDGE ( 'NONE', *, *, #1248, .F. ) ;
#134 =( GEOMETRIC_REPRESENTATION_CONTEXT ( 3 ) GLOBAL_UNCERTAINTY_ASSIGNED_CONTEXT ( ( #482 ) ) GLOBAL_UNIT_ASSIGNED_CONTEXT ( ( #124, #1203, #350 ) ) REPRESENTATION_CONTEXT ( 'NONE', 'WORKASPACE' ) );
#135 = STYLED_ITEM ( 'NONE', ( #787 ), #1223 ) ;
#136 = PRESENTATION_LAYER_ASSIGNMENT (  '', '', ( #1219 ) ) ;
#137 = CARTESIAN_POINT ( 'NONE',  ( 1.642092089237876307, -4.588177532927358193, 1.766031611421488234 ) ) ;
#138 = STYLED_ITEM ( 'NONE', ( #1349 ), #214 ) ;
#139 = DIRECTION ( 'NONE',  ( 0.0000000000000000000, 0.0000000000000000000, 1.000000000000000000 ) ) ;
#140 = DIRECTION ( 'NONE',  ( 0.0000000000000000000, 0.0000000000000000000, 1.000000000000000000 ) ) ;
#141 = CARTESIAN_POINT ( 'NONE',  ( 0.4912392677401242191, 0.0000000000000000000, 0.2239223826504060377 ) ) ;
#142 = VERTEX_POINT ( 'NONE', #955 ) ;
#143 = SURFACE_SIDE_STYLE ('',( #579 ) ) ;
#144 = LINE ( 'NONE', #1352, #641 ) ;
#145 = EDGE_CURVE ( 'NONE', #1388, #190, #762, .T. ) ;
#146 = ORIENTED_EDGE ( 'NONE', *, *, #1234, .F. ) ;
#147 = FILL_AREA_STYLE ('',( #157 ) ) ;
#148 = LINE ( 'NONE', #700, #538 ) ;
#149 =( REPRESENTATION_RELATIONSHIP ('NONE','NONE', #223, #1341 ) REPRESENTATION_RELATIONSHIP_WITH_TRANSFORMATION ( #53 )SHAPE_REPRESENTATION_RELATIONSHIP( ) );
#150 = ADVANCED_FACE ( 'NONE', ( #1326 ), #1319, .F. ) ;
#151 = CARTESIAN_POINT ( 'NONE',  ( 1.901411986229601947, -4.168403089102630688, 1.393631090203184542 ) ) ;
#152 = COLOUR_RGB ( '',0.8000000000000000444, 0.8000000000000000444, 0.8000000000000000444 ) ;
#153 = AXIS2_PLACEMENT_3D ( 'NONE', #518, #866, #92 ) ;
#154 = DIRECTION ( 'NONE',  ( 0.0000000000000000000, -1.000000000000000000, -0.0000000000000000000 ) ) ;
#155 = DIRECTION ( 'NONE',  ( 0.0000000000000000000, 0.0000000000000000000, 1.000000000000000000 ) ) ;
#156 = PRODUCT_DEFINITION_FORMATION_WITH_SPECIFIED_SOURCE ( 'ANY', '', #1257, .NOT_KNOWN. ) ;
#157 = FILL_AREA_STYLE_COLOUR ( '', #873 ) ;
#158 =( LENGTH_UNIT ( ) NAMED_UNIT ( * ) SI_UNIT ( .MILLI., .METRE. ) );
#159 = AXIS2_PLACEMENT_3D ( 'NONE', #888, #1318, #120 ) ;
#160 = VERTEX_POINT ( 'NONE', #789 ) ;
#161 = ITEM_DEFINED_TRANSFORMATION ( 'NONE', 'NONE', #716,  #219 ) ;
#162 = FACE_OUTER_BOUND ( 'NONE', #456, .T. ) ;
#163 = DIRECTION ( 'NONE',  ( 0.0000000000000000000, 1.000000000000000000, 0.0000000000000000000 ) ) ;
#164 = ORIENTED_EDGE ( 'NONE', *, *, #1271, .F. ) ;
#165 = FACE_OUTER_BOUND ( 'NONE', #68, .T. ) ;
#166 = SURFACE_STYLE_FILL_AREA ( #342 ) ;
#167 = ORIENTED_EDGE ( 'NONE', *, *, #1179, .F. ) ;
#168 = SURFACE_STYLE_FILL_AREA ( #1158 ) ;
#169 = DIRECTION ( 'NONE',  ( 1.000000000000000000, 0.0000000000000000000, 0.0000000000000000000 ) ) ;
#170 = CONTEXT_DEPENDENT_SHAPE_REPRESENTATION ( #70, #416 ) ;
#171 = VECTOR ( 'NONE', #542, 1000.000000000000000 ) ;
#172 =( GEOMETRIC_REPRESENTATION_CONTEXT ( 3 ) GLOBAL_UNCERTAINTY_ASSIGNED_CONTEXT ( ( #1286 ) ) GLOBAL_UNIT_ASSIGNED_CONTEXT ( ( #471, #722, #1237 ) ) REPRESENTATION_CONTEXT ( 'NONE', 'WORKASPACE' ) );
#173 = PRESENTATION_STYLE_ASSIGNMENT (( #399 ) ) ;
#174 = COLOUR_RGB ( '',0.8000000000000000444, 0.8000000000000000444, 0.8000000000000000444 ) ;
#175 = AXIS2_PLACEMENT_3D ( 'NONE', #431, #299, #316 ) ;
#176 = CARTESIAN_POINT ( 'NONE',  ( 0.8387307916592863233, -0.4299999999999999933, 1.000509197329638056 ) ) ;
#177 = CARTESIAN_POINT ( 'NONE',  ( -2.350000000000000089, 1.998333415953680127E-16, 1.800000000000000266 ) ) ;
#178 = AXIS2_PLACEMENT_3D ( 'NONE', #875, #415, #865 ) ;
#179 = ORIENTED_EDGE ( 'NONE', *, *, #623, .F. ) ;
#180 = CARTESIAN_POINT ( 'NONE',  ( 1.630867005823955829, -4.057364848822598624, 1.800000000000002487 ) ) ;
#181 = SURFACE_SIDE_STYLE ('',( #1078 ) ) ;
#182 = DIRECTION ( 'NONE',  ( -0.3511234415883915383, 0.0000000000000000000, -0.9363291775690445462 ) ) ;
#183 = DIRECTION ( 'NONE',  ( -0.0000000000000000000, -1.000000000000000000, -0.0000000000000000000 ) ) ;
#184 = ORIENTED_EDGE ( 'NONE', *, *, #678, .F. ) ;
#185 = DIRECTION ( 'NONE',  ( 0.0000000000000000000, 0.0000000000000000000, 1.000000000000000000 ) ) ;
#186 = CONTEXT_DEPENDENT_SHAPE_REPRESENTATION ( #856, #200 ) ;
#187 = VERTEX_POINT ( 'NONE', #1211 ) ;
#188 = CARTESIAN_POINT ( 'NONE',  ( 2.649999999999999911, 5.099999999999999645, 1.800000000000000266 ) ) ;
#189 = ADVANCED_FACE ( 'NONE', ( #894 ), #1232, .F. ) ;
#190 = VERTEX_POINT ( 'NONE', #916 ) ;
#191 = LINE ( 'NONE', #506, #255 ) ;
#192 = CARTESIAN_POINT ( 'NONE',  ( 0.4860056721158300119, 0.0000000000000000000, 0.3237853361258640206 ) ) ;
#193 = CARTESIAN_POINT ( 'NONE',  ( 3.950000000000000178, -3.390000000000000124, -0.1979031543319350051 ) ) ;
#194 = AXIS2_PLACEMENT_3D ( 'NONE', #226, #899, #1124 ) ;
#195 = ORIENTED_EDGE ( 'NONE', *, *, #1030, .T. ) ;
#196 = CARTESIAN_POINT ( 'NONE',  ( 1.300000000000000266, -0.4299999999999999933, 1.197903154331930065 ) ) ;
#197 = VERTEX_POINT ( 'NONE', #473 ) ;
#198 = AXIS2_PLACEMENT_3D ( 'NONE', #582, #1129, #1353 ) ;
#199 = PLANE ( 'NONE',  #252 ) ;
#200 = PRODUCT_DEFINITION_SHAPE ( 'NONE', 'NONE',  #1416 ) ;
#201 = CYLINDRICAL_SURFACE ( 'NONE', #541, 0.1000000000000000472 ) ;
#202 = SURFACE_STYLE_USAGE ( .BOTH. , #1197 ) ;
#203 = CARTESIAN_POINT ( 'NONE',  ( 3.950000000000000178, -4.660000000000000142, -0.1979031543319350051 ) ) ;
#204 = ORIENTED_EDGE ( 'NONE', *, *, #644, .T. ) ;
#205 = ORIENTED_EDGE ( 'NONE', *, *, #815, .T. ) ;
#206 = ADVANCED_FACE ( 'NONE', ( #162 ), #1034, .F. ) ;
#207 = DIRECTION ( 'NONE',  ( 0.0000000000000000000, 0.0000000000000000000, 1.000000000000000000 ) ) ;
#208 = SURFACE_STYLE_USAGE ( .BOTH. , #329 ) ;
#209 = CARTESIAN_POINT ( 'NONE',  ( 0.4860056721158300119, -0.4299999999999999933, 0.3237853361258640206 ) ) ;
#210 = CONTEXT_DEPENDENT_SHAPE_REPRESENTATION ( #577, #1064 ) ;
#211 =( LENGTH_UNIT ( ) NAMED_UNIT ( * ) SI_UNIT ( .MILLI., .METRE. ) );
#212 = LINE ( 'NONE', #333, #1278 ) ;
#213 = DIRECTION ( 'NONE',  ( 0.0000000000000000000, 0.0000000000000000000, 1.000000000000000000 ) ) ;
#214 = ADVANCED_FACE ( 'NONE', ( #1014 ), #1249, .F. ) ;
#215 = FILL_AREA_STYLE_COLOUR ( '', #346 ) ;
#216 = FILL_AREA_STYLE ('',( #895 ) ) ;
#217 = CIRCLE ( 'NONE', #869, 0.2999999999999999889 ) ;
#218 = CARTESIAN_POINT ( 'NONE',  ( 2.350000000000000089, 0.0000000000000000000, 1.800000000000000266 ) ) ;
#219 = AXIS2_PLACEMENT_3D ( 'NONE', #296, #946, #412 ) ;
#220 = CARTESIAN_POINT ( 'NONE',  ( 3.950000000000000178, -0.8500000000000010880, -0.1979031543319350051 ) ) ;
#221 = FILL_AREA_STYLE_COLOUR ( '', #943 ) ;
#222 = EDGE_CURVE ( 'NONE', #1091, #197, #366, .T. ) ;
#223 = SHAPE_REPRESENTATION ( 'User Library-SOP16_208mil (5.3mm)', ( #804, #117, #513, #1331, #494, #1049, #1335, #737, #669, #1245, #1079, #1109, #472, #451, #970, #332, #1148, #614, #175, #716, #829, #806, #178, #1199, #198, #994, #352, #1011, #37, #565 ), #58 ) ;
#224 = CARTESIAN_POINT ( 'NONE',  ( -2.349999999999999645, 5.100000000000000533, 1.800000000000000266 ) ) ;
#225 = DIRECTION ( 'NONE',  ( 0.3511234415883917603, 0.0000000000000000000, -0.9363291775690444352 ) ) ;
#226 = CARTESIAN_POINT ( 'NONE',  ( 0.0000000000000000000, 0.0000000000000000000, 1.800000000000000266 ) ) ;
#227 = CARTESIAN_POINT ( 'NONE',  ( -3.950000000000009948, -4.229999999999989768, -0.1979031543319350051 ) ) ;
#228 = CARTESIAN_POINT ( 'NONE',  ( 2.350000000000000533, -5.100000000000000533, 1.800000000000000488 ) ) ;
#229 = CARTESIAN_POINT ( 'NONE',  ( 1.643590865530525136, -4.054237263837520366, 1.769921177136279722 ) ) ;
#230 = FACE_BOUND ( 'NONE', #1294, .T. ) ;
#231 = CONTEXT_DEPENDENT_SHAPE_REPRESENTATION ( #437, #318 ) ;
#232 = FILL_AREA_STYLE_COLOUR ( '', #1217 ) ;
#233 = MECHANICAL_DESIGN_GEOMETRIC_PRESENTATION_REPRESENTATION (  '', ( #798 ), #1252 ) ;
#234 = STYLED_ITEM ( 'NONE', ( #283 ), #549 ) ;
#235 = CIRCLE ( 'NONE', #112, 0.2999999999999999889 ) ;
#236 = STYLED_ITEM ( 'NONE', ( #1366 ), #206 ) ;
#237 = SURFACE_STYLE_USAGE ( .BOTH. , #1045 ) ;
#238 =( REPRESENTATION_RELATIONSHIP ('NONE','NONE', #223, #1341 ) REPRESENTATION_RELATIONSHIP_WITH_TRANSFORMATION ( #915 )SHAPE_REPRESENTATION_RELATIONSHIP( ) );
#239 = COLOUR_RGB ( '',0.0000000000000000000, 0.0000000000000000000, 0.0000000000000000000 ) ;
#240 = DIRECTION ( 'NONE',  ( 1.000000000000000000, 0.0000000000000000000, 0.0000000000000000000 ) ) ;
#241 = PRESENTATION_LAYER_ASSIGNMENT (  '', '', ( #784 ) ) ;
#242 = CARTESIAN_POINT ( 'NONE',  ( 1.596943377913080164, -4.588177532927357305, 1.872686419696793170 ) ) ;
#243 = LINE ( 'NONE', #481, #713 ) ;
#244 = EDGE_CURVE ( 'NONE', #855, #260, #1253, .T. ) ;
#245 = DIRECTION ( 'NONE',  ( -0.3420201433256691015, -0.0000000000000000000, -0.9396926207859083169 ) ) ;
#246 = CARTESIAN_POINT ( 'NONE',  ( 1.498593265340816716, -4.168403089102630688, 1.393629066571840935 ) ) ;
#247 =( NAMED_UNIT ( * ) PLANE_ANGLE_UNIT ( ) SI_UNIT ( $, .RADIAN. ) );
#248 = PRODUCT_CONTEXT ( 'NONE', #996, 'mechanical' ) ;
#249 = DIRECTION ( 'NONE',  ( 8.503546450866699582E-17, -1.000000000000000000, 0.0000000000000000000 ) ) ;
#250 =( NAMED_UNIT ( * ) SI_UNIT ( $, .STERADIAN. ) SOLID_ANGLE_UNIT ( ) );
#251 = ORIENTED_EDGE ( 'NONE', *, *, #838, .F. ) ;
#252 = AXIS2_PLACEMENT_3D ( 'NONE', #1134, #1336, #1340 ) ;
#253 = VECTOR ( 'NONE', #962, 1000.000000000000000 ) ;
#254 = FILL_AREA_STYLE_COLOUR ( '', #1189 ) ;
#255 = VECTOR ( 'NONE', #1044, 999.9999999999998863 ) ;
#256 =( GEOMETRIC_REPRESENTATION_CONTEXT ( 3 ) GLOBAL_UNCERTAINTY_ASSIGNED_CONTEXT ( ( #398 ) ) GLOBAL_UNIT_ASSIGNED_CONTEXT ( ( #1380, #849, #1290 ) ) REPRESENTATION_CONTEXT ( 'NONE', 'WORKASPACE' ) );
#257 = DIRECTION ( 'NONE',  ( -0.0000000000000000000, -1.000000000000000000, 0.0000000000000000000 ) ) ;
#258 =( GEOMETRIC_REPRESENTATION_CONTEXT ( 3 ) GLOBAL_UNCERTAINTY_ASSIGNED_CONTEXT ( ( #743 ) ) GLOBAL_UNIT_ASSIGNED_CONTEXT ( ( #968, #489, #1066 ) ) REPRESENTATION_CONTEXT ( 'NONE', 'WORKASPACE' ) );
#259 = VERTEX_POINT ( 'NONE', #717 ) ;
#260 = VERTEX_POINT ( 'NONE', #1151 ) ;
#261 = DIRECTION ( 'NONE',  ( 9.035018104045870941E-16, 0.0000000000000000000, 1.000000000000000000 ) ) ;
#262 = ITEM_DEFINED_TRANSFORMATION ( 'NONE', 'NONE', #1079,  #219 ) ;
#263 = UNCERTAINTY_MEASURE_WITH_UNIT (LENGTH_MEASURE( 1.000000000000000082E-05 ), #158, 'distance_accuracy_value', 'NONE');
#264 = CARTESIAN_POINT ( 'NONE',  ( 1.300000000000000266, -0.4299999999999999933, 0.9979031543319351050 ) ) ;
#265 = CARTESIAN_POINT ( 'NONE',  ( 1.964478425600086897, -4.321713131540781738, 1.800000000000291811 ) ) ;
#266 = VERTEX_POINT ( 'NONE', #141 ) ;
#267 = EDGE_LOOP ( 'NONE', ( #469, #404, #1263, #599 ) ) ;
#268 = LINE ( 'NONE', #76, #517 ) ;
#269 = FILL_AREA_STYLE ('',( #1265 ) ) ;
#270 = CONTEXT_DEPENDENT_SHAPE_REPRESENTATION ( #1321, #765 ) ;
#271 = PRODUCT_DEFINITION_SHAPE ( 'NONE', 'NONE',  #1428 ) ;
#272 = SURFACE_STYLE_USAGE ( .BOTH. , #285 ) ;
#273 = FILL_AREA_STYLE ('',( #613 ) ) ;
#274 = ORIENTED_EDGE ( 'NONE', *, *, #462, .T. ) ;
#275 = DIRECTION ( 'NONE',  ( 0.3420201433256707113, 0.0000000000000000000, 0.9396926207859076507 ) ) ;
#276 = VECTOR ( 'NONE', #956, 1000.000000000000000 ) ;
#277 = VECTOR ( 'NONE', #684, 1000.000000000000114 ) ;
#278 = AXIS2_PLACEMENT_3D ( 'NONE', #118, #1226, #225 ) ;
#279 =( GEOMETRIC_REPRESENTATION_CONTEXT ( 3 ) GLOBAL_UNCERTAINTY_ASSIGNED_CONTEXT ( ( #325 ) ) GLOBAL_UNIT_ASSIGNED_CONTEXT ( ( #627, #1374, #77 ) ) REPRESENTATION_CONTEXT ( 'NONE', 'WORKASPACE' ) );
#280 = EDGE_LOOP ( 'NONE', ( #1163, #719, #179, #605 ) ) ;
#281 =( NAMED_UNIT ( * ) SI_UNIT ( $, .STERADIAN. ) SOLID_ANGLE_UNIT ( ) );
#282 = VERTEX_POINT ( 'NONE', #1242 ) ;
#283 = PRESENTATION_STYLE_ASSIGNMENT (( #1259 ) ) ;
#284 = ADVANCED_FACE ( 'NONE', ( #569 ), #460, .T. ) ;
#285 = SURFACE_SIDE_STYLE ('',( #166 ) ) ;
#286 = VERTEX_POINT ( 'NONE', #1155 ) ;
#287 =( NAMED_UNIT ( * ) SI_UNIT ( $, .STERADIAN. ) SOLID_ANGLE_UNIT ( ) );
#288 = ORIENTED_EDGE ( 'NONE', *, *, #745, .T. ) ;
#289 = FILL_AREA_STYLE ('',( #1075 ) ) ;
#290 = DIRECTION ( 'NONE',  ( 1.000000000000000000, 0.0000000000000000000, -0.0000000000000000000 ) ) ;
#291 = DIRECTION ( 'NONE',  ( 0.0000000000000000000, 0.0000000000000000000, 1.000000000000000000 ) ) ;
#292 = DIRECTION ( 'NONE',  ( 0.0000000000000000000, 0.0000000000000000000, 1.000000000000000000 ) ) ;
#293 = ORIENTED_EDGE ( 'NONE', *, *, #678, .T. ) ;
#294 = ORIENTED_EDGE ( 'NONE', *, *, #631, .T. ) ;
#295 = CARTESIAN_POINT ( 'NONE',  ( 0.8387307916592863233, 0.0000000000000000000, 1.000509197329638500 ) ) ;
#296 = CARTESIAN_POINT ( 'NONE',  ( 0.0000000000000000000, 0.0000000000000000000, 0.0000000000000000000 ) ) ;
#297 = CARTESIAN_POINT ( 'NONE',  ( 1.300000000000000266, -0.4299999999999999933, 1.197903154331930065 ) ) ;
#298 = PLANE ( 'NONE',  #708 ) ;
#299 = DIRECTION ( 'NONE',  ( 0.0000000000000000000, 0.0000000000000000000, 1.000000000000000000 ) ) ;
#300 = MECHANICAL_DESIGN_GEOMETRIC_PRESENTATION_REPRESENTATION (  '', ( #846 ), #343 ) ;
#301 = VECTOR ( 'NONE', #616, 1000.000000000000000 ) ;
#302 = DIRECTION ( 'NONE',  ( -0.0000000000000000000, -1.000000000000000000, -0.0000000000000000000 ) ) ;
#303 = FILL_AREA_STYLE ('',( #1313 ) ) ;
#304 = PRESENTATION_LAYER_ASSIGNMENT (  '', '', ( #846 ) ) ;
#305 = VERTEX_POINT ( 'NONE', #297 ) ;
#306 = EDGE_CURVE ( 'NONE', #1388, #102, #859, .T. ) ;
#307 = LINE ( 'NONE', #1101, #707 ) ;
#308 = CONTEXT_DEPENDENT_SHAPE_REPRESENTATION ( #744, #271 ) ;
#309 = PRODUCT_DEFINITION_CONTEXT ( 'detailed design', #1135, 'design' ) ;
#310 = FILL_AREA_STYLE ('',( #530 ) ) ;
#311 = DIRECTION ( 'NONE',  ( 0.0000000000000000000, 1.000000000000000000, 0.0000000000000000000 ) ) ;
#312 = DIRECTION ( 'NONE',  ( 0.0000000000000000000, 0.0000000000000000000, 1.000000000000000000 ) ) ;
#313 = DIRECTION ( 'NONE',  ( 0.0000000000000000000, 0.0000000000000000000, 1.000000000000000000 ) ) ;
#314 = FACE_OUTER_BOUND ( 'NONE', #972, .T. ) ;
#315 =( NAMED_UNIT ( * ) SI_UNIT ( $, .STERADIAN. ) SOLID_ANGLE_UNIT ( ) );
#316 = DIRECTION ( 'NONE',  ( -1.000000000000000000, 0.0000000000000000000, 0.0000000000000000000 ) ) ;
#317 = PRESENTATION_STYLE_ASSIGNMENT (( #208 ) ) ;
#318 = PRODUCT_DEFINITION_SHAPE ( 'NONE', 'NONE',  #1401 ) ;
#319 = SURFACE_SIDE_STYLE ('',( #528 ) ) ;
#320 = ITEM_DEFINED_TRANSFORMATION ( 'NONE', 'NONE', #565,  #219 ) ;
#321 = UNCERTAINTY_MEASURE_WITH_UNIT (LENGTH_MEASURE( 1.000000000000000082E-05 ), #1027, 'distance_accuracy_value', 'NONE');
#322 = DIRECTION ( 'NONE',  ( 0.0000000000000000000, 0.0000000000000000000, 1.000000000000000000 ) ) ;
#323 = CARTESIAN_POINT ( 'NONE',  ( 3.950000000000000178, 0.4199999999999989853, -0.1979031543319350051 ) ) ;
#324 =( REPRESENTATION_RELATIONSHIP ('NONE','NONE', #223, #1341 ) REPRESENTATION_RELATIONSHIP_WITH_TRANSFORMATION ( #834 )SHAPE_REPRESENTATION_RELATIONSHIP( ) );
#325 = UNCERTAINTY_MEASURE_WITH_UNIT (LENGTH_MEASURE( 1.000000000000000082E-05 ), #627, 'distance_accuracy_value', 'NONE');
#326 = SURFACE_STYLE_USAGE ( .BOTH. , #547 ) ;
#327 = MECHANICAL_DESIGN_GEOMETRIC_PRESENTATION_REPRESENTATION (  '', ( #234 ), #14 ) ;
#328 = PRESENTATION_LAYER_ASSIGNMENT (  '', '', ( #778 ) ) ;
#329 = SURFACE_SIDE_STYLE ('',( #438 ) ) ;
#330 =( GEOMETRIC_REPRESENTATION_CONTEXT ( 3 ) GLOBAL_UNCERTAINTY_ASSIGNED_CONTEXT ( ( #874 ) ) GLOBAL_UNIT_ASSIGNED_CONTEXT ( ( #477, #1154, #341 ) ) REPRESENTATION_CONTEXT ( 'NONE', 'WORKASPACE' ) );
#331 = PRESENTATION_LAYER_ASSIGNMENT (  '', '', ( #448 ) ) ;
#332 = AXIS2_PLACEMENT_3D ( 'NONE', #887, #656, #126 ) ;
#333 = CARTESIAN_POINT ( 'NONE',  ( -0.01046719124858885852, -0.4299999999999999933, 0.1976290612828499882 ) ) ;
#334 = DIRECTION ( 'NONE',  ( 1.000000000000000000, 0.0000000000000000000, 0.0000000000000000000 ) ) ;
#335 =( NAMED_UNIT ( * ) PLANE_ANGLE_UNIT ( ) SI_UNIT ( $, .RADIAN. ) );
#336 = CARTESIAN_POINT ( 'NONE',  ( 1.340052166169774184, -4.470978350849606819, 1.763940200483336662 ) ) ;
#337 = CARTESIAN_POINT ( 'NONE',  ( 0.7679134583516019630, -0.4299999999999999933, 0.2211792931281629793 ) ) ;
#338 = CARTESIAN_POINT ( 'NONE',  ( 0.0000000000000000000, 0.0000000000000000000, 0.0000000000000000000 ) ) ;
#339 =( LENGTH_UNIT ( ) NAMED_UNIT ( * ) SI_UNIT ( .MILLI., .METRE. ) );
#340 = CARTESIAN_POINT ( 'NONE',  ( 1.757909420679216961, -4.588177532927358193, 1.766032193250410165 ) ) ;
#341 =( NAMED_UNIT ( * ) SI_UNIT ( $, .STERADIAN. ) SOLID_ANGLE_UNIT ( ) );
#342 = FILL_AREA_STYLE ('',( #1343 ) ) ;
#343 =( GEOMETRIC_REPRESENTATION_CONTEXT ( 3 ) GLOBAL_UNCERTAINTY_ASSIGNED_CONTEXT ( ( #1068 ) ) GLOBAL_UNIT_ASSIGNED_CONTEXT ( ( #1090, #101, #287 ) ) REPRESENTATION_CONTEXT ( 'NONE', 'WORKASPACE' ) );
#344 = MECHANICAL_DESIGN_GEOMETRIC_PRESENTATION_REPRESENTATION (  '', ( #135 ), #15 ) ;
#345 = EDGE_CURVE ( 'NONE', #971, #102, #726, .T. ) ;
#346 = COLOUR_RGB ( '',0.8000000000000000444, 0.8000000000000000444, 0.8000000000000000444 ) ;
#347 = FILL_AREA_STYLE ('',( #572 ) ) ;
#348 = VERTEX_POINT ( 'NONE', #920 ) ;
#349 =( GEOMETRIC_REPRESENTATION_CONTEXT ( 3 ) GLOBAL_UNCERTAINTY_ASSIGNED_CONTEXT ( ( #497 ) ) GLOBAL_UNIT_ASSIGNED_CONTEXT ( ( #211, #129, #422 ) ) REPRESENTATION_CONTEXT ( 'NONE', 'WORKASPACE' ) );
#350 =( NAMED_UNIT ( * ) SI_UNIT ( $, .STERADIAN. ) SOLID_ANGLE_UNIT ( ) );
#351 = DIRECTION ( 'NONE',  ( 0.0000000000000000000, 0.0000000000000000000, 1.000000000000000000 ) ) ;
#352 = AXIS2_PLACEMENT_3D ( 'NONE', #465, #797, #240 ) ;
#353 = UNCERTAINTY_MEASURE_WITH_UNIT (LENGTH_MEASURE( 1.000000000000000082E-05 ), #993, 'distance_accuracy_value', 'NONE');
#354 = SURFACE_SIDE_STYLE ('',( #593 ) ) ;
#355 = EDGE_LOOP ( 'NONE', ( #1281, #1010, #1379, #83 ) ) ;
#356 = PRODUCT_RELATED_PRODUCT_CATEGORY ( 'part', '', ( #1257 ) ) ;
#357 =( REPRESENTATION_RELATIONSHIP ('NONE','NONE', #223, #1341 ) REPRESENTATION_RELATIONSHIP_WITH_TRANSFORMATION ( #47 )SHAPE_REPRESENTATION_RELATIONSHIP( ) );
#358 = CARTESIAN_POINT ( 'NONE',  ( -3.950000000000000178, -1.689999999999989955, -0.1979031543319350051 ) ) ;
#359 = EDGE_CURVE ( 'NONE', #190, #286, #1384, .T. ) ;
#360 = CARTESIAN_POINT ( 'NONE',  ( -2.649999999999999911, 5.099999999999999645, 1.800000000000000266 ) ) ;
#361 =( NAMED_UNIT ( * ) PLANE_ANGLE_UNIT ( ) SI_UNIT ( $, .RADIAN. ) );
#362 = ORIENTED_EDGE ( 'NONE', *, *, #523, .T. ) ;
#363 = CARTESIAN_POINT ( 'NONE',  ( 0.4860056721158300119, -0.4299999999999999933, 1.197903154331930065 ) ) ;
#364 = ITEM_DEFINED_TRANSFORMATION ( 'NONE', 'NONE', #1049,  #219 ) ;
#365 = UNCERTAINTY_MEASURE_WITH_UNIT (LENGTH_MEASURE( 1.000000000000000082E-05 ), #1375, 'distance_accuracy_value', 'NONE');
#366 = LINE ( 'NONE', #819, #734 ) ;
#367 = VERTEX_POINT ( 'NONE', #414 ) ;
#368 = ORIENTED_EDGE ( 'NONE', *, *, #440, .F. ) ;
#369 = PRESENTATION_LAYER_ASSIGNMENT (  '', '', ( #1021 ) ) ;
#370 = VECTOR ( 'NONE', #573, 1000.000000000000000 ) ;
#371 = LINE ( 'NONE', #363, #370 ) ;
#372 = CONTEXT_DEPENDENT_SHAPE_REPRESENTATION ( #1330, #948 ) ;
#373 = VECTOR ( 'NONE', #552, 1000.000000000000000 ) ;
#374 = SURFACE_STYLE_USAGE ( .BOTH. , #43 ) ;
#375 = B_SPLINE_CURVE_WITH_KNOTS ( 'NONE', 3,
 ( #558, #1230, #773, #780, #125, #11, #910, #435, #130, #1227 ),
 .UNSPECIFIED., .F., .F.,
 ( 4, 2, 2, 2, 4 ),
 ( 0.0008267872564662619075, 0.001033484070582813127, 0.001240180884699364347, 0.001446877698815915566, 0.001653574512932466786 ),
 .UNSPECIFIED. ) ;
#376 = PRODUCT_DEFINITION_SHAPE ( 'NONE', 'NONE',  #1417 ) ;
#377 = MECHANICAL_DESIGN_GEOMETRIC_PRESENTATION_REPRESENTATION (  '', ( #1031 ), #258 ) ;
#378 = EDGE_LOOP ( 'NONE', ( #825, #1251, #475, #49 ) ) ;
#379 = ORIENTED_EDGE ( 'NONE', *, *, #891, .F. ) ;
#380 = FACE_OUTER_BOUND ( 'NONE', #74, .T. ) ;
#381 = CONTEXT_DEPENDENT_SHAPE_REPRESENTATION ( #770, #1267 ) ;
#382 = SURFACE_SIDE_STYLE ('',( #864 ) ) ;
#383 = FACE_OUTER_BOUND ( 'NONE', #503, .T. ) ;
#384 = EDGE_LOOP ( 'NONE', ( #1171, #1262, #867, #1036 ) ) ;
#385 = ORIENTED_EDGE ( 'NONE', *, *, #359, .F. ) ;
#386 = DIRECTION ( 'NONE',  ( 0.0000000000000000000, 1.000000000000000000, 0.0000000000000000000 ) ) ;
#387 = PRODUCT_DEFINITION_SHAPE ( 'NONE', 'NONE',  #1414 ) ;
#388 = SURFACE_STYLE_USAGE ( .BOTH. , #181 ) ;
#389 = ORIENTED_EDGE ( 'NONE', *, *, #127, .T. ) ;
#390 = FILL_AREA_STYLE ('',( #629 ) ) ;
#391 = ORIENTED_EDGE ( 'NONE', *, *, #1130, .T. ) ;
#392 = EDGE_CURVE ( 'NONE', #738, #259, #191, .T. ) ;
#393 = MECHANICAL_DESIGN_GEOMETRIC_PRESENTATION_REPRESENTATION (  '', ( #1021 ), #902 ) ;
#394 = FILL_AREA_STYLE_COLOUR ( '', #1236 ) ;
#395 =( NAMED_UNIT ( * ) PLANE_ANGLE_UNIT ( ) SI_UNIT ( $, .RADIAN. ) );
#396 = ITEM_DEFINED_TRANSFORMATION ( 'NONE', 'NONE', #737,  #219 ) ;
#397 = VECTOR ( 'NONE', #432, 1000.000000000000000 ) ;
#398 = UNCERTAINTY_MEASURE_WITH_UNIT (LENGTH_MEASURE( 1.000000000000000082E-05 ), #1380, 'distance_accuracy_value', 'NONE');
#399 = SURFACE_STYLE_USAGE ( .BOTH. , #382 ) ;
#400 = VECTOR ( 'NONE', #886, 1000.000000000000000 ) ;
#401 = LINE ( 'NONE', #1376, #667 ) ;
#402 = FACE_OUTER_BOUND ( 'NONE', #267, .T. ) ;
#403 = VECTOR ( 'NONE', #696, 1000.000000000000000 ) ;
#404 = ORIENTED_EDGE ( 'NONE', *, *, #1323, .T. ) ;
#405 = PRODUCT_DEFINITION_SHAPE ( 'NONE', 'NONE',  #1402 ) ;
#406 = CARTESIAN_POINT ( 'NONE',  ( 1.768852127740563107, -4.057291581235086042, 1.800000000000002709 ) ) ;
#407 = ITEM_DEFINED_TRANSFORMATION ( 'NONE', 'NONE', #1199,  #219 ) ;
#408 = DIRECTION ( 'NONE',  ( 0.0000000000000000000, 0.0000000000000000000, 1.000000000000000000 ) ) ;
#409 = ADVANCED_FACE ( 'NONE', ( #903 ), #1274, .F. ) ;
#410 = ORIENTED_EDGE ( 'NONE', *, *, #1358, .T. ) ;
#411 = ORIENTED_EDGE ( 'NONE', *, *, #75, .F. ) ;
#412 = DIRECTION ( 'NONE',  ( 1.000000000000000000, 0.0000000000000000000, 0.0000000000000000000 ) ) ;
#413 = UNCERTAINTY_MEASURE_WITH_UNIT (LENGTH_MEASURE( 1.000000000000000082E-05 ), #544, 'distance_accuracy_value', 'NONE');
#414 = CARTESIAN_POINT ( 'NONE',  ( 1.435521557876785037, -4.321806619868319821, 1.800000000000000266 ) ) ;
#415 = DIRECTION ( 'NONE',  ( 0.0000000000000000000, 0.0000000000000000000, 1.000000000000000000 ) ) ;
#416 = PRODUCT_DEFINITION_SHAPE ( 'NONE', 'NONE',  #1412 ) ;
#417 = ADVANCED_FACE ( 'NONE', ( #750 ), #612, .T. ) ;
#418 = CARTESIAN_POINT ( 'NONE',  ( -0.01046719124858890015, 2.168404344971008868E-16, 0.1976290612828499882 ) ) ;
#419 = SURFACE_STYLE_USAGE ( .BOTH. , #1280 ) ;
#420 = ORIENTED_EDGE ( 'NONE', *, *, #883, .F. ) ;
#421 = CONTEXT_DEPENDENT_SHAPE_REPRESENTATION ( #959, #692 ) ;
#422 =( NAMED_UNIT ( * ) SI_UNIT ( $, .STERADIAN. ) SOLID_ANGLE_UNIT ( ) );
#423 = CARTESIAN_POINT ( 'NONE',  ( 0.4860056721158300119, -0.4299999999999999933, 0.3237853361258640206 ) ) ;
#424 = CARTESIAN_POINT ( 'NONE',  ( -3.949999999999989964, 3.390000000000009894, -0.1979031543319350051 ) ) ;
#425 =( GEOMETRIC_REPRESENTATION_CONTEXT ( 3 ) GLOBAL_UNCERTAINTY_ASSIGNED_CONTEXT ( ( #1102 ) ) GLOBAL_UNIT_ASSIGNED_CONTEXT ( ( #1062, #73, #281 ) ) REPRESENTATION_CONTEXT ( 'NONE', 'WORKASPACE' ) );
#426 = PRESENTATION_LAYER_ASSIGNMENT (  '', '', ( #1073 ) ) ;
#427 = VERTEX_POINT ( 'NONE', #1315 ) ;
#428 = LINE ( 'NONE', #944, #868 ) ;
#429 = PRODUCT_DEFINITION_SHAPE ( 'NONE', 'NONE',  #1425 ) ;
#430 = UNCERTAINTY_MEASURE_WITH_UNIT (LENGTH_MEASURE( 1.000000000000000082E-05 ), #1054, 'distance_accuracy_value', 'NONE');
#431 = CARTESIAN_POINT ( 'NONE',  ( 3.950000000000000178, 4.230000000000000426, -0.1979031543319350051 ) ) ;
#432 = DIRECTION ( 'NONE',  ( -0.0000000000000000000, 1.000000000000000000, 0.0000000000000000000 ) ) ;
#433 = ADVANCED_FACE ( 'NONE', ( #1337 ), #201, .F. ) ;
#434 = DIRECTION ( 'NONE',  ( 0.0000000000000000000, 1.000000000000000000, 0.0000000000000000000 ) ) ;
#435 = CARTESIAN_POINT ( 'NONE',  ( 1.464258812346824978, -4.460172341953666297, 1.800000000000000711 ) ) ;
#436 = CARTESIAN_POINT ( 'NONE',  ( 3.950000000000000178, -2.120000000000000551, -0.1979031543319350051 ) ) ;
#437 =( REPRESENTATION_RELATIONSHIP ('NONE','NONE', #223, #1341 ) REPRESENTATION_RELATIONSHIP_WITH_TRANSFORMATION ( #559 )SHAPE_REPRESENTATION_RELATIONSHIP( ) );
#438 = SURFACE_STYLE_FILL_AREA ( #8 ) ;
#439 =( NAMED_UNIT ( * ) PLANE_ANGLE_UNIT ( ) SI_UNIT ( $, .RADIAN. ) );
#440 = EDGE_CURVE ( 'NONE', #266, #738, #648, .T. ) ;
#441 = FILL_AREA_STYLE ('',( #10 ) ) ;
#442 = PLANE ( 'NONE',  #194 ) ;
#443 = CARTESIAN_POINT ( 'NONE',  ( 3.950000000000000178, 0.4200000000000000400, -0.1979031543319350051 ) ) ;
#444 = SURFACE_STYLE_FILL_AREA ( #1116 ) ;
#445 =( GEOMETRIC_REPRESENTATION_CONTEXT ( 3 ) GLOBAL_UNCERTAINTY_ASSIGNED_CONTEXT ( ( #1182 ) ) GLOBAL_UNIT_ASSIGNED_CONTEXT ( ( #728, #31, #1377 ) ) REPRESENTATION_CONTEXT ( 'NONE', 'WORKASPACE' ) );
#446 = AXIS2_PLACEMENT_3D ( 'NONE', #1008, #775, #1004 ) ;
#447 = AXIS2_PLACEMENT_3D ( 'NONE', #209, #1218, #660 ) ;
#448 = STYLED_ITEM ( 'NONE', ( #990 ), #417 ) ;
#449 = PRESENTATION_LAYER_ASSIGNMENT (  '', '', ( #1394 ) ) ;
#450 = ADVANCED_BREP_SHAPE_REPRESENTATION ( '', ( #928, #219 ), #1372 ) ;
#451 = AXIS2_PLACEMENT_3D ( 'NONE', #781, #1299, #1205 ) ;
#452 = SURFACE_STYLE_FILL_AREA ( #310 ) ;
#453 = DIRECTION ( 'NONE',  ( -0.0000000000000000000, 0.0000000000000000000, 1.000000000000000000 ) ) ;
#454 = SHAPE_REPRESENTATION ( 'SOP16 Body', ( #219 ), #1258 ) ;
#455 = DIRECTION ( 'NONE',  ( 0.3511234415883917603, 0.0000000000000000000, 0.9363291775690444352 ) ) ;
#456 = EDGE_LOOP ( 'NONE', ( #642, #379, #362, #411 ) ) ;
#457 = LINE ( 'NONE', #23, #730 ) ;
#458 = CARTESIAN_POINT ( 'NONE',  ( 0.8387307916592871004, -0.4299999999999999933, 1.000509197329640054 ) ) ;
#459 = CONTEXT_DEPENDENT_SHAPE_REPRESENTATION ( #1178, #405 ) ;
#460 = CYLINDRICAL_SURFACE ( 'NONE', #904, 0.2999999999999999889 ) ;
#461 = PLANE ( 'NONE',  #1277 ) ;
#462 = EDGE_CURVE ( 'NONE', #61, #507, #97, .T. ) ;
#463 =( NAMED_UNIT ( * ) PLANE_ANGLE_UNIT ( ) SI_UNIT ( $, .RADIAN. ) );
#464 = DIRECTION ( 'NONE',  ( 1.000000000000000000, 0.0000000000000000000, -0.0000000000000000000 ) ) ;
#465 = CARTESIAN_POINT ( 'NONE',  ( -3.950000000000009948, -2.959999999999990195, -0.1979031543319350051 ) ) ;
#466 = SURFACE_STYLE_USAGE ( .BOTH. , #29 ) ;
#467 =( NAMED_UNIT ( * ) PLANE_ANGLE_UNIT ( ) SI_UNIT ( $, .RADIAN. ) );
#468 = STYLED_ITEM ( 'NONE', ( #1156 ), #1111 ) ;
#469 = ORIENTED_EDGE ( 'NONE', *, *, #1234, .T. ) ;
#470 = PRESENTATION_STYLE_ASSIGNMENT (( #419 ) ) ;
#471 =( LENGTH_UNIT ( ) NAMED_UNIT ( * ) SI_UNIT ( .MILLI., .METRE. ) );
#472 = AXIS2_PLACEMENT_3D ( 'NONE', #999, #292, #119 ) ;
#473 = CARTESIAN_POINT ( 'NONE',  ( 2.349999999999999645, 5.100000000000000533, 1.800000000000000044 ) ) ;
#474 = CARTESIAN_POINT ( 'NONE',  ( 1.120638577895060051, -0.4299999999999999933, 1.197903154331934950 ) ) ;
#475 = ORIENTED_EDGE ( 'NONE', *, *, #345, .T. ) ;
#476 = EDGE_CURVE ( 'NONE', #953, #976, #1095, .T. ) ;
#477 =( LENGTH_UNIT ( ) NAMED_UNIT ( * ) SI_UNIT ( .MILLI., .METRE. ) );
#478 = FILL_AREA_STYLE ('',( #940 ) ) ;
#479 = CARTESIAN_POINT ( 'NONE',  ( 1.300000000000000266, -0.4299999999999999933, 1.197903154331930065 ) ) ;
#480 = ORIENTED_EDGE ( 'NONE', *, *, #682, .T. ) ;
#481 = CARTESIAN_POINT ( 'NONE',  ( -2.649999999999999911, 0.0000000000000000000, 0.0000000000000000000 ) ) ;
#482 = UNCERTAINTY_MEASURE_WITH_UNIT (LENGTH_MEASURE( 1.000000000000000082E-05 ), #124, 'distance_accuracy_value', 'NONE');
#483 = LINE ( 'NONE', #697, #664 ) ;
#484 = ORIENTED_EDGE ( 'NONE', *, *, #345, .F. ) ;
#485 = MECHANICAL_DESIGN_GEOMETRIC_PRESENTATION_REPRESENTATION (  '', ( #1394 ), #1275 ) ;
#486 =( GEOMETRIC_REPRESENTATION_CONTEXT ( 3 ) GLOBAL_UNCERTAINTY_ASSIGNED_CONTEXT ( ( #365 ) ) GLOBAL_UNIT_ASSIGNED_CONTEXT ( ( #1375, #467, #860 ) ) REPRESENTATION_CONTEXT ( 'NONE', 'WORKASPACE' ) );
#487 = PRESENTATION_LAYER_ASSIGNMENT (  '', '', ( #823 ) ) ;
#488 = DIRECTION ( 'NONE',  ( -0.0000000000000000000, -1.000000000000000000, -0.0000000000000000000 ) ) ;
#489 =( NAMED_UNIT ( * ) PLANE_ANGLE_UNIT ( ) SI_UNIT ( $, .RADIAN. ) );
#490 = CONTEXT_DEPENDENT_SHAPE_REPRESENTATION ( #587, #1053 ) ;
#491 = MECHANICAL_DESIGN_GEOMETRIC_PRESENTATION_REPRESENTATION (  '', ( #1369 ), #1305 ) ;
#492 = DIRECTION ( 'NONE',  ( -1.000000000000000000, -0.0000000000000000000, 0.0000000000000000000 ) ) ;
#493 = SURFACE_STYLE_USAGE ( .BOTH. , #598 ) ;
#494 = AXIS2_PLACEMENT_3D ( 'NONE', #674, #979, #879 ) ;
#495 = PRESENTATION_STYLE_ASSIGNMENT (( #237 ) ) ;
#496 = DIRECTION ( 'NONE',  ( -0.0000000000000000000, -1.000000000000000000, 0.0000000000000000000 ) ) ;
#497 = UNCERTAINTY_MEASURE_WITH_UNIT (LENGTH_MEASURE( 1.000000000000000082E-05 ), #211, 'distance_accuracy_value', 'NONE');
#498 = CARTESIAN_POINT ( 'NONE',  ( 1.120638577895060051, -0.4299999999999999933, 0.9979031543319351050 ) ) ;
#499 =( REPRESENTATION_RELATIONSHIP ('NONE','NONE', #223, #1341 ) REPRESENTATION_RELATIONSHIP_WITH_TRANSFORMATION ( #742 )SHAPE_REPRESENTATION_RELATIONSHIP( ) );
#500 = ORIENTED_EDGE ( 'NONE', *, *, #631, .F. ) ;
#501 = LINE ( 'NONE', #196, #608 ) ;
#502 = ADVANCED_FACE ( 'NONE', ( #314 ), #772, .F. ) ;
#503 = EDGE_LOOP ( 'NONE', ( #1397, #1133, #729, #578 ) ) ;
#504 = CARTESIAN_POINT ( 'NONE',  ( 1.120638577895060051, 0.0000000000000000000, 0.9979031543319351050 ) ) ;
#505 = CONTEXT_DEPENDENT_SHAPE_REPRESENTATION ( #1392, #521 ) ;
#506 = CARTESIAN_POINT ( 'NONE',  ( 0.4912392677401239971, -0.4299999999999999933, 0.2239223826504060100 ) ) ;
#507 = VERTEX_POINT ( 'NONE', #1037 ) ;
#508 = PLANE ( 'NONE',  #634 ) ;
#509 = ORIENTED_EDGE ( 'NONE', *, *, #462, .F. ) ;
#510 = PRESENTATION_LAYER_ASSIGNMENT (  '', '', ( #234 ) ) ;
#511 = CARTESIAN_POINT ( 'NONE',  ( 1.964478425600086897, -4.321713131540781738, 1.800000000000291811 ) ) ;
#512 = MECHANICAL_DESIGN_GEOMETRIC_PRESENTATION_REPRESENTATION (  '', ( #236 ), #782 ) ;
#513 = AXIS2_PLACEMENT_3D ( 'NONE', #522, #1097, #663 ) ;
#514 = PRESENTATION_STYLE_ASSIGNMENT (( #272 ) ) ;
#515 = VECTOR ( 'NONE', #163, 1000.000000000000000 ) ;
#516 = PRESENTATION_LAYER_ASSIGNMENT (  '', '', ( #138 ) ) ;
#517 = VECTOR ( 'NONE', #275, 1000.000000000000114 ) ;
#518 = CARTESIAN_POINT ( 'NONE',  ( 0.4860056721158300119, 0.0000000000000000000, 0.3237853361258640206 ) ) ;
#519 = DIRECTION ( 'NONE',  ( 1.000000000000000000, 0.0000000000000000000, 0.0000000000000000000 ) ) ;
#520 = ORIENTED_EDGE ( 'NONE', *, *, #392, .T. ) ;
#521 = PRODUCT_DEFINITION_SHAPE ( 'NONE', 'NONE',  #1415 ) ;
#522 = CARTESIAN_POINT ( 'NONE',  ( 3.950000000000000178, -0.8500000000000010880, -0.1979031543319350051 ) ) ;
#523 = EDGE_CURVE ( 'NONE', #286, #100, #243, .T. ) ;
#524 = DIRECTION ( 'NONE',  ( 0.0000000000000000000, 0.0000000000000000000, 1.000000000000000000 ) ) ;
#525 = CARTESIAN_POINT ( 'NONE',  ( 0.5017064589887130222, -0.4299999999999999933, 0.02419647569949182411 ) ) ;
#526 = CARTESIAN_POINT ( 'NONE',  ( 1.300000000000000266, 0.0000000000000000000, 0.9979031543319351050 ) ) ;
#527 = ORIENTED_EDGE ( 'NONE', *, *, #1389, .T. ) ;
#528 = SURFACE_STYLE_FILL_AREA ( #123 ) ;
#529 = UNCERTAINTY_MEASURE_WITH_UNIT (LENGTH_MEASURE( 1.000000000000000082E-05 ), #28, 'distance_accuracy_value', 'NONE');
#530 = FILL_AREA_STYLE_COLOUR ( '', #591 ) ;
#531 = DIRECTION ( 'NONE',  ( 0.0000000000000000000, 0.0000000000000000000, 1.000000000000000000 ) ) ;
#532 = DIRECTION ( 'NONE',  ( -1.000000000000000000, 0.0000000000000000000, 0.0000000000000000000 ) ) ;
#533 = PRODUCT_DEFINITION_SHAPE ( 'NONE', 'NONE',  #1405 ) ;
#534 = LINE ( 'NONE', #844, #1025 ) ;
#535 = VERTEX_POINT ( 'NONE', #45 ) ;
#536 = DIRECTION ( 'NONE',  ( -0.0000000000000000000, -1.000000000000000000, -0.0000000000000000000 ) ) ;
#537 = CARTESIAN_POINT ( 'NONE',  ( 3.950000000000000178, 0.4199999999999989853, -0.1979031543319350051 ) ) ;
#538 = VECTOR ( 'NONE', #718, 1000.000000000000000 ) ;
#539 = CARTESIAN_POINT ( 'NONE',  ( 2.649999999999999911, 5.099999999999999645, 1.800000000000000266 ) ) ;
#540 = DIRECTION ( 'NONE',  ( -1.000000000000000000, 0.0000000000000000000, 0.0000000000000000000 ) ) ;
#541 = AXIS2_PLACEMENT_3D ( 'NONE', #20, #434, #876 ) ;
#542 = DIRECTION ( 'NONE',  ( -0.0000000000000000000, -1.000000000000000000, 0.0000000000000000000 ) ) ;
#543 = SURFACE_SIDE_STYLE ('',( #1196 ) ) ;
#544 =( LENGTH_UNIT ( ) NAMED_UNIT ( * ) SI_UNIT ( .MILLI., .METRE. ) );
#545 = DIRECTION ( 'NONE',  ( 0.0000000000000000000, 0.0000000000000000000, 1.000000000000000000 ) ) ;
#546 =( BOUNDED_SURFACE ( )  B_SPLINE_SURFACE ( 3, 3, ( 
 ( #242, #137, #340, #557 ),
 ( #336, #702, #1140, #698 ),
 ( #17, #246, #151, #791 ),
 ( #1229, #229, #794, #1126 ) ),
 .UNSPECIFIED., .F., .F., .T. ) 
 B_SPLINE_SURFACE_WITH_KNOTS ( ( 4, 4 ),
 ( 4, 4 ),
 ( 0.0000000000000000000, 1.000000000000000000 ),
 ( 0.0000000000000000000, 1.000000000000000000 ),
 .UNSPECIFIED. ) 
 GEOMETRIC_REPRESENTATION_ITEM ( )  RATIONAL_B_SPLINE_SURFACE ( (
 ( 1.000000000000000000, 0.5932148494094363622, 0.5932148494094363622, 1.000000000000000000),
 ( 0.5882175848382664718, 0.3489394060098146011, 0.3489394060098146011, 0.5882175848382664718),
 ( 0.5882175848382664718, 0.3489394060098146011, 0.3489394060098146011, 0.5882175848382664718),
 ( 1.000000000000000000, 0.5932148494094363622, 0.5932148494094363622, 1.000000000000000000) ) ) 
 REPRESENTATION_ITEM ( '' )  SURFACE ( )  );
#547 = SURFACE_SIDE_STYLE ('',( #444 ) ) ;
#548 = PRESENTATION_STYLE_ASSIGNMENT (( #995 ) ) ;
#549 = ADVANCED_FACE ( 'NONE', ( #1018 ), #812, .F. ) ;
#550 =( REPRESENTATION_RELATIONSHIP ('NONE','NONE', #223, #1341 ) REPRESENTATION_RELATIONSHIP_WITH_TRANSFORMATION ( #885 )SHAPE_REPRESENTATION_RELATIONSHIP( ) );
#551 = CARTESIAN_POINT ( 'NONE',  ( -2.350000000000000533, -5.100000000000000533, 1.800000000000000488 ) ) ;
#552 = DIRECTION ( 'NONE',  ( -0.3420201433256666035, 0.0000000000000000000, -0.9396926207859092051 ) ) ;
#553 = SURFACE_STYLE_USAGE ( .BOTH. , #1105 ) ;
#554 = CARTESIAN_POINT ( 'NONE',  ( 3.950000000000000178, 0.4200000000000000400, -0.1979031543319350051 ) ) ;
#555 = FACE_OUTER_BOUND ( 'NONE', #989, .T. ) ;
#556 = VERTEX_POINT ( 'NONE', #1153 ) ;
#557 = CARTESIAN_POINT ( 'NONE',  ( 1.803057060403012724, -4.588177532927357305, 1.872687455145462199 ) ) ;
#558 = CARTESIAN_POINT ( 'NONE',  ( 1.964478425600086897, -4.321713131540781738, 1.800000000000291811 ) ) ;
#559 = ITEM_DEFINED_TRANSFORMATION ( 'NONE', 'NONE', #513,  #219 ) ;
#560 = VECTOR ( 'NONE', #51, 1000.000000000000000 ) ;
#561 = PRESENTATION_LAYER_ASSIGNMENT (  '', '', ( #1160 ) ) ;
#562 = DIRECTION ( 'NONE',  ( 0.0000000000000000000, -1.000000000000000000, 0.0000000000000000000 ) ) ;
#563 = MECHANICAL_DESIGN_GEOMETRIC_PRESENTATION_REPRESENTATION (  '', ( #802 ), #1216 ) ;
#564 = MECHANICAL_DESIGN_GEOMETRIC_PRESENTATION_REPRESENTATION (  '', ( #36 ), #349 ) ;
#565 = AXIS2_PLACEMENT_3D ( 'NONE', #567, #155, #788 ) ;
#566 = LINE ( 'NONE', #767, #800 ) ;
#567 = CARTESIAN_POINT ( 'NONE',  ( -3.950000000000000178, -0.4199999999999909917, -0.1979031543319350051 ) ) ;
#568 = EDGE_CURVE ( 'NONE', #855, #1282, #1042, .T. ) ;
#569 = FACE_OUTER_BOUND ( 'NONE', #963, .T. ) ;
#570 =( NAMED_UNIT ( * ) SI_UNIT ( $, .STERADIAN. ) SOLID_ANGLE_UNIT ( ) );
#571 = ORIENTED_EDGE ( 'NONE', *, *, #523, .F. ) ;
#572 = FILL_AREA_STYLE_COLOUR ( '', #1071 ) ;
#573 = DIRECTION ( 'NONE',  ( -1.000000000000000000, -0.0000000000000000000, -0.0000000000000000000 ) ) ;
#574 = PRODUCT_RELATED_PRODUCT_CATEGORY ( 'part', '', ( #89 ) ) ;
#575 = SURFACE_STYLE_USAGE ( .BOTH. , #354 ) ;
#576 = SURFACE_STYLE_FILL_AREA ( #931 ) ;
#577 =( REPRESENTATION_RELATIONSHIP ('NONE','NONE', #223, #1341 ) REPRESENTATION_RELATIONSHIP_WITH_TRANSFORMATION ( #653 )SHAPE_REPRESENTATION_RELATIONSHIP( ) );
#578 = ORIENTED_EDGE ( 'NONE', *, *, #99, .F. ) ;
#579 = SURFACE_STYLE_FILL_AREA ( #1083 ) ;
#580 = DIRECTION ( 'NONE',  ( 0.0000000000000000000, -1.000000000000000000, 0.0000000000000000000 ) ) ;
#581 =( LENGTH_UNIT ( ) NAMED_UNIT ( * ) SI_UNIT ( .MILLI., .METRE. ) );
#582 = CARTESIAN_POINT ( 'NONE',  ( -3.949999999999989964, 4.660000000000009912, -0.1979031543319350051 ) ) ;
#583 =( NAMED_UNIT ( * ) PLANE_ANGLE_UNIT ( ) SI_UNIT ( $, .RADIAN. ) );
#584 = DIRECTION ( 'NONE',  ( -0.05233595624294398729, 0.0000000000000000000, 0.9986295347545739443 ) ) ;
#585 = MECHANICAL_DESIGN_GEOMETRIC_PRESENTATION_REPRESENTATION (  '', ( #468 ), #486 ) ;
#586 = PRESENTATION_LAYER_ASSIGNMENT (  '', '', ( #802 ) ) ;
#587 =( REPRESENTATION_RELATIONSHIP ('NONE','NONE', #223, #1341 ) REPRESENTATION_RELATIONSHIP_WITH_TRANSFORMATION ( #1150 )SHAPE_REPRESENTATION_RELATIONSHIP( ) );
#588 = ORIENTED_EDGE ( 'NONE', *, *, #891, .T. ) ;
#589 =( GEOMETRIC_REPRESENTATION_CONTEXT ( 3 ) GLOBAL_UNCERTAINTY_ASSIGNED_CONTEXT ( ( #109 ) ) GLOBAL_UNIT_ASSIGNED_CONTEXT ( ( #705, #809, #816 ) ) REPRESENTATION_CONTEXT ( 'NONE', 'WORKASPACE' ) );
#590 =( NAMED_UNIT ( * ) PLANE_ANGLE_UNIT ( ) SI_UNIT ( $, .RADIAN. ) );
#591 = COLOUR_RGB ( '',0.8000000000000000444, 0.8000000000000000444, 0.8000000000000000444 ) ;
#592 = CONTEXT_DEPENDENT_SHAPE_REPRESENTATION ( #965, #1295 ) ;
#593 = SURFACE_STYLE_FILL_AREA ( #147 ) ;
#594 = CYLINDRICAL_SURFACE ( 'NONE', #985, 0.2999999999999999334 ) ;
#595 = LINE ( 'NONE', #458, #403 ) ;
#596 = CONTEXT_DEPENDENT_SHAPE_REPRESENTATION ( #1350, #1168 ) ;
#597 = SURFACE_STYLE_FILL_AREA ( #478 ) ;
#598 = SURFACE_SIDE_STYLE ('',( #576 ) ) ;
#599 = ORIENTED_EDGE ( 'NONE', *, *, #476, .T. ) ;
#600 = ORIENTED_EDGE ( 'NONE', *, *, #736, .F. ) ;
#601 = PRODUCT_DEFINITION_SHAPE ( 'NONE', 'NONE',  #1419 ) ;
#602 = ITEM_DEFINED_TRANSFORMATION ( 'NONE', 'NONE', #1245,  #219 ) ;
#603 = UNCERTAINTY_MEASURE_WITH_UNIT (LENGTH_MEASURE( 1.000000000000000082E-05 ), #748, 'distance_accuracy_value', 'NONE');
#604 = DIRECTION ( 'NONE',  ( 0.0000000000000000000, 1.000000000000000000, 0.0000000000000000000 ) ) ;
#605 = ORIENTED_EDGE ( 'NONE', *, *, #1, .F. ) ;
#606 = STYLED_ITEM ( 'NONE', ( #967 ), #666 ) ;
#607 = PRESENTATION_LAYER_ASSIGNMENT (  '', '', ( #135 ) ) ;
#608 = VECTOR ( 'NONE', #183, 1000.000000000000000 ) ;
#609 = SURFACE_SIDE_STYLE ('',( #168 ) ) ;
#610 = CONTEXT_DEPENDENT_SHAPE_REPRESENTATION ( #357, #601 ) ;
#611 = EDGE_CURVE ( 'NONE', #535, #61, #1328, .T. ) ;
#612 = PLANE ( 'NONE',  #278 ) ;
#613 = FILL_AREA_STYLE_COLOUR ( '', #898 ) ;
#614 = AXIS2_PLACEMENT_3D ( 'NONE', #975, #98, #1317 ) ;
#615 = PRODUCT_DEFINITION_SHAPE ( 'NONE', 'NONE',  #779 ) ;
#616 = DIRECTION ( 'NONE',  ( 0.0000000000000000000, -0.0000000000000000000, -1.000000000000000000 ) ) ;
#617 = APPLICATION_CONTEXT ( 'automotive_design' ) ;
#618 = ORIENTED_EDGE ( 'NONE', *, *, #926, .T. ) ;
#619 = ITEM_DEFINED_TRANSFORMATION ( 'NONE', 'NONE', #1148,  #219 ) ;
#620 = CARTESIAN_POINT ( 'NONE',  ( 0.0000000000000000000, 5.099999999999999645, 0.0000000000000000000 ) ) ;
#621 = ORIENTED_EDGE ( 'NONE', *, *, #1055, .T. ) ;
#622 = LINE ( 'NONE', #712, #1329 ) ;
#623 = EDGE_CURVE ( 'NONE', #282, #723, #1174, .T. ) ;
#624 = EDGE_LOOP ( 'NONE', ( #1161, #711, #44, #1147 ) ) ;
#625 = CARTESIAN_POINT ( 'NONE',  ( -1.024379728840044372E-16, -0.4299999999999999933, -0.002096845668065239372 ) ) ;
#626 = ITEM_DEFINED_TRANSFORMATION ( 'NONE', 'NONE', #332,  #219 ) ;
#627 =( LENGTH_UNIT ( ) NAMED_UNIT ( * ) SI_UNIT ( .MILLI., .METRE. ) );
#628 = ORIENTED_EDGE ( 'NONE', *, *, #392, .F. ) ;
#629 = FILL_AREA_STYLE_COLOUR ( '', #1367 ) ;
#630 = EDGE_LOOP ( 'NONE', ( #1293, #1082, #420, #652 ) ) ;
#631 = EDGE_CURVE ( 'NONE', #1201, #1176, #268, .T. ) ;
#632 = COLOUR_RGB ( '',0.0000000000000000000, 0.0000000000000000000, 0.0000000000000000000 ) ;
#633 = CARTESIAN_POINT ( 'NONE',  ( -2.649999999999999911, -5.099999999999999645, 1.800000000000000266 ) ) ;
#634 = AXIS2_PLACEMENT_3D ( 'NONE', #177, #1320, #455 ) ;
#635 = AXIS2_PLACEMENT_3D ( 'NONE', #1288, #302, #1081 ) ;
#636 =( NAMED_UNIT ( * ) SI_UNIT ( $, .STERADIAN. ) SOLID_ANGLE_UNIT ( ) );
#637 = FILL_AREA_STYLE ('',( #65 ) ) ;
#638 = COLOUR_RGB ( '',0.8000000000000000444, 0.8000000000000000444, 0.8000000000000000444 ) ;
#639 = CARTESIAN_POINT ( 'NONE',  ( 3.950000000000000178, 1.689999999999999947, -0.1979031543319350051 ) ) ;
#640 = CARTESIAN_POINT ( 'NONE',  ( -2.650000000000000355, -5.099999999999999645, 0.0000000000000000000 ) ) ;
#641 = VECTOR ( 'NONE', #464, 1000.000000000000000 ) ;
#642 = ORIENTED_EDGE ( 'NONE', *, *, #476, .F. ) ;
#643 = PRODUCT_DEFINITION_SHAPE ( 'NONE', 'NONE',  #1403 ) ;
#644 = EDGE_CURVE ( 'NONE', #1176, #187, #688, .T. ) ;
#645 = FILL_AREA_STYLE_COLOUR ( '', #799 ) ;
#646 = ITEM_DEFINED_TRANSFORMATION ( 'NONE', 'NONE', #37,  #219 ) ;
#647 = ADVANCED_BREP_SHAPE_REPRESENTATION ( '', ( #1382, #219 ), #1258 ) ;
#648 = LINE ( 'NONE', #1086, #826 ) ;
#649 = DIRECTION ( 'NONE',  ( -1.000000000000000000, 0.0000000000000000000, 0.0000000000000000000 ) ) ;
#650 = CARTESIAN_POINT ( 'NONE',  ( -2.650000000000000799, -5.099999999999999645, 1.800000000000000266 ) ) ;
#651 = DIRECTION ( 'NONE',  ( -1.000000000000000000, -0.0000000000000000000, -0.0000000000000000000 ) ) ;
#652 = ORIENTED_EDGE ( 'NONE', *, *, #901, .F. ) ;
#653 = ITEM_DEFINED_TRANSFORMATION ( 'NONE', 'NONE', #178,  #219 ) ;
#654 =( LENGTH_UNIT ( ) NAMED_UNIT ( * ) SI_UNIT ( .MILLI., .METRE. ) );
#655 = DIRECTION ( 'NONE',  ( 0.05233595624294364035, 0.0000000000000000000, -0.9986295347545739443 ) ) ;
#656 = DIRECTION ( 'NONE',  ( 0.0000000000000000000, 0.0000000000000000000, 1.000000000000000000 ) ) ;
#657 = EDGE_CURVE ( 'NONE', #367, #1072, #132, .T. ) ;
#658 = PRODUCT_DEFINITION_SHAPE ( 'NONE', 'NONE',  #1426 ) ;
#659 =( REPRESENTATION_RELATIONSHIP ('NONE','NONE', #223, #1341 ) REPRESENTATION_RELATIONSHIP_WITH_TRANSFORMATION ( #858 )SHAPE_REPRESENTATION_RELATIONSHIP( ) );
#660 = DIRECTION ( 'NONE',  ( 0.0000000000000000000, -0.0000000000000000000, -1.000000000000000000 ) ) ;
#661 = PRESENTATION_LAYER_ASSIGNMENT (  '', '', ( #606 ) ) ;
#662 = FACE_OUTER_BOUND ( 'NONE', #355, .T. ) ;
#663 = DIRECTION ( 'NONE',  ( -1.000000000000000000, 0.0000000000000000000, 0.0000000000000000000 ) ) ;
#664 = VECTOR ( 'NONE', #245, 1000.000000000000000 ) ;
#665 = AXIS2_PLACEMENT_3D ( 'NONE', #423, #311, #139 ) ;
#666 = ADVANCED_FACE ( 'NONE', ( #380 ), #833, .F. ) ;
#667 = VECTOR ( 'NONE', #182, 1000.000000000000114 ) ;
#668 = DIRECTION ( 'NONE',  ( 0.05233595624294398729, 0.0000000000000000000, -0.9986295347545739443 ) ) ;
#669 = AXIS2_PLACEMENT_3D ( 'NONE', #436, #207, #107 ) ;
#670 = DIRECTION ( 'NONE',  ( -0.0000000000000000000, -1.000000000000000000, -0.0000000000000000000 ) ) ;
#671 = CONTEXT_DEPENDENT_SHAPE_REPRESENTATION ( #672, #1311 ) ;
#672 =( REPRESENTATION_RELATIONSHIP ('NONE','NONE', #223, #1341 ) REPRESENTATION_RELATIONSHIP_WITH_TRANSFORMATION ( #407 )SHAPE_REPRESENTATION_RELATIONSHIP( ) );
#673 = DIRECTION ( 'NONE',  ( -0.0000000000000000000, -1.000000000000000000, -0.0000000000000000000 ) ) ;
#674 = CARTESIAN_POINT ( 'NONE',  ( 3.950000000000000178, -3.390000000000000124, -0.1979031543319350051 ) ) ;
#675 = PRESENTATION_STYLE_ASSIGNMENT (( #687 ) ) ;
#676 = CARTESIAN_POINT ( 'NONE',  ( -2.650000000000000355, -5.100000000000000533, 1.000000000000000222 ) ) ;
#677 = VERTEX_POINT ( 'NONE', #224 ) ;
#678 = EDGE_CURVE ( 'NONE', #1282, #142, #907, .T. ) ;
#679 = DIRECTION ( 'NONE',  ( -0.0000000000000000000, 1.000000000000000000, 0.0000000000000000000 ) ) ;
#680 =( NAMED_UNIT ( * ) SI_UNIT ( $, .STERADIAN. ) SOLID_ANGLE_UNIT ( ) );
#681 = PRODUCT_CONTEXT ( 'NONE', #896, 'mechanical' ) ;
#682 = EDGE_CURVE ( 'NONE', #427, #507, #1306, .T. ) ;
#683 = PRESENTATION_STYLE_ASSIGNMENT (( #59 ) ) ;
#684 = DIRECTION ( 'NONE',  ( 0.3511234415883915383, 0.0000000000000000000, 0.9363291775690445462 ) ) ;
#685 = ITEM_DEFINED_TRANSFORMATION ( 'NONE', 'NONE', #1331,  #219 ) ;
#686 = UNCERTAINTY_MEASURE_WITH_UNIT (LENGTH_MEASURE( 1.000000000000000082E-05 ), #18, 'distance_accuracy_value', 'NONE');
#687 = SURFACE_STYLE_USAGE ( .BOTH. , #1108 ) ;
#688 = CIRCLE ( 'NONE', #1077, 0.1000000000000000472 ) ;
#689 =( NAMED_UNIT ( * ) SI_UNIT ( $, .STERADIAN. ) SOLID_ANGLE_UNIT ( ) );
#690 = STYLED_ITEM ( 'NONE', ( #906 ), #1029 ) ;
#691 = PRESENTATION_LAYER_ASSIGNMENT (  '', '', ( #16 ) ) ;
#692 = PRODUCT_DEFINITION_SHAPE ( 'NONE', 'NONE',  #1423 ) ;
#693 = VECTOR ( 'NONE', #71, 1000.000000000000114 ) ;
#694 = PRODUCT ( 'User Library-SOP16_208mil (5.3mm)', 'User Library-SOP16_208mil (5.3mm)', '', ( #1013 ) ) ;
#695 = CARTESIAN_POINT ( 'NONE',  ( -1.084202172485504434E-16, -0.4299999999999999933, -0.002096845668065185162 ) ) ;
#696 = DIRECTION ( 'NONE',  ( -0.0000000000000000000, -1.000000000000000000, -0.0000000000000000000 ) ) ;
#697 = CARTESIAN_POINT ( 'NONE',  ( 0.7679134583516019630, 0.0000000000000000000, 0.2211792931281630348 ) ) ;
#698 = CARTESIAN_POINT ( 'NONE',  ( 2.059949364745220723, -4.470978350849606819, 1.763943817014693938 ) ) ;
#699 = CARTESIAN_POINT ( 'NONE',  ( -3.950000000000000178, 0.8500000000000100808, -0.1979031543319350051 ) ) ;
#700 = CARTESIAN_POINT ( 'NONE',  ( 1.300000000000000266, -0.4299999999999999933, 0.3237853361258640206 ) ) ;
#701 = ORIENTED_EDGE ( 'NONE', *, *, #611, .F. ) ;
#702 = CARTESIAN_POINT ( 'NONE',  ( 1.497743933205180289, -4.470978350849606819, 1.391424912975707251 ) ) ;
#703 = DIRECTION ( 'NONE',  ( 0.0000000000000000000, 1.000000000000000000, 0.0000000000000000000 ) ) ;
#704 = ITEM_DEFINED_TRANSFORMATION ( 'NONE', 'NONE', #117,  #219 ) ;
#705 =( LENGTH_UNIT ( ) NAMED_UNIT ( * ) SI_UNIT ( .MILLI., .METRE. ) );
#706 = EDGE_CURVE ( 'NONE', #1282, #187, #428, .T. ) ;
#707 = VECTOR ( 'NONE', #670, 1000.000000000000000 ) ;
#708 = AXIS2_PLACEMENT_3D ( 'NONE', #1316, #1333, #322 ) ;
#709 = PRESENTATION_LAYER_ASSIGNMENT (  '', '', ( #33 ) ) ;
#710 = ORIENTED_EDGE ( 'NONE', *, *, #1130, .F. ) ;
#711 = ORIENTED_EDGE ( 'NONE', *, *, #1170, .F. ) ;
#712 = CARTESIAN_POINT ( 'NONE',  ( 0.4860056721158300119, -0.4299999999999999933, 0.9979031543319351050 ) ) ;
#713 = VECTOR ( 'NONE', #154, 1000.000000000000000 ) ;
#714 = FILL_AREA_STYLE ('',( #254 ) ) ;
#715 = CONTEXT_DEPENDENT_SHAPE_REPRESENTATION ( #64, #376 ) ;
#716 = AXIS2_PLACEMENT_3D ( 'NONE', #893, #524, #1325 ) ;
#717 = CARTESIAN_POINT ( 'NONE',  ( -0.01046719124858892097, -0.4299999999999999933, 0.1976290612828497661 ) ) ;
#718 = DIRECTION ( 'NONE',  ( -0.0000000000000000000, 0.0000000000000000000, 1.000000000000000000 ) ) ;
#719 = ORIENTED_EDGE ( 'NONE', *, *, #831, .F. ) ;
#720 = ORIENTED_EDGE ( 'NONE', *, *, #1030, .F. ) ;
#721 = EDGE_CURVE ( 'NONE', #971, #197, #769, .T. ) ;
#722 =( NAMED_UNIT ( * ) PLANE_ANGLE_UNIT ( ) SI_UNIT ( $, .RADIAN. ) );
#723 = VERTEX_POINT ( 'NONE', #870 ) ;
#724 = ADVANCED_FACE ( 'NONE', ( #1322 ), #777, .T. ) ;
#725 = CARTESIAN_POINT ( 'NONE',  ( 1.837521555263649020, -4.085349909137560687, 1.800000000000000044 ) ) ;
#726 = LINE ( 'NONE', #969, #693 ) ;
#727 = LINE ( 'NONE', #418, #848 ) ;
#728 =( LENGTH_UNIT ( ) NAMED_UNIT ( * ) SI_UNIT ( .MILLI., .METRE. ) );
#729 = ORIENTED_EDGE ( 'NONE', *, *, #244, .F. ) ;
#730 = VECTOR ( 'NONE', #913, 1000.000000000000000 ) ;
#731 = SURFACE_SIDE_STYLE ('',( #1362 ) ) ;
#732 = ORIENTED_EDGE ( 'NONE', *, *, #657, .T. ) ;
#733 = SURFACE_SIDE_STYLE ('',( #863 ) ) ;
#734 = VECTOR ( 'NONE', #25, 1000.000000000000114 ) ;
#735 = FILL_AREA_STYLE_COLOUR ( '', #1193 ) ;
#736 = EDGE_CURVE ( 'NONE', #142, #1176, #307, .T. ) ;
#737 = AXIS2_PLACEMENT_3D ( 'NONE', #220, #213, #91 ) ;
#738 = VERTEX_POINT ( 'NONE', #1092 ) ;
#739 = DIRECTION ( 'NONE',  ( 0.9986295347545739443, 0.0000000000000000000, 0.05233595624294392484 ) ) ;
#740 = EDGE_LOOP ( 'NONE', ( #164, #628, #368, #251 ) ) ;
#741 = CARTESIAN_POINT ( 'NONE',  ( 1.120638577895060051, -0.4299999999999999933, 0.8979031543319350162 ) ) ;
#742 = ITEM_DEFINED_TRANSFORMATION ( 'NONE', 'NONE', #970,  #219 ) ;
#743 = UNCERTAINTY_MEASURE_WITH_UNIT (LENGTH_MEASURE( 1.000000000000000082E-05 ), #968, 'distance_accuracy_value', 'NONE');
#744 =( REPRESENTATION_RELATIONSHIP ('NONE','NONE', #223, #1341 ) REPRESENTATION_RELATIONSHIP_WITH_TRANSFORMATION ( #320 )SHAPE_REPRESENTATION_RELATIONSHIP( ) );
#745 = EDGE_CURVE ( 'NONE', #839, #1201, #997, .T. ) ;
#746 = EDGE_LOOP ( 'NONE', ( #72, #1139, #1270, #9 ) ) ;
#747 = VERTEX_POINT ( 'NONE', #551 ) ;
#748 =( LENGTH_UNIT ( ) NAMED_UNIT ( * ) SI_UNIT ( .MILLI., .METRE. ) );
#749 = SURFACE_STYLE_FILL_AREA ( #269 ) ;
#750 = FACE_OUTER_BOUND ( 'NONE', #378, .T. ) ;
#751 = DIRECTION ( 'NONE',  ( -1.000000000000000000, 0.0000000000000000000, 0.0000000000000000000 ) ) ;
#752 = DIRECTION ( 'NONE',  ( -0.05233595624294409832, -0.0000000000000000000, 0.9986295347545739443 ) ) ;
#753 = CARTESIAN_POINT ( 'NONE',  ( -2.649999999999999911, 5.099999999999999645, 1.800000000000000266 ) ) ;
#754 = VERTEX_POINT ( 'NONE', #295 ) ;
#755 = VECTOR ( 'NONE', #679, 1000.000000000000000 ) ;
#756 = STYLED_ITEM ( 'NONE', ( #835 ), #1138 ) ;
#757 = FACE_OUTER_BOUND ( 'NONE', #624, .T. ) ;
#758 = COLOUR_RGB ( '',0.0000000000000000000, 0.0000000000000000000, 0.0000000000000000000 ) ;
#759 = PRESENTATION_LAYER_ASSIGNMENT (  '', '', ( #1370 ) ) ;
#760 = SURFACE_STYLE_FILL_AREA ( #273 ) ;
#761 = DIRECTION ( 'NONE',  ( 0.0000000000000000000, 0.0000000000000000000, 1.000000000000000000 ) ) ;
#762 = LINE ( 'NONE', #1089, #397 ) ;
#763 = SURFACE_STYLE_FILL_AREA ( #303 ) ;
#764 = ORIENTED_EDGE ( 'NONE', *, *, #838, .T. ) ;
#765 = PRODUCT_DEFINITION_SHAPE ( 'NONE', 'NONE',  #1404 ) ;
#766 = CARTESIAN_POINT ( 'NONE',  ( 0.8387307916592871004, -0.4299999999999999933, 1.000509197329640054 ) ) ;
#767 = CARTESIAN_POINT ( 'NONE',  ( -0.01046719124858902158, -0.4299999999999999933, 0.1976290612828492943 ) ) ;
#768 = DIRECTION ( 'NONE',  ( 0.0000000000000000000, 0.0000000000000000000, 1.000000000000000000 ) ) ;
#769 = LINE ( 'NONE', #218, #755 ) ;
#770 =( REPRESENTATION_RELATIONSHIP ('NONE','NONE', #223, #1341 ) REPRESENTATION_RELATIONSHIP_WITH_TRANSFORMATION ( #938 )SHAPE_REPRESENTATION_RELATIONSHIP( ) );
#771 = ADVANCED_FACE ( 'NONE', ( #757 ), #199, .F. ) ;
#772 = PLANE ( 'NONE',  #1005 ) ;
#773 = CARTESIAN_POINT ( 'NONE',  ( 1.935919666682342832, -4.459821116486646808, 1.800000000000000266 ) ) ;
#774 = CARTESIAN_POINT ( 'NONE',  ( 3.950000000000000178, -2.120000000000000551, -0.1979031543319350051 ) ) ;
#775 = DIRECTION ( 'NONE',  ( -0.9396926207859083169, 0.0000000000000000000, 0.3420201433256691015 ) ) ;
#776 = DIRECTION ( 'NONE',  ( -0.9986295347545739443, 0.0000000000000000000, -0.05233595624294398729 ) ) ;
#777 = PLANE ( 'NONE',  #447 ) ;
#778 = STYLED_ITEM ( 'NONE', ( #1149 ), #1382 ) ;
#779 = PRODUCT_DEFINITION ( 'UNKNOWN', '', #1332, #105 ) ;
#780 = CARTESIAN_POINT ( 'NONE',  ( 1.838472135408805608, -4.557457968516366087, 1.799999999999999600 ) ) ;
#781 = CARTESIAN_POINT ( 'NONE',  ( 3.950000000000000178, -2.120000000000000551, -0.1979031543319350051 ) ) ;
#782 =( GEOMETRIC_REPRESENTATION_CONTEXT ( 3 ) GLOBAL_UNCERTAINTY_ASSIGNED_CONTEXT ( ( #1088 ) ) GLOBAL_UNIT_ASSIGNED_CONTEXT ( ( #1354, #583, #1024 ) ) REPRESENTATION_CONTEXT ( 'NONE', 'WORKASPACE' ) );
#783 = MECHANICAL_DESIGN_GEOMETRIC_PRESENTATION_REPRESENTATION (  '', ( #897 ), #445 ) ;
#784 = STYLED_ITEM ( 'NONE', ( #1285 ), #450 ) ;
#785 = DIRECTION ( 'NONE',  ( -0.3420201433256691015, 0.0000000000000000000, -0.9396926207859083169 ) ) ;
#786 =( NAMED_UNIT ( * ) PLANE_ANGLE_UNIT ( ) SI_UNIT ( $, .RADIAN. ) );
#787 = PRESENTATION_STYLE_ASSIGNMENT (( #553 ) ) ;
#788 = DIRECTION ( 'NONE',  ( 1.000000000000000000, 0.0000000000000000000, 0.0000000000000000000 ) ) ;
#789 = CARTESIAN_POINT ( 'NONE',  ( -0.01046719124858901638, 7.228014483236695816E-17, 0.1976290612828495441 ) ) ;
#790 = ADVANCED_FACE ( 'NONE', ( #837 ), #546, .F. ) ;
#791 = CARTESIAN_POINT ( 'NONE',  ( 2.058437832520132016, -4.168403089102631576, 1.764583655229111647 ) ) ;
#792 = LINE ( 'NONE', #114, #80 ) ;
#793 = PRESENTATION_STYLE_ASSIGNMENT (( #326 ) ) ;
#794 = CARTESIAN_POINT ( 'NONE',  ( 1.756410605306795825, -4.054237263837520366, 1.769921743906267553 ) ) ;
#795 = CARTESIAN_POINT ( 'NONE',  ( 0.4860056721158300119, 0.0000000000000000000, 0.3237853361258640206 ) ) ;
#796 = SURFACE_SIDE_STYLE ('',( #1246 ) ) ;
#797 = DIRECTION ( 'NONE',  ( 0.0000000000000000000, 0.0000000000000000000, 1.000000000000000000 ) ) ;
#798 = STYLED_ITEM ( 'NONE', ( #820 ), #1084 ) ;
#799 = COLOUR_RGB ( '',0.8000000000000000444, 0.8000000000000000444, 0.8000000000000000444 ) ;
#800 = VECTOR ( 'NONE', #1204, 1000.000000000000000 ) ;
#801 = DIRECTION ( 'NONE',  ( -1.000000000000000000, 0.0000000000000000000, 1.208958046564949939E-15 ) ) ;
#802 = STYLED_ITEM ( 'NONE', ( #317 ), #980 ) ;
#803 = CIRCLE ( 'NONE', #153, 0.09999999999999988065 ) ;
#804 = AXIS2_PLACEMENT_3D ( 'NONE', #338, #351, #334 ) ;
#805 = MECHANICAL_DESIGN_GEOMETRIC_PRESENTATION_REPRESENTATION (  '', ( #1370 ), #134 ) ;
#806 = AXIS2_PLACEMENT_3D ( 'NONE', #443, #900, #751 ) ;
#807 = DIRECTION ( 'NONE',  ( -0.0000000000000000000, -1.000000000000000000, -0.0000000000000000000 ) ) ;
#808 = APPLICATION_PROTOCOL_DEFINITION ( 'draft international standard', 'automotive_design', 1998, #1032 ) ;
#809 =( NAMED_UNIT ( * ) PLANE_ANGLE_UNIT ( ) SI_UNIT ( $, .RADIAN. ) );
#810 = ORIENTED_EDGE ( 'NONE', *, *, #306, .T. ) ;
#811 =( LENGTH_UNIT ( ) NAMED_UNIT ( * ) SI_UNIT ( .MILLI., .METRE. ) );
#812 = PLANE ( 'NONE',  #1364 ) ;
#813 = SURFACE_SIDE_STYLE ('',( #1012 ) ) ;
#814 = SHAPE_DEFINITION_REPRESENTATION ( #615, #1341 ) ;
#815 = EDGE_CURVE ( 'NONE', #100, #1388, #457, .T. ) ;
#816 =( NAMED_UNIT ( * ) SI_UNIT ( $, .STERADIAN. ) SOLID_ANGLE_UNIT ( ) );
#817 = ORIENTED_EDGE ( 'NONE', *, *, #851, .F. ) ;
#818 = PRODUCT_DEFINITION ( 'UNKNOWN', '', #1241, #309 ) ;
#819 = CARTESIAN_POINT ( 'NONE',  ( 2.349999999999999645, 5.100000000000001421, 1.800000000000000044 ) ) ;
#820 = PRESENTATION_STYLE_ASSIGNMENT (( #493 ) ) ;
#821 = AXIS2_PLACEMENT_3D ( 'NONE', #741, #488, #87 ) ;
#822 = COLOUR_RGB ( '',0.0000000000000000000, 0.0000000000000000000, 0.0000000000000000000 ) ;
#823 = STYLED_ITEM ( 'NONE', ( #548 ), #1016 ) ;
#824 =( GEOMETRIC_REPRESENTATION_CONTEXT ( 3 ) GLOBAL_UNCERTAINTY_ASSIGNED_CONTEXT ( ( #686 ) ) GLOBAL_UNIT_ASSIGNED_CONTEXT ( ( #18, #7, #880 ) ) REPRESENTATION_CONTEXT ( 'NONE', 'WORKASPACE' ) );
#825 = ORIENTED_EDGE ( 'NONE', *, *, #222, .T. ) ;
#826 = VECTOR ( 'NONE', #673, 1000.000000000000000 ) ;
#827 = ITEM_DEFINED_TRANSFORMATION ( 'NONE', 'NONE', #614,  #219 ) ;
#828 = PRODUCT_DEFINITION_SHAPE ( 'NONE', 'NONE',  #1413 ) ;
#829 = AXIS2_PLACEMENT_3D ( 'NONE', #1003, #12, #540 ) ;
#830 = PLANE ( 'NONE',  #984 ) ;
#831 = EDGE_CURVE ( 'NONE', #723, #1314, #1235, .T. ) ;
#832 = ORIENTED_EDGE ( 'NONE', *, *, #1074, .T. ) ;
#833 = PLANE ( 'NONE',  #942 ) ;
#834 = ITEM_DEFINED_TRANSFORMATION ( 'NONE', 'NONE', #472,  #219 ) ;
#835 = PRESENTATION_STYLE_ASSIGNMENT (( #202 ) ) ;
#836 = ORIENTED_EDGE ( 'NONE', *, *, #1, .T. ) ;
#837 = FACE_OUTER_BOUND ( 'NONE', #1017, .T. ) ;
#838 = EDGE_CURVE ( 'NONE', #160, #266, #534, .T. ) ;
#839 = VERTEX_POINT ( 'NONE', #1057 ) ;
#840 = FILL_AREA_STYLE_COLOUR ( '', #927 ) ;
#841 =( REPRESENTATION_RELATIONSHIP ('NONE','NONE', #223, #1341 ) REPRESENTATION_RELATIONSHIP_WITH_TRANSFORMATION ( #1195 )SHAPE_REPRESENTATION_RELATIONSHIP( ) );
#842 = CARTESIAN_POINT ( 'NONE',  ( 1.120638577895060051, -0.4299999999999999933, 0.8979031543319350162 ) ) ;
#843 = ORIENTED_EDGE ( 'NONE', *, *, #745, .F. ) ;
#844 = CARTESIAN_POINT ( 'NONE',  ( 0.4912392677401239971, 0.0000000000000000000, 0.2239223826504060100 ) ) ;
#845 = ORIENTED_EDGE ( 'NONE', *, *, #568, .T. ) ;
#846 = STYLED_ITEM ( 'NONE', ( #1177 ), #939 ) ;
#847 = CIRCLE ( 'NONE', #665, 0.09999999999999988065 ) ;
#848 = VECTOR ( 'NONE', #752, 1000.000000000000000 ) ;
#849 =( NAMED_UNIT ( * ) PLANE_ANGLE_UNIT ( ) SI_UNIT ( $, .RADIAN. ) );
#850 = SURFACE_SIDE_STYLE ('',( #749 ) ) ;
#851 = EDGE_CURVE ( 'NONE', #197, #677, #93, .T. ) ;
#852 = SHAPE_REPRESENTATION_RELATIONSHIP ( 'NONE' , 'NONE' ,  #1341, #450 ) ;
#853 = LINE ( 'NONE', #1056, #113 ) ;
#854 = SURFACE_SIDE_STYLE ('',( #763 ) ) ;
#855 = VERTEX_POINT ( 'NONE', #526 ) ;
#856 =( REPRESENTATION_RELATIONSHIP ('NONE','NONE', #223, #1341 ) REPRESENTATION_RELATIONSHIP_WITH_TRANSFORMATION ( #827 )SHAPE_REPRESENTATION_RELATIONSHIP( ) );
#857 = CARTESIAN_POINT ( 'NONE',  ( 1.120638577895060051, -0.4299999999999999933, 0.8979031543319350162 ) ) ;
#858 = ITEM_DEFINED_TRANSFORMATION ( 'NONE', 'NONE', #1011,  #219 ) ;
#859 = LINE ( 'NONE', #90, #115 ) ;
#860 =( NAMED_UNIT ( * ) SI_UNIT ( $, .STERADIAN. ) SOLID_ANGLE_UNIT ( ) );
#861 = DIRECTION ( 'NONE',  ( -0.0000000000000000000, -0.0000000000000000000, -1.000000000000000000 ) ) ;
#862 = VERTEX_POINT ( 'NONE', #1172 ) ;
#863 = SURFACE_STYLE_FILL_AREA ( #1051 ) ;
#864 = SURFACE_STYLE_FILL_AREA ( #1393 ) ;
#865 = DIRECTION ( 'NONE',  ( 1.000000000000000000, 0.0000000000000000000, 0.0000000000000000000 ) ) ;
#866 = DIRECTION ( 'NONE',  ( -0.0000000000000000000, -1.000000000000000000, -0.0000000000000000000 ) ) ;
#867 = ORIENTED_EDGE ( 'NONE', *, *, #145, .T. ) ;
#868 = VECTOR ( 'NONE', #986, 1000.000000000000000 ) ;
#869 = AXIS2_PLACEMENT_3D ( 'NONE', #106, #807, #261 ) ;
#870 = CARTESIAN_POINT ( 'NONE',  ( -1.066622399332046032E-16, -0.4299999999999999933, -0.002096845668065216821 ) ) ;
#871 = CONTEXT_DEPENDENT_SHAPE_REPRESENTATION ( #841, #1385 ) ;
#872 = VECTOR ( 'NONE', #739, 1000.000000000000114 ) ;
#873 = COLOUR_RGB ( '',0.0000000000000000000, 0.0000000000000000000, 0.0000000000000000000 ) ;
#874 = UNCERTAINTY_MEASURE_WITH_UNIT (LENGTH_MEASURE( 1.000000000000000082E-05 ), #477, 'distance_accuracy_value', 'NONE');
#875 = CARTESIAN_POINT ( 'NONE',  ( -3.950000000000000178, 2.120000000000009877, -0.1979031543319350051 ) ) ;
#876 = DIRECTION ( 'NONE',  ( 0.0000000000000000000, 0.0000000000000000000, 1.000000000000000000 ) ) ;
#877 = VECTOR ( 'NONE', #492, 1000.000000000000000 ) ;
#878 = FILL_AREA_STYLE_COLOUR ( '', #822 ) ;
#879 = DIRECTION ( 'NONE',  ( -1.000000000000000000, 0.0000000000000000000, 0.0000000000000000000 ) ) ;
#880 =( NAMED_UNIT ( * ) SI_UNIT ( $, .STERADIAN. ) SOLID_ANGLE_UNIT ( ) );
#881 = ORIENTED_EDGE ( 'NONE', *, *, #1248, .T. ) ;
#882 = PRODUCT_DEFINITION_SHAPE ( 'NONE', 'NONE',  #1420 ) ;
#883 = EDGE_CURVE ( 'NONE', #862, #305, #501, .T. ) ;
#884 = SURFACE_STYLE_USAGE ( .BOTH. , #319 ) ;
#885 = ITEM_DEFINED_TRANSFORMATION ( 'NONE', 'NONE', #806,  #219 ) ;
#886 = DIRECTION ( 'NONE',  ( -8.503546450866699582E-17, -1.000000000000000000, -0.0000000000000000000 ) ) ;
#887 = CARTESIAN_POINT ( 'NONE',  ( 3.950000000000000178, 1.689999999999999947, -0.1979031543319350051 ) ) ;
#888 = CARTESIAN_POINT ( 'NONE',  ( 0.0000000000000000000, 0.0000000000000000000, 0.0000000000000000000 ) ) ;
#889 =( NAMED_UNIT ( * ) PLANE_ANGLE_UNIT ( ) SI_UNIT ( $, .RADIAN. ) );
#890 =( REPRESENTATION_RELATIONSHIP ('NONE','NONE', #223, #1341 ) REPRESENTATION_RELATIONSHIP_WITH_TRANSFORMATION ( #396 )SHAPE_REPRESENTATION_RELATIONSHIP( ) );
#891 = EDGE_CURVE ( 'NONE', #286, #953, #84, .T. ) ;
#892 = SURFACE_STYLE_USAGE ( .BOTH. , #543 ) ;
#893 = CARTESIAN_POINT ( 'NONE',  ( 3.950000000000000178, 2.959999999999999964, -0.1979031543319350051 ) ) ;
#894 = FACE_OUTER_BOUND ( 'NONE', #1063, .T. ) ;
#895 = FILL_AREA_STYLE_COLOUR ( '', #152 ) ;
#896 = APPLICATION_CONTEXT ( 'automotive_design' ) ;
#897 = STYLED_ITEM ( 'NONE', ( #683 ), #771 ) ;
#898 = COLOUR_RGB ( '',0.8000000000000000444, 0.8000000000000000444, 0.8000000000000000444 ) ;
#899 = DIRECTION ( 'NONE',  ( 0.0000000000000000000, 0.0000000000000000000, 1.000000000000000000 ) ) ;
#900 = DIRECTION ( 'NONE',  ( 0.0000000000000000000, 0.0000000000000000000, 1.000000000000000000 ) ) ;
#901 = EDGE_CURVE ( 'NONE', #556, #862, #1187, .T. ) ;
#902 =( GEOMETRIC_REPRESENTATION_CONTEXT ( 3 ) GLOBAL_UNCERTAINTY_ASSIGNED_CONTEXT ( ( #949 ) ) GLOBAL_UNIT_ASSIGNED_CONTEXT ( ( #811, #463, #919 ) ) REPRESENTATION_CONTEXT ( 'NONE', 'WORKASPACE' ) );
#903 = FACE_OUTER_BOUND ( 'NONE', #746, .T. ) ;
#904 = AXIS2_PLACEMENT_3D ( 'NONE', #974, #604, #1175 ) ;
#905 =( NAMED_UNIT ( * ) SI_UNIT ( $, .STERADIAN. ) SOLID_ANGLE_UNIT ( ) );
#906 = PRESENTATION_STYLE_ASSIGNMENT (( #13 ) ) ;
#907 = CIRCLE ( 'NONE', #1188, 0.1000000000000000472 ) ;
#908 = PRESENTATION_LAYER_ASSIGNMENT (  '', '', ( #1031 ) ) ;
#909 = SURFACE_SIDE_STYLE ('',( #452 ) ) ;
#910 = CARTESIAN_POINT ( 'NONE',  ( 1.562011108581585317, -4.557768579619136062, 1.800000000000000266 ) ) ;
#911 = PLANE ( 'NONE',  #1125 ) ;
#912 = ORIENTED_EDGE ( 'NONE', *, *, #108, .T. ) ;
#913 = DIRECTION ( 'NONE',  ( 1.000000000000000000, 0.0000000000000000000, -0.0000000000000000000 ) ) ;
#914 = FILL_AREA_STYLE_COLOUR ( '', #1346 ) ;
#915 = ITEM_DEFINED_TRANSFORMATION ( 'NONE', 'NONE', #494,  #219 ) ;
#916 = CARTESIAN_POINT ( 'NONE',  ( 2.649999999999999467, 5.099999999999999645, 0.0000000000000000000 ) ) ;
#917 = ORIENTED_EDGE ( 'NONE', *, *, #815, .F. ) ;
#918 = EDGE_CURVE ( 'NONE', #187, #260, #622, .T. ) ;
#919 =( NAMED_UNIT ( * ) SI_UNIT ( $, .STERADIAN. ) SOLID_ANGLE_UNIT ( ) );
#920 = CARTESIAN_POINT ( 'NONE',  ( 0.5017064589887131332, 0.0000000000000000000, 0.02419647569949160901 ) ) ;
#921 = DIRECTION ( 'NONE',  ( 8.503546450866699582E-17, 1.000000000000000000, 0.0000000000000000000 ) ) ;
#922 = DIRECTION ( 'NONE',  ( -1.208958046564949939E-15, 0.0000000000000000000, -1.000000000000000000 ) ) ;
#923 =( REPRESENTATION_RELATIONSHIP ('NONE','NONE', #223, #1341 ) REPRESENTATION_RELATIONSHIP_WITH_TRANSFORMATION ( #1093 )SHAPE_REPRESENTATION_RELATIONSHIP( ) );
#924 = MECHANICAL_DESIGN_GEOMETRIC_PRESENTATION_REPRESENTATION (  '', ( #16 ), #824 ) ;
#925 = PRODUCT_DEFINITION ( 'UNKNOWN', '', #156, #1127 ) ;
#926 = EDGE_CURVE ( 'NONE', #427, #754, #1398, .T. ) ;
#927 = COLOUR_RGB ( '',0.7921568627450980005, 0.8196078431372548767, 0.9333333333333333481 ) ;
#928 = MANIFOLD_SOLID_BREP ( 'Imported1', #1304 ) ;
#929 = APPLICATION_PROTOCOL_DEFINITION ( 'draft international standard', 'automotive_design', 1998, #617 ) ;
#930 = DIRECTION ( 'NONE',  ( 1.000000000000000000, 0.0000000000000000000, -0.0000000000000000000 ) ) ;
#931 = FILL_AREA_STYLE ('',( #951 ) ) ;
#932 = EDGE_LOOP ( 'NONE', ( #881, #520, #30, #1356, #1361, #294, #204, #1152, #621, #410, #1157, #274 ) ) ;
#933 =( REPRESENTATION_RELATIONSHIP ('NONE','NONE', #223, #1341 ) REPRESENTATION_RELATIONSHIP_WITH_TRANSFORMATION ( #626 )SHAPE_REPRESENTATION_RELATIONSHIP( ) );
#934 = FILL_AREA_STYLE ('',( #914 ) ) ;
#935 = CONTEXT_DEPENDENT_SHAPE_REPRESENTATION ( #149, #533 ) ;
#936 = DIRECTION ( 'NONE',  ( -1.000000000000000000, -8.503546450866699582E-17, 0.0000000000000000000 ) ) ;
#937 = EDGE_LOOP ( 'NONE', ( #146, #22, #205, #810, #484, #1058 ) ) ;
#938 = ITEM_DEFINED_TRANSFORMATION ( 'NONE', 'NONE', #1109,  #219 ) ;
#939 = ADVANCED_FACE ( 'NONE', ( #402 ), #508, .T. ) ;
#940 = FILL_AREA_STYLE_COLOUR ( '', #1348 ) ;
#941 =( NAMED_UNIT ( * ) PLANE_ANGLE_UNIT ( ) SI_UNIT ( $, .RADIAN. ) );
#942 = AXIS2_PLACEMENT_3D ( 'NONE', #766, #103, #785 ) ;
#943 = COLOUR_RGB ( '',0.0000000000000000000, 0.0000000000000000000, 0.0000000000000000000 ) ;
#944 = CARTESIAN_POINT ( 'NONE',  ( 1.120638577895060051, -0.4299999999999999933, 0.9979031543319351050 ) ) ;
#945 = CARTESIAN_POINT ( 'NONE',  ( 1.561807443359443992, -4.085978936580442422, 1.799999999999999600 ) ) ;
#946 = DIRECTION ( 'NONE',  ( 0.0000000000000000000, 0.0000000000000000000, 1.000000000000000000 ) ) ;
#947 = CONTEXT_DEPENDENT_SHAPE_REPRESENTATION ( #890, #62 ) ;
#948 = PRODUCT_DEFINITION_SHAPE ( 'NONE', 'NONE',  #1409 ) ;
#949 = UNCERTAINTY_MEASURE_WITH_UNIT (LENGTH_MEASURE( 1.000000000000000082E-05 ), #811, 'distance_accuracy_value', 'NONE');
#950 =( NAMED_UNIT ( * ) SI_UNIT ( $, .STERADIAN. ) SOLID_ANGLE_UNIT ( ) );
#951 = FILL_AREA_STYLE_COLOUR ( '', #1099 ) ;
#952 = DIRECTION ( 'NONE',  ( -0.9986295347545739443, -0.0000000000000000000, -0.05233595624294398729 ) ) ;
#953 = VERTEX_POINT ( 'NONE', #110 ) ;
#954 = DIRECTION ( 'NONE',  ( 0.0000000000000000000, 0.0000000000000000000, 1.000000000000000000 ) ) ;
#955 = CARTESIAN_POINT ( 'NONE',  ( 1.026669315816468808, 0.0000000000000000000, 0.9321051686645022150 ) ) ;
#956 = DIRECTION ( 'NONE',  ( -0.0000000000000000000, 0.0000000000000000000, 1.000000000000000000 ) ) ;
#957 = ORIENTED_EDGE ( 'NONE', *, *, #122, .F. ) ;
#958 = PRODUCT_DEFINITION_SHAPE ( 'NONE', 'NONE',  #1427 ) ;
#959 =( REPRESENTATION_RELATIONSHIP ('NONE','NONE', #223, #1341 ) REPRESENTATION_RELATIONSHIP_WITH_TRANSFORMATION ( #88 )SHAPE_REPRESENTATION_RELATIONSHIP( ) );
#960 = CARTESIAN_POINT ( 'NONE',  ( 1.435521557876785037, -4.321806619868319821, 1.800000000000000266 ) ) ;
#961 = EDGE_LOOP ( 'NONE', ( #1047, #500, #843, #720 ) ) ;
#962 = DIRECTION ( 'NONE',  ( 1.000000000000000000, -0.0000000000000000000, -1.208958046564949939E-15 ) ) ;
#963 = EDGE_LOOP ( 'NONE', ( #1360, #389, #391, #288 ) ) ;
#964 = PRESENTATION_LAYER_ASSIGNMENT (  '', '', ( #690 ) ) ;
#965 =( REPRESENTATION_RELATIONSHIP ('NONE','NONE', #223, #454 ) REPRESENTATION_RELATIONSHIP_WITH_TRANSFORMATION ( #704 )SHAPE_REPRESENTATION_RELATIONSHIP( ) );
#966 = AXIS2_PLACEMENT_3D ( 'NONE', #498, #408, #290 ) ;
#967 = PRESENTATION_STYLE_ASSIGNMENT (( #63 ) ) ;
#968 =( LENGTH_UNIT ( ) NAMED_UNIT ( * ) SI_UNIT ( .MILLI., .METRE. ) );
#969 = CARTESIAN_POINT ( 'NONE',  ( 2.350000000000000089, -5.099999999999999645, 1.800000000000000266 ) ) ;
#970 = AXIS2_PLACEMENT_3D ( 'NONE', #5, #545, #649 ) ;
#971 = VERTEX_POINT ( 'NONE', #228 ) ;
#972 = EDGE_LOOP ( 'NONE', ( #764, #1371, #618, #1300, #1302, #1180, #845, #293, #195, #710, #836, #1345 ) ) ;
#973 =( NAMED_UNIT ( * ) SI_UNIT ( $, .STERADIAN. ) SOLID_ANGLE_UNIT ( ) );
#974 = CARTESIAN_POINT ( 'NONE',  ( 0.4860056721158300119, -0.4299999999999999933, 0.3237853361258640206 ) ) ;
#975 = CARTESIAN_POINT ( 'NONE',  ( 3.950000000000000178, -0.8500000000000010880, -0.1979031543319350051 ) ) ;
#976 = VERTEX_POINT ( 'NONE', #676 ) ;
#977 = ORIENTED_EDGE ( 'NONE', *, *, #682, .F. ) ;
#978 = CONTEXT_DEPENDENT_SHAPE_REPRESENTATION ( #550, #882 ) ;
#979 = DIRECTION ( 'NONE',  ( 0.0000000000000000000, 0.0000000000000000000, 1.000000000000000000 ) ) ;
#980 = ADVANCED_FACE ( 'NONE', ( #555 ), #911, .F. ) ;
#981 = SURFACE_STYLE_FILL_AREA ( #1098 ) ;
#982 = DIRECTION ( 'NONE',  ( 0.9986295347545739443, -0.0000000000000000000, 0.05233595624294398729 ) ) ;
#983 = ORIENTED_EDGE ( 'NONE', *, *, #926, .F. ) ;
#984 = AXIS2_PLACEMENT_3D ( 'NONE', #479, #922, #801 ) ;
#985 = AXIS2_PLACEMENT_3D ( 'NONE', #842, #78, #291 ) ;
#986 = DIRECTION ( 'NONE',  ( 0.0000000000000000000, -1.000000000000000000, -0.0000000000000000000 ) ) ;
#987 = MECHANICAL_DESIGN_GEOMETRIC_PRESENTATION_REPRESENTATION (  '', ( #33 ), #425 ) ;
#988 = VECTOR ( 'NONE', #861, 1000.000000000000000 ) ;
#989 = EDGE_LOOP ( 'NONE', ( #1268, #817, #1289, #39, #50, #588 ) ) ;
#990 = PRESENTATION_STYLE_ASSIGNMENT (( #388 ) ) ;
#991 =( GEOMETRIC_REPRESENTATION_CONTEXT ( 3 ) GLOBAL_UNCERTAINTY_ASSIGNED_CONTEXT ( ( #1039 ) ) GLOBAL_UNIT_ASSIGNED_CONTEXT ( ( #654, #786, #680 ) ) REPRESENTATION_CONTEXT ( 'NONE', 'WORKASPACE' ) );
#992 = DIRECTION ( 'NONE',  ( 0.0000000000000000000, 0.0000000000000000000, 1.000000000000000000 ) ) ;
#993 =( LENGTH_UNIT ( ) NAMED_UNIT ( * ) SI_UNIT ( .MILLI., .METRE. ) );
#994 = AXIS2_PLACEMENT_3D ( 'NONE', #699, #41, #1121 ) ;
#995 = SURFACE_STYLE_USAGE ( .BOTH. , #1327 ) ;
#996 = APPLICATION_CONTEXT ( 'automotive_design' ) ;
#997 = LINE ( 'NONE', #116, #171 ) ;
#998 = CARTESIAN_POINT ( 'NONE',  ( 0.8387307916592871004, -0.4299999999999999933, 1.000509197329640054 ) ) ;
#999 = CARTESIAN_POINT ( 'NONE',  ( 3.950000000000000178, -0.8499999999999999778, -0.1979031543319350051 ) ) ;
#1000 = FACE_OUTER_BOUND ( 'NONE', #280, .T. ) ;
#1001 = EDGE_CURVE ( 'NONE', #102, #1091, #1009, .T. ) ;
#1002 = FILL_AREA_STYLE_COLOUR ( '', #1123 ) ;
#1003 = CARTESIAN_POINT ( 'NONE',  ( 3.950000000000000178, 1.689999999999999947, -0.1979031543319350051 ) ) ;
#1004 = DIRECTION ( 'NONE',  ( 0.3420201433256691015, 0.0000000000000000000, 0.9396926207859083169 ) ) ;
#1005 = AXIS2_PLACEMENT_3D ( 'NONE', #795, #580, #27 ) ;
#1006 =( GEOMETRIC_REPRESENTATION_CONTEXT ( 3 ) GLOBAL_UNCERTAINTY_ASSIGNED_CONTEXT ( ( #430 ) ) GLOBAL_UNIT_ASSIGNED_CONTEXT ( ( #1054, #1208, #315 ) ) REPRESENTATION_CONTEXT ( 'NONE', 'WORKASPACE' ) );
#1007 = MECHANICAL_DESIGN_GEOMETRIC_PRESENTATION_REPRESENTATION (  '', ( #448 ), #991 ) ;
#1008 = CARTESIAN_POINT ( 'NONE',  ( 0.7679134583516019630, -0.4299999999999999933, 0.2211792931281630348 ) ) ;
#1009 = LINE ( 'NONE', #1122, #1143 ) ;
#1010 = ORIENTED_EDGE ( 'NONE', *, *, #721, .T. ) ;
#1011 = AXIS2_PLACEMENT_3D ( 'NONE', #227, #1142, #1338 ) ;
#1012 = SURFACE_STYLE_FILL_AREA ( #714 ) ;
#1013 = PRODUCT_CONTEXT ( 'NONE', #1032, 'mechanical' ) ;
#1014 = FACE_OUTER_BOUND ( 'NONE', #384, .T. ) ;
#1015 = DIRECTION ( 'NONE',  ( 0.0000000000000000000, 0.0000000000000000000, 1.000000000000000000 ) ) ;
#1016 = ADVANCED_FACE ( 'NONE', ( #21 ), #461, .F. ) ;
#1017 = EDGE_LOOP ( 'NONE', ( #1351, #167 ) ) ;
#1018 = FACE_OUTER_BOUND ( 'NONE', #937, .T. ) ;
#1019 = CARTESIAN_POINT ( 'NONE',  ( 2.649999999999999911, -5.099999999999999645, 0.0000000000000000000 ) ) ;
#1020 =( NAMED_UNIT ( * ) SI_UNIT ( $, .STERADIAN. ) SOLID_ANGLE_UNIT ( ) );
#1021 = STYLED_ITEM ( 'NONE', ( #495 ), #790 ) ;
#1022 = AXIS2_PLACEMENT_3D ( 'NONE', #46, #703, #1128 ) ;
#1023 = DIRECTION ( 'NONE',  ( 0.0000000000000000000, 0.0000000000000000000, 1.000000000000000000 ) ) ;
#1024 =( NAMED_UNIT ( * ) SI_UNIT ( $, .STERADIAN. ) SOLID_ANGLE_UNIT ( ) );
#1025 = VECTOR ( 'NONE', #982, 1000.000000000000000 ) ;
#1026 = VECTOR ( 'NONE', #40, 1000.000000000000000 ) ;
#1027 =( LENGTH_UNIT ( ) NAMED_UNIT ( * ) SI_UNIT ( .MILLI., .METRE. ) );
#1028 = CLOSED_SHELL ( 'NONE', ( #189, #206, #980, #214, #549, #939, #1223, #417, #790 ) ) ;
#1029 = ADVANCED_FACE ( 'NONE', ( #1000 ), #1344, .F. ) ;
#1030 = EDGE_CURVE ( 'NONE', #142, #839, #483, .T. ) ;
#1031 = STYLED_ITEM ( 'NONE', ( #1381 ), #647 ) ;
#1032 = APPLICATION_CONTEXT ( 'automotive_design' ) ;
#1033 = APPLICATION_PROTOCOL_DEFINITION ( 'draft international standard', 'automotive_design', 1998, #996 ) ;
#1034 = PLANE ( 'NONE',  #1104 ) ;
#1035 = SURFACE_STYLE_FILL_AREA ( #1368 ) ;
#1036 = ORIENTED_EDGE ( 'NONE', *, *, #1146, .T. ) ;
#1037 = CARTESIAN_POINT ( 'NONE',  ( 0.5799749341944209213, -0.4299999999999999933, 0.2895833217932971548 ) ) ;
#1038 = PRESENTATION_STYLE_ASSIGNMENT (( #1141 ) ) ;
#1039 = UNCERTAINTY_MEASURE_WITH_UNIT (LENGTH_MEASURE( 1.000000000000000082E-05 ), #654, 'distance_accuracy_value', 'NONE');
#1040 = CARTESIAN_POINT ( 'NONE',  ( -1.110223024625159992E-16, -0.4299999999999999933, -0.002096845668065239806 ) ) ;
#1041 = PRODUCT_DEFINITION_SHAPE ( 'NONE', 'NONE',  #925 ) ;
#1042 = LINE ( 'NONE', #504, #560 ) ;
#1043 =( NAMED_UNIT ( * ) SI_UNIT ( $, .STERADIAN. ) SOLID_ANGLE_UNIT ( ) );
#1044 = DIRECTION ( 'NONE',  ( -0.9986295347545740553, 0.0000000000000000000, -0.05233595624294260645 ) ) ;
#1045 = SURFACE_SIDE_STYLE ('',( #1269 ) ) ;
#1046 = MECHANICAL_DESIGN_GEOMETRIC_PRESENTATION_REPRESENTATION (  '', ( #823 ), #1303 ) ;
#1047 = ORIENTED_EDGE ( 'NONE', *, *, #736, .T. ) ;
#1048 = PRESENTATION_LAYER_ASSIGNMENT (  '', '', ( #1369 ) ) ;
#1049 = AXIS2_PLACEMENT_3D ( 'NONE', #203, #992, #1310 ) ;
#1050 = DIRECTION ( 'NONE',  ( 0.0000000000000000000, -0.0000000000000000000, 1.000000000000000000 ) ) ;
#1051 = FILL_AREA_STYLE ('',( #840 ) ) ;
#1052 = CONTEXT_DEPENDENT_SHAPE_REPRESENTATION ( #933, #387 ) ;
#1053 = PRODUCT_DEFINITION_SHAPE ( 'NONE', 'NONE',  #1407 ) ;
#1054 =( LENGTH_UNIT ( ) NAMED_UNIT ( * ) SI_UNIT ( .MILLI., .METRE. ) );
#1055 = EDGE_CURVE ( 'NONE', #260, #305, #148, .T. ) ;
#1056 = CARTESIAN_POINT ( 'NONE',  ( -1.110223024625159992E-16, 0.0000000000000000000, -0.002096845668065239806 ) ) ;
#1057 = CARTESIAN_POINT ( 'NONE',  ( 0.7679134583516020740, 0.0000000000000000000, 0.2211792931281632013 ) ) ;
#1058 = ORIENTED_EDGE ( 'NONE', *, *, #1220, .F. ) ;
#1059 = CARTESIAN_POINT ( 'NONE',  ( 1.936315407457734894, -4.184042392255244103, 1.800000000000000711 ) ) ;
#1060 = ITEM_DEFINED_TRANSFORMATION ( 'NONE', 'NONE', #451,  #219 ) ;
#1061 = LINE ( 'NONE', #525, #1192 ) ;
#1062 =( LENGTH_UNIT ( ) NAMED_UNIT ( * ) SI_UNIT ( .MILLI., .METRE. ) );
#1063 = EDGE_LOOP ( 'NONE', ( #385, #1279, #917, #571 ) ) ;
#1064 = PRODUCT_DEFINITION_SHAPE ( 'NONE', 'NONE',  #1421 ) ;
#1065 = CARTESIAN_POINT ( 'NONE',  ( 1.435521557876784815, -4.251915682721517875, 1.800000000000000266 ) ) ;
#1066 =( NAMED_UNIT ( * ) SI_UNIT ( $, .STERADIAN. ) SOLID_ANGLE_UNIT ( ) );
#1067 = ITEM_DEFINED_TRANSFORMATION ( 'NONE', 'NONE', #175,  #219 ) ;
#1068 = UNCERTAINTY_MEASURE_WITH_UNIT (LENGTH_MEASURE( 1.000000000000000082E-05 ), #1090, 'distance_accuracy_value', 'NONE');
#1069 = CARTESIAN_POINT ( 'NONE',  ( 2.650000000000000355, -5.100000000000000533, 1.000000000000000000 ) ) ;
#1070 = CARTESIAN_POINT ( 'NONE',  ( 0.8387307916592871004, 0.0000000000000000000, 1.000509197329640054 ) ) ;
#1071 = COLOUR_RGB ( '',0.0000000000000000000, 0.0000000000000000000, 0.0000000000000000000 ) ;
#1072 = VERTEX_POINT ( 'NONE', #265 ) ;
#1073 = STYLED_ITEM ( 'NONE', ( #173 ), #409 ) ;
#1074 = EDGE_CURVE ( 'NONE', #535, #556, #1261, .T. ) ;
#1075 = FILL_AREA_STYLE_COLOUR ( '', #632 ) ;
#1076 = SHAPE_REPRESENTATION_RELATIONSHIP ( 'NONE' , 'NONE' ,  #454, #647 ) ;
#1077 = AXIS2_PLACEMENT_3D ( 'NONE', #857, #386, #185 ) ;
#1078 = SURFACE_STYLE_FILL_AREA ( #637 ) ;
#1079 = AXIS2_PLACEMENT_3D ( 'NONE', #639, #768, #1114 ) ;
#1080 = PRODUCT_DEFINITION_SHAPE ( 'NONE', 'NONE',  #1411 ) ;
#1081 = DIRECTION ( 'NONE',  ( 0.0000000000000000000, 0.0000000000000000000, 1.000000000000000000 ) ) ;
#1082 = ORIENTED_EDGE ( 'NONE', *, *, #1358, .F. ) ;
#1083 = FILL_AREA_STYLE ('',( #645 ) ) ;
#1084 = ADVANCED_FACE ( 'NONE', ( #1243 ), #830, .F. ) ;
#1085 = UNCERTAINTY_MEASURE_WITH_UNIT (LENGTH_MEASURE( 1.000000000000000082E-05 ), #1272, 'distance_accuracy_value', 'NONE');
#1086 = CARTESIAN_POINT ( 'NONE',  ( 0.4912392677401239971, -0.4299999999999999933, 0.2239223826504060100 ) ) ;
#1087 = DIRECTION ( 'NONE',  ( 0.0000000000000000000, 0.0000000000000000000, 1.000000000000000000 ) ) ;
#1088 = UNCERTAINTY_MEASURE_WITH_UNIT (LENGTH_MEASURE( 1.000000000000000082E-05 ), #1354, 'distance_accuracy_value', 'NONE');
#1089 = CARTESIAN_POINT ( 'NONE',  ( 2.649999999999999911, 0.0000000000000000000, 0.0000000000000000000 ) ) ;
#1090 =( LENGTH_UNIT ( ) NAMED_UNIT ( * ) SI_UNIT ( .MILLI., .METRE. ) );
#1091 = VERTEX_POINT ( 'NONE', #1132 ) ;
#1092 = CARTESIAN_POINT ( 'NONE',  ( 0.4912392677401242191, -0.4299999999999999933, 0.2239223826504060377 ) ) ;
#1093 = ITEM_DEFINED_TRANSFORMATION ( 'NONE', 'NONE', #352,  #219 ) ;
#1094 = PRODUCT_DEFINITION_SHAPE ( 'NONE', 'NONE',  #1408 ) ;
#1095 = LINE ( 'NONE', #1308, #400 ) ;
#1096 = CARTESIAN_POINT ( 'NONE',  ( 1.120638577895060051, 0.0000000000000000000, 0.9979031543319351050 ) ) ;
#1097 = DIRECTION ( 'NONE',  ( 0.0000000000000000000, 0.0000000000000000000, 1.000000000000000000 ) ) ;
#1098 = FILL_AREA_STYLE ('',( #232 ) ) ;
#1099 = COLOUR_RGB ( '',0.8000000000000000444, 0.8000000000000000444, 0.8000000000000000444 ) ;
#1100 = AXIS2_PLACEMENT_3D ( 'NONE', #1040, #584, #57 ) ;
#1101 = CARTESIAN_POINT ( 'NONE',  ( 1.026669315816469252, -0.4299999999999999933, 0.9321051686645022150 ) ) ;
#1102 = UNCERTAINTY_MEASURE_WITH_UNIT (LENGTH_MEASURE( 1.000000000000000082E-05 ), #1062, 'distance_accuracy_value', 'NONE');
#1103 = SURFACE_STYLE_USAGE ( .BOTH. , #854 ) ;
#1104 = AXIS2_PLACEMENT_3D ( 'NONE', #360, #1131, #921 ) ;
#1105 = SURFACE_SIDE_STYLE ('',( #1221 ) ) ;
#1106 = DIRECTION ( 'NONE',  ( -1.000000000000000000, 0.0000000000000000000, 0.0000000000000000000 ) ) ;
#1107 = UNCERTAINTY_MEASURE_WITH_UNIT (LENGTH_MEASURE( 1.000000000000000082E-05 ), #1287, 'distance_accuracy_value', 'NONE');
#1108 = SURFACE_SIDE_STYLE ('',( #981 ) ) ;
#1109 = AXIS2_PLACEMENT_3D ( 'NONE', #537, #761, #1198 ) ;
#1110 = FILL_AREA_STYLE ('',( #1212 ) ) ;
#1111 = ADVANCED_FACE ( 'NONE', ( #1355 ), #594, .T. ) ;
#1112 = PRESENTATION_STYLE_ASSIGNMENT (( #1207 ) ) ;
#1113 = CARTESIAN_POINT ( 'NONE',  ( -2.649999999999999911, -5.099999999999999645, 1.000000000000000000 ) ) ;
#1114 = DIRECTION ( 'NONE',  ( -1.000000000000000000, 0.0000000000000000000, 0.0000000000000000000 ) ) ;
#1115 = APPLICATION_CONTEXT ( 'automotive_design' ) ;
#1116 = FILL_AREA_STYLE ('',( #215 ) ) ;
#1117 = ORIENTED_EDGE ( 'NONE', *, *, #1389, .F. ) ;
#1118 = PRESENTATION_STYLE_ASSIGNMENT (( #884 ) ) ;
#1119 = PRESENTATION_STYLE_ASSIGNMENT (( #892 ) ) ;
#1120 = CARTESIAN_POINT ( 'NONE',  ( 1.026669315816469696, -0.4299999999999999933, 0.9321051686645019929 ) ) ;
#1121 = DIRECTION ( 'NONE',  ( 1.000000000000000000, 0.0000000000000000000, 0.0000000000000000000 ) ) ;
#1122 = CARTESIAN_POINT ( 'NONE',  ( 2.649999999999999911, -5.099999999999999645, 1.000000000000000000 ) ) ;
#1123 = COLOUR_RGB ( '',0.8000000000000000444, 0.8000000000000000444, 0.8000000000000000444 ) ;
#1124 = DIRECTION ( 'NONE',  ( 1.000000000000000000, 0.0000000000000000000, -0.0000000000000000000 ) ) ;
#1125 = AXIS2_PLACEMENT_3D ( 'NONE', #539, #562, #131 ) ;
#1126 = CARTESIAN_POINT ( 'NONE',  ( 1.800389730898471319, -4.054237263837520366, 1.873816547412978872 ) ) ;
#1127 = PRODUCT_DEFINITION_CONTEXT ( 'detailed design', #1115, 'design' ) ;
#1128 = DIRECTION ( 'NONE',  ( 0.0000000000000000000, 0.0000000000000000000, 1.000000000000000000 ) ) ;
#1129 = DIRECTION ( 'NONE',  ( 0.0000000000000000000, 0.0000000000000000000, 1.000000000000000000 ) ) ;
#1130 = EDGE_CURVE ( 'NONE', #348, #839, #235, .T. ) ;
#1131 = DIRECTION ( 'NONE',  ( 1.000000000000000000, -8.503546450866699582E-17, 0.0000000000000000000 ) ) ;
#1132 = CARTESIAN_POINT ( 'NONE',  ( 2.649999999999999467, 5.100000000000000533, 1.000000000000000000 ) ) ;
#1133 = ORIENTED_EDGE ( 'NONE', *, *, #1055, .F. ) ;
#1134 = CARTESIAN_POINT ( 'NONE',  ( -0.01046719124858890015, -0.4299999999999999933, 0.1976290612828499882 ) ) ;
#1135 = APPLICATION_CONTEXT ( 'automotive_design' ) ;
#1136 =( NAMED_UNIT ( * ) PLANE_ANGLE_UNIT ( ) SI_UNIT ( $, .RADIAN. ) );
#1137 = PRODUCT_RELATED_PRODUCT_CATEGORY ( 'part', '', ( #694 ) ) ;
#1138 = ADVANCED_FACE ( 'NONE', ( #383 ), #298, .F. ) ;
#1139 = ORIENTED_EDGE ( 'NONE', *, *, #918, .F. ) ;
#1140 = CARTESIAN_POINT ( 'NONE',  ( 1.902261340511109289, -4.470978350849606819, 1.391426945140703753 ) ) ;
#1141 = SURFACE_STYLE_USAGE ( .BOTH. , #813 ) ;
#1142 = DIRECTION ( 'NONE',  ( 0.0000000000000000000, 0.0000000000000000000, 1.000000000000000000 ) ) ;
#1143 = VECTOR ( 'NONE', #1339, 1000.000000000000000 ) ;
#1144 = PRESENTATION_LAYER_ASSIGNMENT (  '', '', ( #236 ) ) ;
#1145 = AXIS2_PLACEMENT_3D ( 'NONE', #42, #936, #249 ) ;
#1146 = EDGE_CURVE ( 'NONE', #190, #1091, #792, .T. ) ;
#1147 = ORIENTED_EDGE ( 'NONE', *, *, #55, .F. ) ;
#1148 = AXIS2_PLACEMENT_3D ( 'NONE', #554, #1209, #35 ) ;
#1149 = PRESENTATION_STYLE_ASSIGNMENT (( #1342 ) ) ;
#1150 = ITEM_DEFINED_TRANSFORMATION ( 'NONE', 'NONE', #669,  #219 ) ;
#1151 = CARTESIAN_POINT ( 'NONE',  ( 1.300000000000000266, -0.4299999999999999933, 0.9979031543319351050 ) ) ;
#1152 = ORIENTED_EDGE ( 'NONE', *, *, #918, .T. ) ;
#1153 = CARTESIAN_POINT ( 'NONE',  ( 1.120638577895060273, 0.0000000000000000000, 1.197903154331932507 ) ) ;
#1154 =( NAMED_UNIT ( * ) PLANE_ANGLE_UNIT ( ) SI_UNIT ( $, .RADIAN. ) );
#1155 = CARTESIAN_POINT ( 'NONE',  ( -2.649999999999999911, 5.099999999999999645, 0.0000000000000000000 ) ) ;
#1156 = PRESENTATION_STYLE_ASSIGNMENT (( #374 ) ) ;
#1157 = ORIENTED_EDGE ( 'NONE', *, *, #611, .T. ) ;
#1158 = FILL_AREA_STYLE ('',( #394 ) ) ;
#1159 = CONTEXT_DEPENDENT_SHAPE_REPRESENTATION ( #324, #1080 ) ;
#1160 = STYLED_ITEM ( 'NONE', ( #1038 ), #1378 ) ;
#1161 = ORIENTED_EDGE ( 'NONE', *, *, #623, .T. ) ;
#1162 = LINE ( 'NONE', #650, #301 ) ;
#1163 = ORIENTED_EDGE ( 'NONE', *, *, #127, .F. ) ;
#1164 = MECHANICAL_DESIGN_GEOMETRIC_PRESENTATION_REPRESENTATION (  '', ( #138 ), #589 ) ;
#1165 = COLOUR_RGB ( '',0.7921568627450980005, 0.8196078431372548767, 0.9333333333333333481 ) ;
#1166 = DIRECTION ( 'NONE',  ( 0.0000000000000000000, 1.000000000000000000, 0.0000000000000000000 ) ) ;
#1167 = CONTEXT_DEPENDENT_SHAPE_REPRESENTATION ( #499, #828 ) ;
#1168 = PRODUCT_DEFINITION_SHAPE ( 'NONE', 'NONE',  #1418 ) ;
#1169 = UNCERTAINTY_MEASURE_WITH_UNIT (LENGTH_MEASURE( 1.000000000000000082E-05 ), #1206, 'distance_accuracy_value', 'NONE');
#1170 = EDGE_CURVE ( 'NONE', #259, #723, #212, .T. ) ;
#1171 = ORIENTED_EDGE ( 'NONE', *, *, #1001, .F. ) ;
#1172 = CARTESIAN_POINT ( 'NONE',  ( 1.300000000000000266, 0.0000000000000000000, 1.197903154331930065 ) ) ;
#1173 = EDGE_LOOP ( 'NONE', ( #86, #1386, #600, #184 ) ) ;
#1174 = LINE ( 'NONE', #625, #79 ) ;
#1175 = DIRECTION ( 'NONE',  ( 0.0000000000000000000, 0.0000000000000000000, 1.000000000000000000 ) ) ;
#1176 = VERTEX_POINT ( 'NONE', #1120 ) ;
#1177 = PRESENTATION_STYLE_ASSIGNMENT (( #1103 ) ) ;
#1178 =( REPRESENTATION_RELATIONSHIP ('NONE','NONE', #223, #1341 ) REPRESENTATION_RELATIONSHIP_WITH_TRANSFORMATION ( #685 )SHAPE_REPRESENTATION_RELATIONSHIP( ) );
#1179 = EDGE_CURVE ( 'NONE', #1072, #367, #375, .T. ) ;
#1180 = ORIENTED_EDGE ( 'NONE', *, *, #99, .T. ) ;
#1181 = SURFACE_STYLE_USAGE ( .BOTH. , #850 ) ;
#1182 = UNCERTAINTY_MEASURE_WITH_UNIT (LENGTH_MEASURE( 1.000000000000000082E-05 ), #728, 'distance_accuracy_value', 'NONE');
#1183 =( NAMED_UNIT ( * ) PLANE_ANGLE_UNIT ( ) SI_UNIT ( $, .RADIAN. ) );
#1184 = DIRECTION ( 'NONE',  ( -1.000000000000000000, 0.0000000000000000000, 0.0000000000000000000 ) ) ;
#1185 = LINE ( 'NONE', #1200, #988 ) ;
#1186 = PRESENTATION_LAYER_ASSIGNMENT (  '', '', ( #798 ) ) ;
#1187 = LINE ( 'NONE', #67, #253 ) ;
#1188 = AXIS2_PLACEMENT_3D ( 'NONE', #2, #536, #128 ) ;
#1189 = COLOUR_RGB ( '',0.8000000000000000444, 0.8000000000000000444, 0.8000000000000000444 ) ;
#1190 = ORIENTED_EDGE ( 'NONE', *, *, #1179, .T. ) ;
#1191 = MECHANICAL_DESIGN_GEOMETRIC_PRESENTATION_REPRESENTATION (  '', ( #690 ), #111 ) ;
#1192 = VECTOR ( 'NONE', #66, 1000.000000000000000 ) ;
#1193 = COLOUR_RGB ( '',0.8000000000000000444, 0.8000000000000000444, 0.8000000000000000444 ) ;
#1194 =( NAMED_UNIT ( * ) PLANE_ANGLE_UNIT ( ) SI_UNIT ( $, .RADIAN. ) );
#1195 = ITEM_DEFINED_TRANSFORMATION ( 'NONE', 'NONE', #994,  #219 ) ;
#1196 = SURFACE_STYLE_FILL_AREA ( #441 ) ;
#1197 = SURFACE_SIDE_STYLE ('',( #760 ) ) ;
#1198 = DIRECTION ( 'NONE',  ( -1.000000000000000000, 0.0000000000000000000, 0.0000000000000000000 ) ) ;
#1199 = AXIS2_PLACEMENT_3D ( 'NONE', #424, #1015, #1238 ) ;
#1200 = CARTESIAN_POINT ( 'NONE',  ( 1.300000000000000266, 0.0000000000000000000, 0.9979031543319351050 ) ) ;
#1201 = VERTEX_POINT ( 'NONE', #337 ) ;
#1202 = DIRECTION ( 'NONE',  ( -0.0000000000000000000, -1.000000000000000000, -0.0000000000000000000 ) ) ;
#1203 =( NAMED_UNIT ( * ) PLANE_ANGLE_UNIT ( ) SI_UNIT ( $, .RADIAN. ) );
#1204 = DIRECTION ( 'NONE',  ( 0.0000000000000000000, 1.000000000000000000, 0.0000000000000000000 ) ) ;
#1205 = DIRECTION ( 'NONE',  ( -1.000000000000000000, 0.0000000000000000000, 0.0000000000000000000 ) ) ;
#1206 =( LENGTH_UNIT ( ) NAMED_UNIT ( * ) SI_UNIT ( .MILLI., .METRE. ) );
#1207 = SURFACE_STYLE_USAGE ( .BOTH. , #909 ) ;
#1208 =( NAMED_UNIT ( * ) PLANE_ANGLE_UNIT ( ) SI_UNIT ( $, .RADIAN. ) );
#1209 = DIRECTION ( 'NONE',  ( 0.0000000000000000000, 0.0000000000000000000, 1.000000000000000000 ) ) ;
#1210 =( REPRESENTATION_RELATIONSHIP ('NONE','NONE', #223, #1341 ) REPRESENTATION_RELATIONSHIP_WITH_TRANSFORMATION ( #646 )SHAPE_REPRESENTATION_RELATIONSHIP( ) );
#1211 = CARTESIAN_POINT ( 'NONE',  ( 1.120638577895060051, -0.4299999999999999933, 0.9979031543319351050 ) ) ;
#1212 = FILL_AREA_STYLE_COLOUR ( '', #174 ) ;
#1213 = COLOUR_RGB ( '',0.8000000000000000444, 0.8000000000000000444, 0.8000000000000000444 ) ;
#1214 = MECHANICAL_DESIGN_GEOMETRIC_PRESENTATION_REPRESENTATION (  '', ( #606 ), #256 ) ;
#1215 = MECHANICAL_DESIGN_GEOMETRIC_PRESENTATION_REPRESENTATION (  '', ( #756 ), #1006 ) ;
#1216 =( GEOMETRIC_REPRESENTATION_CONTEXT ( 3 ) GLOBAL_UNCERTAINTY_ASSIGNED_CONTEXT ( ( #1169 ) ) GLOBAL_UNIT_ASSIGNED_CONTEXT ( ( #1206, #1233, #570 ) ) REPRESENTATION_CONTEXT ( 'NONE', 'WORKASPACE' ) );
#1217 = COLOUR_RGB ( '',0.0000000000000000000, 0.0000000000000000000, 0.0000000000000000000 ) ;
#1218 = DIRECTION ( 'NONE',  ( 0.0000000000000000000, -1.000000000000000000, 0.0000000000000000000 ) ) ;
#1219 = STYLED_ITEM ( 'NONE', ( #793 ), #150 ) ;
#1220 = EDGE_CURVE ( 'NONE', #747, #971, #144, .T. ) ;
#1221 = SURFACE_STYLE_FILL_AREA ( #1309 ) ;
#1222 = DIRECTION ( 'NONE',  ( 0.0000000000000000000, 0.0000000000000000000, 1.000000000000000000 ) ) ;
#1223 = ADVANCED_FACE ( 'NONE', ( #662, #230 ), #442, .T. ) ;
#1224 = MECHANICAL_DESIGN_GEOMETRIC_PRESENTATION_REPRESENTATION (  '', ( #778 ), #330 ) ;
#1225 = SURFACE_SIDE_STYLE ('',( #121 ) ) ;
#1226 = DIRECTION ( 'NONE',  ( 0.9363291775690445462, 7.962118654760186472E-17, 0.3511234415883918158 ) ) ;
#1227 = CARTESIAN_POINT ( 'NONE',  ( 1.435521557876785037, -4.321806619868319821, 1.800000000000000266 ) ) ;
#1228 = SHAPE_DEFINITION_REPRESENTATION ( #1244, #223 ) ;
#1229 = CARTESIAN_POINT ( 'NONE',  ( 1.599610696073095806, -4.054237263837520366, 1.873815538763859312 ) ) ;
#1230 = CARTESIAN_POINT ( 'NONE',  ( 1.964502829722904798, -4.390752381177676966, 1.800000000000291589 ) ) ;
#1231 = SHAPE_DEFINITION_REPRESENTATION ( #1041, #454 ) ;
#1232 = PLANE ( 'NONE',  #56 ) ;
#1233 =( NAMED_UNIT ( * ) PLANE_ANGLE_UNIT ( ) SI_UNIT ( $, .RADIAN. ) );
#1234 = EDGE_CURVE ( 'NONE', #976, #747, #1324, .T. ) ;
#1235 = LINE ( 'NONE', #695, #872 ) ;
#1236 = COLOUR_RGB ( '',0.8000000000000000444, 0.8000000000000000444, 0.8000000000000000444 ) ;
#1237 =( NAMED_UNIT ( * ) SI_UNIT ( $, .STERADIAN. ) SOLID_ANGLE_UNIT ( ) );
#1238 = DIRECTION ( 'NONE',  ( 1.000000000000000000, 0.0000000000000000000, 0.0000000000000000000 ) ) ;
#1239 = VECTOR ( 'NONE', #651, 1000.000000000000000 ) ;
#1240 =( GEOMETRIC_REPRESENTATION_CONTEXT ( 3 ) GLOBAL_UNCERTAINTY_ASSIGNED_CONTEXT ( ( #353 ) ) GLOBAL_UNIT_ASSIGNED_CONTEXT ( ( #993, #335, #905 ) ) REPRESENTATION_CONTEXT ( 'NONE', 'WORKASPACE' ) );
#1241 = PRODUCT_DEFINITION_FORMATION_WITH_SPECIFIED_SOURCE ( 'ANY', '', #694, .NOT_KNOWN. ) ;
#1242 = CARTESIAN_POINT ( 'NONE',  ( -8.692739521548688682E-17, 7.228014483236695816E-17, -0.002096845668065248480 ) ) ;
#1243 = FACE_OUTER_BOUND ( 'NONE', #630, .T. ) ;
#1244 = PRODUCT_DEFINITION_SHAPE ( 'NONE', 'NONE',  #818 ) ;
#1245 = AXIS2_PLACEMENT_3D ( 'NONE', #193, #1087, #1106 ) ;
#1246 = SURFACE_STYLE_FILL_AREA ( #934 ) ;
#1247 = APPLICATION_PROTOCOL_DEFINITION ( 'draft international standard', 'automotive_design', 1998, #1115 ) ;
#1248 = EDGE_CURVE ( 'NONE', #507, #738, #847, .T. ) ;
#1249 = PLANE ( 'NONE',  #1145 ) ;
#1250 =( REPRESENTATION_RELATIONSHIP ('NONE','NONE', #223, #1341 ) REPRESENTATION_RELATIONSHIP_WITH_TRANSFORMATION ( #602 )SHAPE_REPRESENTATION_RELATIONSHIP( ) );
#1251 = ORIENTED_EDGE ( 'NONE', *, *, #721, .F. ) ;
#1252 =( GEOMETRIC_REPRESENTATION_CONTEXT ( 3 ) GLOBAL_UNCERTAINTY_ASSIGNED_CONTEXT ( ( #321 ) ) GLOBAL_UNIT_ASSIGNED_CONTEXT ( ( #1027, #941, #250 ) ) REPRESENTATION_CONTEXT ( 'NONE', 'WORKASPACE' ) );
#1253 = LINE ( 'NONE', #264, #1283 ) ;
#1254 =( NAMED_UNIT ( * ) SI_UNIT ( $, .STERADIAN. ) SOLID_ANGLE_UNIT ( ) );
#1255 = PRESENTATION_LAYER_ASSIGNMENT (  '', '', ( #36 ) ) ;
#1256 = EDGE_LOOP ( 'NONE', ( #701, #832, #912, #527 ) ) ;
#1257 = PRODUCT ( 'SOP16 Body', 'SOP16 Body', '', ( #248 ) ) ;
#1258 =( GEOMETRIC_REPRESENTATION_CONTEXT ( 3 ) GLOBAL_UNCERTAINTY_ASSIGNED_CONTEXT ( ( #1266 ) ) GLOBAL_UNIT_ASSIGNED_CONTEXT ( ( #581, #247, #1254 ) ) REPRESENTATION_CONTEXT ( 'NONE', 'WORKASPACE' ) );
#1259 = SURFACE_STYLE_USAGE ( .BOTH. , #731 ) ;
#1260 = CARTESIAN_POINT ( 'NONE',  ( 0.5017064589887131332, -0.4299999999999999933, 0.02419647569949166105 ) ) ;
#1261 = LINE ( 'NONE', #474, #515 ) ;
#1262 = ORIENTED_EDGE ( 'NONE', *, *, #306, .F. ) ;
#1263 = ORIENTED_EDGE ( 'NONE', *, *, #38, .T. ) ;
#1264 =( NAMED_UNIT ( * ) PLANE_ANGLE_UNIT ( ) SI_UNIT ( $, .RADIAN. ) );
#1265 = FILL_AREA_STYLE_COLOUR ( '', #1165 ) ;
#1266 = UNCERTAINTY_MEASURE_WITH_UNIT (LENGTH_MEASURE( 1.000000000000000082E-05 ), #581, 'distance_accuracy_value', 'NONE');
#1267 = PRODUCT_DEFINITION_SHAPE ( 'NONE', 'NONE',  #1410 ) ;
#1268 = ORIENTED_EDGE ( 'NONE', *, *, #38, .F. ) ;
#1269 = SURFACE_STYLE_FILL_AREA ( #347 ) ;
#1270 = ORIENTED_EDGE ( 'NONE', *, *, #706, .F. ) ;
#1271 = EDGE_CURVE ( 'NONE', #259, #160, #566, .T. ) ;
#1272 =( LENGTH_UNIT ( ) NAMED_UNIT ( * ) SI_UNIT ( .MILLI., .METRE. ) );
#1273 = CONTEXT_DEPENDENT_SHAPE_REPRESENTATION ( #238, #643 ) ;
#1274 = PLANE ( 'NONE',  #966 ) ;
#1275 =( GEOMETRIC_REPRESENTATION_CONTEXT ( 3 ) GLOBAL_UNCERTAINTY_ASSIGNED_CONTEXT ( ( #1383 ) ) GLOBAL_UNIT_ASSIGNED_CONTEXT ( ( #1296, #439, #636 ) ) REPRESENTATION_CONTEXT ( 'NONE', 'WORKASPACE' ) );
#1276 = PRESENTATION_LAYER_ASSIGNMENT (  '', '', ( #468 ) ) ;
#1277 = AXIS2_PLACEMENT_3D ( 'NONE', #1399, #668, #776 ) ;
#1278 = VECTOR ( 'NONE', #655, 1000.000000000000000 ) ;
#1279 = ORIENTED_EDGE ( 'NONE', *, *, #145, .F. ) ;
#1280 = SURFACE_SIDE_STYLE ('',( #1301 ) ) ;
#1281 = ORIENTED_EDGE ( 'NONE', *, *, #1220, .T. ) ;
#1282 = VERTEX_POINT ( 'NONE', #1096 ) ;
#1283 = VECTOR ( 'NONE', #257, 1000.000000000000000 ) ;
#1284 =( GEOMETRIC_REPRESENTATION_CONTEXT ( 3 ) GLOBAL_UNCERTAINTY_ASSIGNED_CONTEXT ( ( #1297 ) ) GLOBAL_UNIT_ASSIGNED_CONTEXT ( ( #1291, #1194, #1043 ) ) REPRESENTATION_CONTEXT ( 'NONE', 'WORKASPACE' ) );
#1285 = PRESENTATION_STYLE_ASSIGNMENT (( #1181 ) ) ;
#1286 = UNCERTAINTY_MEASURE_WITH_UNIT (LENGTH_MEASURE( 1.000000000000000082E-05 ), #471, 'distance_accuracy_value', 'NONE');
#1287 =( LENGTH_UNIT ( ) NAMED_UNIT ( * ) SI_UNIT ( .MILLI., .METRE. ) );
#1288 = CARTESIAN_POINT ( 'NONE',  ( 1.120638577895060051, 0.0000000000000000000, 0.8979031543319350162 ) ) ;
#1289 = ORIENTED_EDGE ( 'NONE', *, *, #222, .F. ) ;
#1290 =( NAMED_UNIT ( * ) SI_UNIT ( $, .STERADIAN. ) SOLID_ANGLE_UNIT ( ) );
#1291 =( LENGTH_UNIT ( ) NAMED_UNIT ( * ) SI_UNIT ( .MILLI., .METRE. ) );
#1292 = EDGE_CURVE ( 'NONE', #1314, #1201, #217, .T. ) ;
#1293 = ORIENTED_EDGE ( 'NONE', *, *, #1074, .F. ) ;
#1294 = EDGE_LOOP ( 'NONE', ( #732, #1190 ) ) ;
#1295 = PRODUCT_DEFINITION_SHAPE ( 'NONE', 'NONE',  #1400 ) ;
#1296 =( LENGTH_UNIT ( ) NAMED_UNIT ( * ) SI_UNIT ( .MILLI., .METRE. ) );
#1297 = UNCERTAINTY_MEASURE_WITH_UNIT (LENGTH_MEASURE( 1.000000000000000082E-05 ), #1291, 'distance_accuracy_value', 'NONE');
#1298 = DIRECTION ( 'NONE',  ( -0.0000000000000000000, -1.000000000000000000, -0.0000000000000000000 ) ) ;
#1299 = DIRECTION ( 'NONE',  ( 0.0000000000000000000, 0.0000000000000000000, 1.000000000000000000 ) ) ;
#1300 = ORIENTED_EDGE ( 'NONE', *, *, #108, .F. ) ;
#1301 = SURFACE_STYLE_FILL_AREA ( #390 ) ;
#1302 = ORIENTED_EDGE ( 'NONE', *, *, #901, .T. ) ;
#1303 =( GEOMETRIC_REPRESENTATION_CONTEXT ( 3 ) GLOBAL_UNCERTAINTY_ASSIGNED_CONTEXT ( ( #3 ) ) GLOBAL_UNIT_ASSIGNED_CONTEXT ( ( #339, #889, #689 ) ) REPRESENTATION_CONTEXT ( 'NONE', 'WORKASPACE' ) );
#1304 = CLOSED_SHELL ( 'NONE', ( #724, #1016, #1378, #666, #1111, #1084, #1138, #409, #433, #150, #284, #1029, #771, #502 ) ) ;
#1305 =( GEOMETRIC_REPRESENTATION_CONTEXT ( 3 ) GLOBAL_UNCERTAINTY_ASSIGNED_CONTEXT ( ( #1107 ) ) GLOBAL_UNIT_ASSIGNED_CONTEXT ( ( #1287, #1183, #950 ) ) REPRESENTATION_CONTEXT ( 'NONE', 'WORKASPACE' ) );
#1306 = LINE ( 'NONE', #95, #54 ) ;
#1307 = CONTEXT_DEPENDENT_SHAPE_REPRESENTATION ( #923, #429 ) ;
#1308 = CARTESIAN_POINT ( 'NONE',  ( -2.649999999999999911, 5.099999999999999645, 1.000000000000000000 ) ) ;
#1309 = FILL_AREA_STYLE ('',( #878 ) ) ;
#1310 = DIRECTION ( 'NONE',  ( -1.000000000000000000, 0.0000000000000000000, 0.0000000000000000000 ) ) ;
#1311 = PRODUCT_DEFINITION_SHAPE ( 'NONE', 'NONE',  #1422 ) ;
#1312 = CARTESIAN_POINT ( 'NONE',  ( 0.0000000000000000000, 0.0000000000000000000, 0.0000000000000000000 ) ) ;
#1313 = FILL_AREA_STYLE_COLOUR ( '', #758 ) ;
#1314 = VERTEX_POINT ( 'NONE', #1260 ) ;
#1315 = CARTESIAN_POINT ( 'NONE',  ( 0.5799749341944200332, 0.0000000000000000000, 0.2895833217932973769 ) ) ;
#1316 = CARTESIAN_POINT ( 'NONE',  ( 1.300000000000000266, -0.4299999999999999933, 0.9979031543319351050 ) ) ;
#1317 = DIRECTION ( 'NONE',  ( -1.000000000000000000, 0.0000000000000000000, 0.0000000000000000000 ) ) ;
#1318 = DIRECTION ( 'NONE',  ( 0.0000000000000000000, 0.0000000000000000000, 1.000000000000000000 ) ) ;
#1319 = PLANE ( 'NONE',  #446 ) ;
#1320 = DIRECTION ( 'NONE',  ( -0.9363291775690445462, 7.962118654760186472E-17, 0.3511234415883918158 ) ) ;
#1321 =( REPRESENTATION_RELATIONSHIP ('NONE','NONE', #223, #1341 ) REPRESENTATION_RELATIONSHIP_WITH_TRANSFORMATION ( #364 )SHAPE_REPRESENTATION_RELATIONSHIP( ) );
#1322 = FACE_OUTER_BOUND ( 'NONE', #932, .T. ) ;
#1323 = EDGE_CURVE ( 'NONE', #747, #677, #1357, .T. ) ;
#1324 = LINE ( 'NONE', #1113, #277 ) ;
#1325 = DIRECTION ( 'NONE',  ( -1.000000000000000000, 0.0000000000000000000, 0.0000000000000000000 ) ) ;
#1326 = FACE_OUTER_BOUND ( 'NONE', #961, .T. ) ;
#1327 = SURFACE_SIDE_STYLE ('',( #26 ) ) ;
#1328 = CIRCLE ( 'NONE', #821, 0.2999999999999999334 ) ;
#1329 = VECTOR ( 'NONE', #519, 1000.000000000000000 ) ;
#1331 = AXIS2_PLACEMENT_3D ( 'NONE', #774, #312, #532 ) ;
#1330 =( REPRESENTATION_RELATIONSHIP ('NONE','NONE', #223, #1341 ) REPRESENTATION_RELATIONSHIP_WITH_TRANSFORMATION ( #262 )SHAPE_REPRESENTATION_RELATIONSHIP( ) );
#1332 = PRODUCT_DEFINITION_FORMATION_WITH_SPECIFIED_SOURCE ( 'ANY', '', #89, .NOT_KNOWN. ) ;
#1333 = DIRECTION ( 'NONE',  ( -1.000000000000000000, 0.0000000000000000000, 0.0000000000000000000 ) ) ;
#1334 = APPLICATION_PROTOCOL_DEFINITION ( 'draft international standard', 'automotive_design', 1998, #1135 ) ;
#1335 = AXIS2_PLACEMENT_3D ( 'NONE', #323, #1222, #1184 ) ;
#1336 = DIRECTION ( 'NONE',  ( 0.9986295347545739443, 0.0000000000000000000, 0.05233595624294409832 ) ) ;
#1337 = FACE_OUTER_BOUND ( 'NONE', #1173, .T. ) ;
#1338 = DIRECTION ( 'NONE',  ( 1.000000000000000000, 0.0000000000000000000, 0.0000000000000000000 ) ) ;
#1339 = DIRECTION ( 'NONE',  ( -8.503546450866699582E-17, 1.000000000000000000, -0.0000000000000000000 ) ) ;
#1340 = DIRECTION ( 'NONE',  ( 0.05233595624294409832, 0.0000000000000000000, -0.9986295347545739443 ) ) ;
#1341 = SHAPE_REPRESENTATION ( 'Foot SOP16', ( #219 ), #1372 ) ;
#1342 = SURFACE_STYLE_USAGE ( .BOTH. , #796 ) ;
#1343 = FILL_AREA_STYLE_COLOUR ( '', #638 ) ;
#1344 = PLANE ( 'NONE',  #1100 ) ;
#1345 = ORIENTED_EDGE ( 'NONE', *, *, #55, .T. ) ;
#1346 = COLOUR_RGB ( '',0.0000000000000000000, 0.0000000000000000000, 0.0000000000000000000 ) ;
#1347 = DIRECTION ( 'NONE',  ( 1.000000000000000000, 0.0000000000000000000, 0.0000000000000000000 ) ) ;
#1348 = COLOUR_RGB ( '',0.0000000000000000000, 0.0000000000000000000, 0.0000000000000000000 ) ;
#1349 = PRESENTATION_STYLE_ASSIGNMENT (( #466 ) ) ;
#1350 =( REPRESENTATION_RELATIONSHIP ('NONE','NONE', #223, #1341 ) REPRESENTATION_RELATIONSHIP_WITH_TRANSFORMATION ( #161 )SHAPE_REPRESENTATION_RELATIONSHIP( ) );
#1351 = ORIENTED_EDGE ( 'NONE', *, *, #657, .F. ) ;
#1352 = CARTESIAN_POINT ( 'NONE',  ( -2.649999999999999911, -5.099999999999999645, 1.800000000000000266 ) ) ;
#1353 = DIRECTION ( 'NONE',  ( 1.000000000000000000, 0.0000000000000000000, 0.0000000000000000000 ) ) ;
#1354 =( LENGTH_UNIT ( ) NAMED_UNIT ( * ) SI_UNIT ( .MILLI., .METRE. ) );
#1355 = FACE_OUTER_BOUND ( 'NONE', #1256, .T. ) ;
#1356 = ORIENTED_EDGE ( 'NONE', *, *, #831, .T. ) ;
#1357 = LINE ( 'NONE', #1363, #1026 ) ;
#1358 = EDGE_CURVE ( 'NONE', #305, #535, #371, .T. ) ;
#1359 =( NAMED_UNIT ( * ) SI_UNIT ( $, .STERADIAN. ) SOLID_ANGLE_UNIT ( ) );
#1360 = ORIENTED_EDGE ( 'NONE', *, *, #1292, .F. ) ;
#1361 = ORIENTED_EDGE ( 'NONE', *, *, #1292, .T. ) ;
#1362 = SURFACE_STYLE_FILL_AREA ( #289 ) ;
#1363 = CARTESIAN_POINT ( 'NONE',  ( -2.350000000000000089, 1.998333415953680127E-16, 1.800000000000000266 ) ) ;
#1364 = AXIS2_PLACEMENT_3D ( 'NONE', #633, #1166, #1050 ) ;
#1365 = MECHANICAL_DESIGN_GEOMETRIC_PRESENTATION_REPRESENTATION (  '', ( #1160 ), #172 ) ;
#1366 = PRESENTATION_STYLE_ASSIGNMENT (( #575 ) ) ;
#1367 = COLOUR_RGB ( '',0.8000000000000000444, 0.8000000000000000444, 0.8000000000000000444 ) ;
#1368 = FILL_AREA_STYLE ('',( #48 ) ) ;
#1369 = STYLED_ITEM ( 'NONE', ( #514 ), #284 ) ;
#1370 = STYLED_ITEM ( 'NONE', ( #1112 ), #502 ) ;
#1371 = ORIENTED_EDGE ( 'NONE', *, *, #122, .T. ) ;
#1372 =( GEOMETRIC_REPRESENTATION_CONTEXT ( 3 ) GLOBAL_UNCERTAINTY_ASSIGNED_CONTEXT ( ( #1085 ) ) GLOBAL_UNIT_ASSIGNED_CONTEXT ( ( #1272, #395, #973 ) ) REPRESENTATION_CONTEXT ( 'NONE', 'WORKASPACE' ) );
#1373 = CARTESIAN_POINT ( 'NONE',  ( 1.964454021477268331, -4.252673881903935360, 1.800000000000291811 ) ) ;
#1374 =( NAMED_UNIT ( * ) PLANE_ANGLE_UNIT ( ) SI_UNIT ( $, .RADIAN. ) );
#1375 =( LENGTH_UNIT ( ) NAMED_UNIT ( * ) SI_UNIT ( .MILLI., .METRE. ) );
#1376 = CARTESIAN_POINT ( 'NONE',  ( -2.350000000000000089, 5.099999999999999645, 1.800000000000000266 ) ) ;
#1377 =( NAMED_UNIT ( * ) SI_UNIT ( $, .STERADIAN. ) SOLID_ANGLE_UNIT ( ) );
#1378 = ADVANCED_FACE ( 'NONE', ( #165 ), #24, .F. ) ;
#1379 = ORIENTED_EDGE ( 'NONE', *, *, #851, .T. ) ;
#1380 =( LENGTH_UNIT ( ) NAMED_UNIT ( * ) SI_UNIT ( .MILLI., .METRE. ) );
#1381 = PRESENTATION_STYLE_ASSIGNMENT (( #52 ) ) ;
#1382 = MANIFOLD_SOLID_BREP ( 'Imported1', #1028 ) ;
#1383 = UNCERTAINTY_MEASURE_WITH_UNIT (LENGTH_MEASURE( 1.000000000000000082E-05 ), #1296, 'distance_accuracy_value', 'NONE');
#1384 = LINE ( 'NONE', #620, #877 ) ;
#1385 = PRODUCT_DEFINITION_SHAPE ( 'NONE', 'NONE',  #1424 ) ;
#1386 = ORIENTED_EDGE ( 'NONE', *, *, #644, .F. ) ;
#1387 = DIRECTION ( 'NONE',  ( 0.3420201433256691015, -0.0000000000000000000, 0.9396926207859083169 ) ) ;
#1388 = VERTEX_POINT ( 'NONE', #1019 ) ;
#1389 = EDGE_CURVE ( 'NONE', #754, #61, #595, .T. ) ;
#1390 =( NAMED_UNIT ( * ) SI_UNIT ( $, .STERADIAN. ) SOLID_ANGLE_UNIT ( ) );
#1391 = CONTEXT_DEPENDENT_SHAPE_REPRESENTATION ( #1250, #1094 ) ;
#1392 =( REPRESENTATION_RELATIONSHIP ('NONE','NONE', #223, #1341 ) REPRESENTATION_RELATIONSHIP_WITH_TRANSFORMATION ( #619 )SHAPE_REPRESENTATION_RELATIONSHIP( ) );
#1393 = FILL_AREA_STYLE ('',( #735 ) ) ;
#1394 = STYLED_ITEM ( 'NONE', ( #1118 ), #724 ) ;
#1395 = PRESENTATION_LAYER_ASSIGNMENT (  '', '', ( #756 ) ) ;
#1396 = CIRCLE ( 'NONE', #635, 0.2999999999999999334 ) ;
#1397 = ORIENTED_EDGE ( 'NONE', *, *, #883, .T. ) ;
#1398 = LINE ( 'NONE', #1070, #81 ) ;
#1399 = CARTESIAN_POINT ( 'NONE',  ( 0.4912392677401239971, -0.4299999999999999933, 0.2239223826504060100 ) ) ;
#1400 = NEXT_ASSEMBLY_USAGE_OCCURRENCE ( 'NAUO1', ' ', ' ', #818, #925, $ ) ;
#1401 = NEXT_ASSEMBLY_USAGE_OCCURRENCE ( 'NAUO2', ' ', ' ', #818, #779, $ ) ;
#1402 = NEXT_ASSEMBLY_USAGE_OCCURRENCE ( 'NAUO3', ' ', ' ', #818, #779, $ ) ;
#1403 = NEXT_ASSEMBLY_USAGE_OCCURRENCE ( 'NAUO4', ' ', ' ', #818, #779, $ ) ;
#1404 = NEXT_ASSEMBLY_USAGE_OCCURRENCE ( 'NAUO5', ' ', ' ', #818, #779, $ ) ;
#1405 = NEXT_ASSEMBLY_USAGE_OCCURRENCE ( 'NAUO6', ' ', ' ', #818, #779, $ ) ;
#1406 = NEXT_ASSEMBLY_USAGE_OCCURRENCE ( 'NAUO7', ' ', ' ', #818, #779, $ ) ;
#1407 = NEXT_ASSEMBLY_USAGE_OCCURRENCE ( 'NAUO8', ' ', ' ', #818, #779, $ ) ;
#1408 = NEXT_ASSEMBLY_USAGE_OCCURRENCE ( 'NAUO9', ' ', ' ', #818, #779, $ ) ;
#1409 = NEXT_ASSEMBLY_USAGE_OCCURRENCE ( 'NAUO10', ' ', ' ', #818, #779, $ ) ;
#1410 = NEXT_ASSEMBLY_USAGE_OCCURRENCE ( 'NAUO11', ' ', ' ', #818, #779, $ ) ;
#1411 = NEXT_ASSEMBLY_USAGE_OCCURRENCE ( 'NAUO12', ' ', ' ', #818, #779, $ ) ;
#1412 = NEXT_ASSEMBLY_USAGE_OCCURRENCE ( 'NAUO13', ' ', ' ', #818, #779, $ ) ;
#1413 = NEXT_ASSEMBLY_USAGE_OCCURRENCE ( 'NAUO14', ' ', ' ', #818, #779, $ ) ;
#1414 = NEXT_ASSEMBLY_USAGE_OCCURRENCE ( 'NAUO15', ' ', ' ', #818, #779, $ ) ;
#1415 = NEXT_ASSEMBLY_USAGE_OCCURRENCE ( 'NAUO16', ' ', ' ', #818, #779, $ ) ;
#1416 = NEXT_ASSEMBLY_USAGE_OCCURRENCE ( 'NAUO17', ' ', ' ', #818, #779, $ ) ;
#1417 = NEXT_ASSEMBLY_USAGE_OCCURRENCE ( 'NAUO18', ' ', ' ', #818, #779, $ ) ;
#1418 = NEXT_ASSEMBLY_USAGE_OCCURRENCE ( 'NAUO19', ' ', ' ', #818, #779, $ ) ;
#1419 = NEXT_ASSEMBLY_USAGE_OCCURRENCE ( 'NAUO20', ' ', ' ', #818, #779, $ ) ;
#1420 = NEXT_ASSEMBLY_USAGE_OCCURRENCE ( 'NAUO21', ' ', ' ', #818, #779, $ ) ;
#1421 = NEXT_ASSEMBLY_USAGE_OCCURRENCE ( 'NAUO22', ' ', ' ', #818, #779, $ ) ;
#1422 = NEXT_ASSEMBLY_USAGE_OCCURRENCE ( 'NAUO23', ' ', ' ', #818, #779, $ ) ;
#1423 = NEXT_ASSEMBLY_USAGE_OCCURRENCE ( 'NAUO24', ' ', ' ', #818, #779, $ ) ;
#1424 = NEXT_ASSEMBLY_USAGE_OCCURRENCE ( 'NAUO25', ' ', ' ', #818, #779, $ ) ;
#1425 = NEXT_ASSEMBLY_USAGE_OCCURRENCE ( 'NAUO26', ' ', ' ', #818, #779, $ ) ;
#1426 = NEXT_ASSEMBLY_USAGE_OCCURRENCE ( 'NAUO27', ' ', ' ', #818, #779, $ ) ;
#1427 = NEXT_ASSEMBLY_USAGE_OCCURRENCE ( 'NAUO28', ' ', ' ', #818, #779, $ ) ;
#1428 = NEXT_ASSEMBLY_USAGE_OCCURRENCE ( 'NAUO29', ' ', ' ', #818, #779, $ ) ;
ENDSEC;
END-ISO-10303-21;
