ISO-10303-21;
HEADER;
FILE_DESCRIPTION (( 'STEP AP214' ),
    '1' );
FILE_NAME ('AQ3045-01ETG.STEP',
    '2026-03-03T08:02:28',
    ( 'LENOVO' ),
    ( '' ),
    'SwSTEP 2.0',
    'SolidWorks 2021',
    '' );
FILE_SCHEMA (( 'AUTOMOTIVE_DESIGN' ));
ENDSEC;

DATA;
#1 = SURFACE_SIDE_STYLE ('',( #401 ) ) ;
#2 = ORIENTED_EDGE ( 'NONE', *, *, #761, .T. ) ;
#3 = ORIENTED_EDGE ( 'NONE', *, *, #1099, .T. ) ;
#4 = AXIS2_PLACEMENT_3D ( 'NONE', #1924, #214, #1473 ) ;
#5 = SURFACE_STYLE_USAGE ( .BOTH. , #955 ) ;
#6 = AXIS2_PLACEMENT_3D ( 'NONE', #2150, #915, #1887 ) ;
#7 = VECTOR ( 'NONE', #2657, 1000.000000000000000 ) ;
#8 = ORIENTED_EDGE ( 'NONE', *, *, #584, .F. ) ;
#9 = ORIENTED_EDGE ( 'NONE', *, *, #848, .T. ) ;
#10 = EDGE_LOOP ( 'NONE', ( #474, #868, #2744, #3096 ) ) ;
#11 = CARTESIAN_POINT ( 'NONE',  ( -0.4099999999999999756, 0.07699999999999999900, 0.2499999999999997780 ) ) ;
#12 = DIRECTION ( 'NONE',  ( -1.000000000000000000, 0.000000000000000000, -3.388131789017201849E-16 ) ) ;
#13 = ORIENTED_EDGE ( 'NONE', *, *, #2795, .T. ) ;
#14 = LINE ( 'NONE', #1418, #2191 ) ;
#15 = DIRECTION ( 'NONE',  ( -3.388131789017202342E-16, -0.000000000000000000, 1.000000000000000000 ) ) ;
#16 = DIRECTION ( 'NONE',  ( 1.000000000000000000, -0.000000000000000000, -0.000000000000000000 ) ) ;
#17 = EDGE_LOOP ( 'NONE', ( #3007, #1864, #916, #1809 ) ) ;
#18 = ORIENTED_EDGE ( 'NONE', *, *, #2711, .T. ) ;
#19 = PRESENTATION_STYLE_ASSIGNMENT (( #156 ) ) ;
#20 = ORIENTED_EDGE ( 'NONE', *, *, #383, .F. ) ;
#21 = VECTOR ( 'NONE', #2237, 1000.000000000000000 ) ;
#22 =( LENGTH_UNIT ( ) NAMED_UNIT ( * ) SI_UNIT ( .MILLI., .METRE. ) );
#23 = ORIENTED_EDGE ( 'NONE', *, *, #2480, .T. ) ;
#24 = CARTESIAN_POINT ( 'NONE',  ( 0.2500000000000000000, 0.07699999999999999900, 0.2499999999999997780 ) ) ;
#25 = EDGE_CURVE ( 'NONE', #749, #833, #2266, .T. ) ;
#26 = ORIENTED_EDGE ( 'NONE', *, *, #192, .F. ) ;
#27 = VERTEX_POINT ( 'NONE', #1259 ) ;
#28 = DIRECTION ( 'NONE',  ( -0.000000000000000000, -1.000000000000000000, -0.000000000000000000 ) ) ;
#29 = EDGE_LOOP ( 'NONE', ( #1102, #1781, #619, #2749 ) ) ;
#30 = DIRECTION ( 'NONE',  ( 1.000000000000000000, 0.000000000000000000, 0.000000000000000000 ) ) ;
#31 = CARTESIAN_POINT ( 'NONE',  ( 0.000000000000000000, 0.07699999999999999900, 0.000000000000000000 ) ) ;
#32 = ORIENTED_EDGE ( 'NONE', *, *, #2297, .F. ) ;
#33 = DIRECTION ( 'NONE',  ( -0.000000000000000000, 1.000000000000000000, 0.000000000000000000 ) ) ;
#34 = CARTESIAN_POINT ( 'NONE',  ( 0.5000000000000000000, 0.07699999999999999900, -0.2300000000000000100 ) ) ;
#35 = ORIENTED_EDGE ( 'NONE', *, *, #870, .F. ) ;
#36 = ORIENTED_EDGE ( 'NONE', *, *, #1164, .T. ) ;
#37 = DIRECTION ( 'NONE',  ( -0.000000000000000000, 0.000000000000000000, -1.000000000000000000 ) ) ;
#38 = DIRECTION ( 'NONE',  ( -0.000000000000000000, -0.000000000000000000, 1.000000000000000000 ) ) ;
#39 = LINE ( 'NONE', #433, #3272 ) ;
#40 = VERTEX_POINT ( 'NONE', #2038 ) ;
#41 = CARTESIAN_POINT ( 'NONE',  ( -0.5000000000000000000, 0.5500000000000000444, -0.2999999999999999889 ) ) ;
#42 = EDGE_CURVE ( 'NONE', #2418, #1111, #1184, .T. ) ;
#43 = ORIENTED_EDGE ( 'NONE', *, *, #928, .T. ) ;
#44 = ORIENTED_EDGE ( 'NONE', *, *, #1526, .T. ) ;
#45 = CARTESIAN_POINT ( 'NONE',  ( -0.4500000000000000111, 0.000000000000000000, 0.2500000000000000000 ) ) ;
#46 = ADVANCED_FACE ( 'NONE', ( #108 ), #1690, .F. ) ;
#47 = DIRECTION ( 'NONE',  ( 0.000000000000000000, 0.000000000000000000, -1.000000000000000000 ) ) ;
#48 = ORIENTED_EDGE ( 'NONE', *, *, #2593, .T. ) ;
#49 = EDGE_CURVE ( 'NONE', #1832, #1730, #671, .T. ) ;
#50 = ORIENTED_EDGE ( 'NONE', *, *, #1883, .F. ) ;
#51 = ORIENTED_EDGE ( 'NONE', *, *, #2538, .F. ) ;
#52 = ORIENTED_EDGE ( 'NONE', *, *, #2874, .T. ) ;
#53 = STYLED_ITEM ( 'NONE', ( #2152 ), #2788 ) ;
#54 = CARTESIAN_POINT ( 'NONE',  ( 0.000000000000000000, 0.5500000000000000444, 0.000000000000000000 ) ) ;
#55 = CARTESIAN_POINT ( 'NONE',  ( -0.4999999999999997780, 0.07699999999999999900, -0.09999999999999993616 ) ) ;
#56 = ORIENTED_EDGE ( 'NONE', *, *, #273, .T. ) ;
#57 = ORIENTED_EDGE ( 'NONE', *, *, #1511, .F. ) ;
#58 = EDGE_CURVE ( 'NONE', #2070, #860, #1748, .T. ) ;
#59 = DIRECTION ( 'NONE',  ( -1.000000000000000000, 0.000000000000000000, -0.000000000000000000 ) ) ;
#60 = FACE_OUTER_BOUND ( 'NONE', #709, .T. ) ;
#61 = DIRECTION ( 'NONE',  ( 0.000000000000000000, 0.000000000000000000, 1.000000000000000000 ) ) ;
#62 = ORIENTED_EDGE ( 'NONE', *, *, #1898, .T. ) ;
#63 = CARTESIAN_POINT ( 'NONE',  ( 0.2500000000000000000, -0.09063054614240209639, 0.2999999999999998224 ) ) ;
#64 = CARTESIAN_POINT ( 'NONE',  ( 0.4099999999999998646, 0.1270000000000000018, 0.2999999999999999889 ) ) ;
#65 = ORIENTED_EDGE ( 'NONE', *, *, #2376, .T. ) ;
#66 = VERTEX_POINT ( 'NONE', #1655 ) ;
#67 = SURFACE_SIDE_STYLE ('',( #2476 ) ) ;
#68 = ORIENTED_EDGE ( 'NONE', *, *, #2789, .F. ) ;
#69 = FILL_AREA_STYLE ('',( #2800 ) ) ;
#70 = EDGE_CURVE ( 'NONE', #2012, #2077, #1684, .T. ) ;
#71 = EDGE_LOOP ( 'NONE', ( #3162, #965, #3174, #3157 ) ) ;
#72 = ORIENTED_EDGE ( 'NONE', *, *, #117, .T. ) ;
#73 = CARTESIAN_POINT ( 'NONE',  ( -0.2500000000000000000, 0.07699999999999999900, -0.2499999999999997780 ) ) ;
#74 = DIRECTION ( 'NONE',  ( 2.168404344971008868E-16, 0.000000000000000000, 1.000000000000000000 ) ) ;
#75 = ORIENTED_EDGE ( 'NONE', *, *, #698, .T. ) ;
#76 = ORIENTED_EDGE ( 'NONE', *, *, #3052, .T. ) ;
#77 = ORIENTED_EDGE ( 'NONE', *, *, #295, .F. ) ;
#78 = CARTESIAN_POINT ( 'NONE',  ( 0.4099999999999999756, 0.1270000000000000018, -0.2499999999999997780 ) ) ;
#79 = AXIS2_PLACEMENT_3D ( 'NONE', #898, #1489, #1644 ) ;
#80 = DIRECTION ( 'NONE',  ( -0.000000000000000000, 1.000000000000000000, 0.000000000000000000 ) ) ;
#81 = VERTEX_POINT ( 'NONE', #2279 ) ;
#82 = PLANE ( 'NONE',  #1549 ) ;
#83 = VECTOR ( 'NONE', #1279, 1000.000000000000000 ) ;
#84 = FILL_AREA_STYLE ('',( #1263 ) ) ;
#85 = AXIS2_PLACEMENT_3D ( 'NONE', #1292, #533, #2762 ) ;
#86 = DIRECTION ( 'NONE',  ( -1.000000000000000000, 0.000000000000000000, -2.168404344971008868E-16 ) ) ;
#87 = VERTEX_POINT ( 'NONE', #461 ) ;
#88 = CARTESIAN_POINT ( 'NONE',  ( -0.1999999999999999833, 0.000000000000000000, -0.2499999999999999445 ) ) ;
#89 = EDGE_CURVE ( 'NONE', #1787, #3246, #2865, .T. ) ;
#90 = CARTESIAN_POINT ( 'NONE',  ( -0.4999999999999997780, 0.07699999999999999900, -0.09999999999999993616 ) ) ;
#91 = DIRECTION ( 'NONE',  ( -0.000000000000000000, 1.000000000000000000, 0.000000000000000000 ) ) ;
#92 = ORIENTED_EDGE ( 'NONE', *, *, #2495, .F. ) ;
#93 = ORIENTED_EDGE ( 'NONE', *, *, #2434, .F. ) ;
#94 = ADVANCED_FACE ( 'NONE', ( #2853 ), #2687, .F. ) ;
#95 = CARTESIAN_POINT ( 'NONE',  ( -0.4999999999999997780, 0.07699999999999999900, -0.09999999999999993616 ) ) ;
#96 = VECTOR ( 'NONE', #623, 1000.000000000000000 ) ;
#97 = ORIENTED_EDGE ( 'NONE', *, *, #112, .F. ) ;
#98 = ORIENTED_EDGE ( 'NONE', *, *, #1923, .F. ) ;
#99 = CARTESIAN_POINT ( 'NONE',  ( 0.000000000000000000, 0.1270000000000000018, 0.000000000000000000 ) ) ;
#100 = LINE ( 'NONE', #899, #187 ) ;
#101 = DIRECTION ( 'NONE',  ( -0.000000000000000000, -0.000000000000000000, 1.000000000000000000 ) ) ;
#102 = EDGE_CURVE ( 'NONE', #1648, #1117, #1693, .T. ) ;
#103 = DIRECTION ( 'NONE',  ( 1.668003342285390663E-15, 0.000000000000000000, -1.000000000000000000 ) ) ;
#104 = ORIENTED_EDGE ( 'NONE', *, *, #1474, .F. ) ;
#105 = CARTESIAN_POINT ( 'NONE',  ( -0.5000000000000000000, 0.1270000000000000018, 0.2300000000000000100 ) ) ;
#106 = DIRECTION ( 'NONE',  ( -0.000000000000000000, 1.000000000000000000, 0.000000000000000000 ) ) ;
#107 = LINE ( 'NONE', #1321, #2369 ) ;
#108 = FACE_OUTER_BOUND ( 'NONE', #2913, .T. ) ;
#109 = ORIENTED_EDGE ( 'NONE', *, *, #2500, .T. ) ;
#110 = PLANE ( 'NONE',  #2625 ) ;
#111 = DIRECTION ( 'NONE',  ( 0.000000000000000000, 1.000000000000000000, 0.000000000000000000 ) ) ;
#112 = EDGE_CURVE ( 'NONE', #2899, #27, #2819, .T. ) ;
#113 = ORIENTED_EDGE ( 'NONE', *, *, #1368, .T. ) ;
#114 = CARTESIAN_POINT ( 'NONE',  ( 0.4099999999999999756, 0.1270000000000000018, -0.2999999999999997669 ) ) ;
#115 = CARTESIAN_POINT ( 'NONE',  ( 0.5000000000000000000, 0.5500000000000000444, 0.2999999999999999889 ) ) ;
#116 = UNCERTAINTY_MEASURE_WITH_UNIT (LENGTH_MEASURE( 1.000000000000000082E-05 ), #22, 'distance_accuracy_value', 'NONE');
#117 = EDGE_CURVE ( 'NONE', #216, #2025, #605, .T. ) ;
#118 = ORIENTED_EDGE ( 'NONE', *, *, #1592, .F. ) ;
#119 = EDGE_LOOP ( 'NONE', ( #864, #155, #1979, #886 ) ) ;
#120 = DIRECTION ( 'NONE',  ( 1.000000000000000000, -0.000000000000000000, -0.000000000000000000 ) ) ;
#121 = ADVANCED_FACE ( 'NONE', ( #1717 ), #2314, .T. ) ;
#122 = LINE ( 'NONE', #2948, #1214 ) ;
#123 = ORIENTED_EDGE ( 'NONE', *, *, #179, .T. ) ;
#124 = AXIS2_PLACEMENT_3D ( 'NONE', #1138, #2028, #2080 ) ;
#125 = SURFACE_STYLE_USAGE ( .BOTH. , #164 ) ;
#126 = DIRECTION ( 'NONE',  ( -0.000000000000000000, 1.000000000000000000, 0.000000000000000000 ) ) ;
#127 = VECTOR ( 'NONE', #871, 1000.000000000000000 ) ;
#128 = EDGE_CURVE ( 'NONE', #896, #959, #2779, .T. ) ;
#129 = CARTESIAN_POINT ( 'NONE',  ( -0.4500000000000000111, -0.09063054614240209639, 0.2300000000000000100 ) ) ;
#130 = CARTESIAN_POINT ( 'NONE',  ( -0.5000000000000000000, 0.1270000000000000018, -0.2300000000000000100 ) ) ;
#131 = DIRECTION ( 'NONE',  ( 1.000000000000000000, -0.000000000000000000, -2.168404344971008868E-16 ) ) ;
#132 = FACE_OUTER_BOUND ( 'NONE', #1998, .T. ) ;
#133 = EDGE_CURVE ( 'NONE', #1831, #2087, #612, .T. ) ;
#134 = CARTESIAN_POINT ( 'NONE',  ( -0.5000000000000000000, -0.09063054614240209639, 0.2300000000000000100 ) ) ;
#135 = FACE_OUTER_BOUND ( 'NONE', #2177, .T. ) ;
#136 = CARTESIAN_POINT ( 'NONE',  ( -0.4500000000000000111, 0.07699999999999999900, 0.2300000000000000100 ) ) ;
#137 = ORIENTED_EDGE ( 'NONE', *, *, #3270, .F. ) ;
#138 = CARTESIAN_POINT ( 'NONE',  ( 0.4500000000000000111, 0.05000000000000002359, 0.2500000000000000000 ) ) ;
#139 = EDGE_CURVE ( 'NONE', #977, #2946, #2802, .T. ) ;
#140 = ADVANCED_FACE ( 'NONE', ( #667 ), #1155, .T. ) ;
#141 = LINE ( 'NONE', #1234, #1227 ) ;
#142 = PLANE ( 'NONE',  #2852 ) ;
#143 = ORIENTED_EDGE ( 'NONE', *, *, #2752, .F. ) ;
#144 = ADVANCED_FACE ( 'NONE', ( #2760 ), #839, .T. ) ;
#145 = DIRECTION ( 'NONE',  ( 0.000000000000000000, 1.000000000000000000, 0.000000000000000000 ) ) ;
#146 =( NAMED_UNIT ( * ) SI_UNIT ( $, .STERADIAN. ) SOLID_ANGLE_UNIT ( ) );
#147 = LINE ( 'NONE', #2460, #1230 ) ;
#148 = ADVANCED_FACE ( 'NONE', ( #1679 ), #1129, .T. ) ;
#149 = ORIENTED_EDGE ( 'NONE', *, *, #1610, .F. ) ;
#150 = DIRECTION ( 'NONE',  ( -1.000000000000000000, 0.000000000000000000, 0.000000000000000000 ) ) ;
#151 = AXIS2_PLACEMENT_3D ( 'NONE', #2897, #3212, #2457 ) ;
#152 = CARTESIAN_POINT ( 'NONE',  ( -0.1999999999999999833, 0.000000000000000000, 0.2500000000000000555 ) ) ;
#153 = CARTESIAN_POINT ( 'NONE',  ( -0.1999999999999999833, 0.05000000000000000278, -0.2499999999999999445 ) ) ;
#154 = VECTOR ( 'NONE', #2628, 1000.000000000000000 ) ;
#155 = ORIENTED_EDGE ( 'NONE', *, *, #2088, .F. ) ;
#156 = SURFACE_STYLE_USAGE ( .BOTH. , #1619 ) ;
#157 = EDGE_CURVE ( 'NONE', #2935, #2326, #1657, .T. ) ;
#158 = LINE ( 'NONE', #683, #96 ) ;
#159 = EDGE_LOOP ( 'NONE', ( #2379, #2346, #2410, #940 ) ) ;
#160 = AXIS2_PLACEMENT_3D ( 'NONE', #2951, #2432, #3192 ) ;
#161 = AXIS2_PLACEMENT_3D ( 'NONE', #825, #2533, #2823 ) ;
#162 = CARTESIAN_POINT ( 'NONE',  ( 0.000000000000000000, 0.1270000000000000018, 0.000000000000000000 ) ) ;
#163 = ORIENTED_EDGE ( 'NONE', *, *, #2283, .T. ) ;
#164 = SURFACE_SIDE_STYLE ('',( #2529 ) ) ;
#165 = CARTESIAN_POINT ( 'NONE',  ( -0.1999999999999999833, 0.05000000000000000278, 0.2500000000000000555 ) ) ;
#166 = EDGE_CURVE ( 'NONE', #2773, #2001, #1660, .T. ) ;
#167 = ORIENTED_EDGE ( 'NONE', *, *, #877, .T. ) ;
#168 = ADVANCED_FACE ( 'NONE', ( #1669 ), #2189, .T. ) ;
#169 = PLANE ( 'NONE',  #2660 ) ;
#170 = DIRECTION ( 'NONE',  ( 0.000000000000000000, -1.000000000000000000, 0.000000000000000000 ) ) ;
#171 = DIRECTION ( 'NONE',  ( 0.000000000000000000, 1.000000000000000000, 0.000000000000000000 ) ) ;
#172 = VECTOR ( 'NONE', #1267, 1000.000000000000000 ) ;
#173 = ORIENTED_EDGE ( 'NONE', *, *, #2548, .T. ) ;
#174 = LINE ( 'NONE', #1156, #1187 ) ;
#175 = CARTESIAN_POINT ( 'NONE',  ( -0.5000000000000000000, 0.5500000000000000444, 0.2999999999999999889 ) ) ;
#176 = EDGE_CURVE ( 'NONE', #2927, #1678, #2790, .T. ) ;
#177 = EDGE_LOOP ( 'NONE', ( #731, #2881, #2870, #3014 ) ) ;
#178 = EDGE_CURVE ( 'NONE', #1981, #1916, #587, .T. ) ;
#179 = EDGE_CURVE ( 'NONE', #1305, #81, #2824, .T. ) ;
#180 = SURFACE_STYLE_USAGE ( .BOTH. , #1645 ) ;
#181 = ORIENTED_EDGE ( 'NONE', *, *, #1296, .T. ) ;
#182 = LINE ( 'NONE', #2226, #2361 ) ;
#183 = VECTOR ( 'NONE', #1977, 1000.000000000000000 ) ;
#184 = AXIS2_PLACEMENT_3D ( 'NONE', #1550, #792, #524 ) ;
#185 = CARTESIAN_POINT ( 'NONE',  ( -0.5000000000000000000, 0.000000000000000000, -0.2999999999999999889 ) ) ;
#186 = VECTOR ( 'NONE', #288, 1000.000000000000000 ) ;
#187 = VECTOR ( 'NONE', #666, 1000.000000000000000 ) ;
#188 = UNCERTAINTY_MEASURE_WITH_UNIT (LENGTH_MEASURE( 1.000000000000000082E-05 ), #508, 'distance_accuracy_value', 'NONE');
#189 = ADVANCED_FACE ( 'NONE', ( #2833 ), #3076, .F. ) ;
#190 = LINE ( 'NONE', #165, #2448 ) ;
#191 = CARTESIAN_POINT ( 'NONE',  ( -0.4099999999999999756, 0.1270000000000000018, 0.2999999999999997669 ) ) ;
#192 = EDGE_CURVE ( 'NONE', #985, #2012, #1698, .T. ) ;
#193 = CARTESIAN_POINT ( 'NONE',  ( 0.1999999999999999833, 0.05000000000000000278, -0.2499999999999999445 ) ) ;
#194 = LINE ( 'NONE', #1037, #2387 ) ;
#195 = CARTESIAN_POINT ( 'NONE',  ( 0.4999999999999997780, 0.07699999999999999900, 0.09999999999999993616 ) ) ;
#196 = EDGE_CURVE ( 'NONE', #1021, #611, #2810, .T. ) ;
#197 = PLANE ( 'NONE',  #2564 ) ;
#198 = VECTOR ( 'NONE', #380, 1000.000000000000000 ) ;
#199 = ORIENTED_EDGE ( 'NONE', *, *, #877, .F. ) ;
#200 = FILL_AREA_STYLE_COLOUR ( '', #2599 ) ;
#201 = VECTOR ( 'NONE', #1631, 1000.000000000000000 ) ;
#202 = EDGE_CURVE ( 'NONE', #2104, #3117, #1705, .T. ) ;
#203 = VECTOR ( 'NONE', #1842, 1000.000000000000000 ) ;
#204 = LINE ( 'NONE', #2719, #226 ) ;
#205 = FILL_AREA_STYLE ('',( #2621 ) ) ;
#206 = ORIENTED_EDGE ( 'NONE', *, *, #2317, .T. ) ;
#207 = CARTESIAN_POINT ( 'NONE',  ( -0.5000000000000000000, -0.09063054614240209639, -0.2300000000000000100 ) ) ;
#208 = ADVANCED_FACE ( 'NONE', ( #641 ), #2372, .F. ) ;
#209 = FACE_OUTER_BOUND ( 'NONE', #1071, .T. ) ;
#210 = EDGE_CURVE ( 'NONE', #853, #1112, #2828, .T. ) ;
#211 = ORIENTED_EDGE ( 'NONE', *, *, #1676, .T. ) ;
#212 = CARTESIAN_POINT ( 'NONE',  ( 0.1999999999999999833, 0.05000000000000000278, -0.2499999999999999445 ) ) ;
#213 = LINE ( 'NONE', #471, #2437 ) ;
#214 = DIRECTION ( 'NONE',  ( 0.000000000000000000, 1.000000000000000000, 0.000000000000000000 ) ) ;
#215 = AXIS2_PLACEMENT_3D ( 'NONE', #54, #3041, #1294 ) ;
#216 = VERTEX_POINT ( 'NONE', #1807 ) ;
#217 = DIRECTION ( 'NONE',  ( 0.000000000000000000, -0.000000000000000000, 1.000000000000000000 ) ) ;
#218 = FACE_OUTER_BOUND ( 'NONE', #933, .T. ) ;
#219 =( GEOMETRIC_REPRESENTATION_CONTEXT ( 3 ) GLOBAL_UNCERTAINTY_ASSIGNED_CONTEXT ( ( #2304 ) ) GLOBAL_UNIT_ASSIGNED_CONTEXT ( ( #2637, #1140, #2401 ) ) REPRESENTATION_CONTEXT ( 'NONE', 'WORKASPACE' ) );
#220 = ORIENTED_EDGE ( 'NONE', *, *, #1643, .F. ) ;
#221 = VECTOR ( 'NONE', #1182, 1000.000000000000000 ) ;
#222 = PLANE ( 'NONE',  #755 ) ;
#223 = DIRECTION ( 'NONE',  ( 0.000000000000000000, 1.000000000000000000, 0.000000000000000000 ) ) ;
#224 = VERTEX_POINT ( 'NONE', #2128 ) ;
#225 = DIRECTION ( 'NONE',  ( -1.668003342285390663E-15, 0.000000000000000000, -1.000000000000000000 ) ) ;
#226 = VECTOR ( 'NONE', #1726, 1000.000000000000000 ) ;
#227 = CARTESIAN_POINT ( 'NONE',  ( 0.000000000000000000, 0.1270000000000000018, 0.000000000000000000 ) ) ;
#228 = EDGE_CURVE ( 'NONE', #843, #1832, #655, .T. ) ;
#229 = DIRECTION ( 'NONE',  ( 0.000000000000000000, -0.000000000000000000, 1.000000000000000000 ) ) ;
#230 = ORIENTED_EDGE ( 'NONE', *, *, #934, .T. ) ;
#231 = ADVANCED_FACE ( 'NONE', ( #1727 ), #1680, .T. ) ;
#232 = LINE ( 'NONE', #775, #2425 ) ;
#233 = DIRECTION ( 'NONE',  ( -1.000000000000000000, -0.000000000000000000, 1.668003342285390663E-15 ) ) ;
#234 = EDGE_CURVE ( 'NONE', #1995, #2260, #2838, .T. ) ;
#235 = ORIENTED_EDGE ( 'NONE', *, *, #2655, .F. ) ;
#236 = CARTESIAN_POINT ( 'NONE',  ( 0.4500000000000000111, 0.000000000000000000, 0.2500000000000000000 ) ) ;
#237 = VECTOR ( 'NONE', #111, 1000.000000000000000 ) ;
#238 = CARTESIAN_POINT ( 'NONE',  ( -0.5000000000000000000, 0.5500000000000000444, 0.2999999999999999889 ) ) ;
#239 = CARTESIAN_POINT ( 'NONE',  ( -0.4099999999999999756, 0.07699999999999999900, -0.2999999999999997669 ) ) ;
#240 = PLANE ( 'NONE',  #2884 ) ;
#241 = EDGE_CURVE ( 'NONE', #815, #1783, #1760, .T. ) ;
#242 = DIRECTION ( 'NONE',  ( 0.000000000000000000, -1.000000000000000000, 0.000000000000000000 ) ) ;
#243 =( NAMED_UNIT ( * ) SI_UNIT ( $, .STERADIAN. ) SOLID_ANGLE_UNIT ( ) );
#244 =( NAMED_UNIT ( * ) PLANE_ANGLE_UNIT ( ) SI_UNIT ( $, .RADIAN. ) );
#245 = EDGE_CURVE ( 'NONE', #2781, #2319, #1652, .T. ) ;
#246 = LINE ( 'NONE', #1308, #1337 ) ;
#247 = CARTESIAN_POINT ( 'NONE',  ( -0.4999999999999997780, 0.1270000000000000018, 0.09999999999999993616 ) ) ;
#248 = LINE ( 'NONE', #105, #2572 ) ;
#249 = LINE ( 'NONE', #300, #198 ) ;
#250 = MECHANICAL_DESIGN_GEOMETRIC_PRESENTATION_REPRESENTATION (  '', ( #1729 ), #994 ) ;
#251 = ADVANCED_FACE ( 'NONE', ( #1778 ), #2676, .T. ) ;
#252 = PLANE ( 'NONE',  #2321 ) ;
#253 = CARTESIAN_POINT ( 'NONE',  ( 0.4500000000000000111, 0.07699999999999999900, 0.2300000000000000100 ) ) ;
#254 = AXIS2_PLACEMENT_3D ( 'NONE', #1639, #2413, #2622 ) ;
#255 = CARTESIAN_POINT ( 'NONE',  ( -0.2500000000000000000, 0.07699999999999999900, -0.2499999999999997780 ) ) ;
#256 = VECTOR ( 'NONE', #2083, 1000.000000000000000 ) ;
#257 = CARTESIAN_POINT ( 'NONE',  ( 0.1999999999999999833, 0.05000000000000000278, 0.2500000000000000555 ) ) ;
#258 = AXIS2_PLACEMENT_3D ( 'NONE', #1547, #1784, #561 ) ;
#259 = LINE ( 'NONE', #2900, #278 ) ;
#260 = DIRECTION ( 'NONE',  ( 1.000000000000000000, 0.000000000000000000, 0.000000000000000000 ) ) ;
#261 = CARTESIAN_POINT ( 'NONE',  ( 0.2500000000000000000, 0.07699999999999999900, -0.2499999999999997780 ) ) ;
#262 = PLANE ( 'NONE',  #184 ) ;
#263 = DIRECTION ( 'NONE',  ( 0.000000000000000000, 0.000000000000000000, -1.000000000000000000 ) ) ;
#264 = VECTOR ( 'NONE', #805, 1000.000000000000000 ) ;
#265 = EDGE_CURVE ( 'NONE', #2026, #1709, #1845, .T. ) ;
#266 = LINE ( 'NONE', #1814, #2507 ) ;
#267 = DIRECTION ( 'NONE',  ( 0.000000000000000000, 0.000000000000000000, 1.000000000000000000 ) ) ;
#268 = CARTESIAN_POINT ( 'NONE',  ( 0.5000000000000000000, 0.000000000000000000, 0.2999999999999999889 ) ) ;
#269 = CARTESIAN_POINT ( 'NONE',  ( 0.2500000000000000000, 0.1270000000000000018, 0.2499999999999997780 ) ) ;
#270 = VECTOR ( 'NONE', #1902, 1000.000000000000000 ) ;
#271 = PLANE ( 'NONE',  #491 ) ;
#272 = VECTOR ( 'NONE', #1763, 1000.000000000000000 ) ;
#273 = EDGE_CURVE ( 'NONE', #1095, #1791, #1839, .T. ) ;
#274 = DIRECTION ( 'NONE',  ( 1.000000000000000000, 0.000000000000000000, 2.168404344971008868E-16 ) ) ;
#275 = LINE ( 'NONE', #2360, #362 ) ;
#276 = VECTOR ( 'NONE', #1053, 1000.000000000000000 ) ;
#277 = DIRECTION ( 'NONE',  ( -0.000000000000000000, 1.000000000000000000, 0.000000000000000000 ) ) ;
#278 = VECTOR ( 'NONE', #2396, 1000.000000000000000 ) ;
#279 = DIRECTION ( 'NONE',  ( -3.388131789017202342E-16, 0.000000000000000000, -1.000000000000000000 ) ) ;
#280 = MECHANICAL_DESIGN_GEOMETRIC_PRESENTATION_REPRESENTATION (  '', ( #427 ), #1440 ) ;
#281 = DIRECTION ( 'NONE',  ( -2.168404344971008868E-16, 0.000000000000000000, -1.000000000000000000 ) ) ;
#282 = DIRECTION ( 'NONE',  ( -0.000000000000000000, 1.000000000000000000, 0.000000000000000000 ) ) ;
#283 = DIRECTION ( 'NONE',  ( 0.000000000000000000, 1.000000000000000000, 0.000000000000000000 ) ) ;
#284 = VECTOR ( 'NONE', #2630, 1000.000000000000000 ) ;
#285 = EDGE_CURVE ( 'NONE', #3139, #87, #771, .T. ) ;
#286 = CARTESIAN_POINT ( 'NONE',  ( -0.4099999999999999756, -0.09063054614240209639, -0.2499999999999997780 ) ) ;
#287 = FACE_OUTER_BOUND ( 'NONE', #2765, .T. ) ;
#288 = DIRECTION ( 'NONE',  ( 0.000000000000000000, 1.000000000000000000, 0.000000000000000000 ) ) ;
#289 = LINE ( 'NONE', #564, #364 ) ;
#290 =( GEOMETRIC_REPRESENTATION_CONTEXT ( 3 ) GLOBAL_UNCERTAINTY_ASSIGNED_CONTEXT ( ( #360 ) ) GLOBAL_UNIT_ASSIGNED_CONTEXT ( ( #2352, #1304, #146 ) ) REPRESENTATION_CONTEXT ( 'NONE', 'WORKASPACE' ) );
#291 = AXIS2_PLACEMENT_3D ( 'NONE', #516, #74, #754 ) ;
#292 = DIRECTION ( 'NONE',  ( -0.000000000000000000, -0.000000000000000000, 1.000000000000000000 ) ) ;
#293 = CARTESIAN_POINT ( 'NONE',  ( -0.4500000000000000111, 0.07699999999999999900, 0.09999999999999993616 ) ) ;
#294 = COLOUR_RGB ( '',1.000000000000000000, 0.8117647058823529438, 0.5019607843137254832 ) ;
#295 = EDGE_CURVE ( 'NONE', #2140, #3193, #742, .T. ) ;
#296 = ADVANCED_BREP_SHAPE_REPRESENTATION ( 'AQ3045-01ETG', ( #1609, #2563, #1168, #3082, #2586, #1385, #2788, #1624, #344, #585, #989, #2407 ), #1813 ) ;
#297 = CARTESIAN_POINT ( 'NONE',  ( -0.2500000000000000000, 0.07699999999999999900, -0.2499999999999997780 ) ) ;
#298 = CARTESIAN_POINT ( 'NONE',  ( -0.4500000000000000111, 0.1270000000000000018, -0.2300000000000000100 ) ) ;
#299 = VECTOR ( 'NONE', #2522, 1000.000000000000000 ) ;
#300 = CARTESIAN_POINT ( 'NONE',  ( -0.4500000000000000111, 0.05000000000000000278, 0.2500000000000000000 ) ) ;
#301 =( LENGTH_UNIT ( ) NAMED_UNIT ( * ) SI_UNIT ( .MILLI., .METRE. ) );
#302 = DIRECTION ( 'NONE',  ( 0.000000000000000000, 0.000000000000000000, -1.000000000000000000 ) ) ;
#303 = VECTOR ( 'NONE', #106, 1000.000000000000000 ) ;
#304 = DIRECTION ( 'NONE',  ( 0.000000000000000000, 0.000000000000000000, -1.000000000000000000 ) ) ;
#305 =( NAMED_UNIT ( * ) SI_UNIT ( $, .STERADIAN. ) SOLID_ANGLE_UNIT ( ) );
#306 = DIRECTION ( 'NONE',  ( 0.000000000000000000, -1.000000000000000000, 0.000000000000000000 ) ) ;
#307 = DIRECTION ( 'NONE',  ( 0.000000000000000000, 0.000000000000000000, -1.000000000000000000 ) ) ;
#308 = PRESENTATION_STYLE_ASSIGNMENT (( #1357 ) ) ;
#309 = EDGE_CURVE ( 'NONE', #2754, #1791, #801, .T. ) ;
#310 = CARTESIAN_POINT ( 'NONE',  ( -0.4500000000000000111, 0.07699999999999999900, 0.2300000000000000100 ) ) ;
#311 = PLANE ( 'NONE',  #1520 ) ;
#312 = PRESENTATION_STYLE_ASSIGNMENT (( #1485 ) ) ;
#313 = LINE ( 'NONE', #796, #1479 ) ;
#314 = FACE_OUTER_BOUND ( 'NONE', #1694, .T. ) ;
#315 = LINE ( 'NONE', #1341, #2578 ) ;
#316 = CARTESIAN_POINT ( 'NONE',  ( -0.1999999999999999833, 0.6090169943749473846, -0.2499999999999999445 ) ) ;
#317 = FACE_OUTER_BOUND ( 'NONE', #1944, .T. ) ;
#318 = ADVANCED_FACE ( 'NONE', ( #758 ), #699, .T. ) ;
#319 = DIRECTION ( 'NONE',  ( -1.000000000000000000, 0.000000000000000000, 0.000000000000000000 ) ) ;
#320 = AXIS2_PLACEMENT_3D ( 'NONE', #893, #1894, #580 ) ;
#321 = CARTESIAN_POINT ( 'NONE',  ( 0.5000000000000000000, 0.1270000000000000018, 0.2300000000000000100 ) ) ;
#322 = EDGE_CURVE ( 'NONE', #2946, #2873, #2964, .T. ) ;
#323 = VECTOR ( 'NONE', #2837, 1000.000000000000000 ) ;
#324 = LINE ( 'NONE', #1371, #2565 ) ;
#325 = DIRECTION ( 'NONE',  ( 0.000000000000000000, 0.000000000000000000, 1.000000000000000000 ) ) ;
#326 = PLANE ( 'NONE',  #1052 ) ;
#327 = CARTESIAN_POINT ( 'NONE',  ( -0.4500000000000000111, 0.000000000000000000, 0.2500000000000000000 ) ) ;
#328 = FACE_OUTER_BOUND ( 'NONE', #17, .T. ) ;
#329 = DIRECTION ( 'NONE',  ( -0.000000000000000000, 1.000000000000000000, 0.000000000000000000 ) ) ;
#330 = VECTOR ( 'NONE', #572, 1000.000000000000000 ) ;
#331 = VECTOR ( 'NONE', #3209, 1000.000000000000000 ) ;
#332 = LINE ( 'NONE', #1675, #2579 ) ;
#333 = CARTESIAN_POINT ( 'NONE',  ( 0.4999999999999997780, 0.07699999999999999900, 0.09999999999999993616 ) ) ;
#334 = LINE ( 'NONE', #1399, #1359 ) ;
#335 = EDGE_CURVE ( 'NONE', #1853, #1216, #1890, .T. ) ;
#336 = DIRECTION ( 'NONE',  ( -1.000000000000000000, 0.000000000000000000, 0.000000000000000000 ) ) ;
#337 = LINE ( 'NONE', #382, #2459 ) ;
#338 = FACE_OUTER_BOUND ( 'NONE', #881, .T. ) ;
#339 = ADVANCED_FACE ( 'NONE', ( #765 ), #1919, .T. ) ;
#340 = DIRECTION ( 'NONE',  ( 0.000000000000000000, 0.000000000000000000, -1.000000000000000000 ) ) ;
#341 = CARTESIAN_POINT ( 'NONE',  ( 0.2500000000000000000, 0.1270000000000000018, 0.2999999999999998224 ) ) ;
#342 = FACE_OUTER_BOUND ( 'NONE', #3234, .T. ) ;
#343 = VECTOR ( 'NONE', #86, 1000.000000000000000 ) ;
#344 = MANIFOLD_SOLID_BREP ( 'Boss-Extrude3[6]', #2242 ) ;
#345 = VECTOR ( 'NONE', #319, 1000.000000000000000 ) ;
#346 = CARTESIAN_POINT ( 'NONE',  ( -0.4099999999999999756, -0.09063054614240209639, 0.2499999999999997780 ) ) ;
#347 = FACE_OUTER_BOUND ( 'NONE', #958, .T. ) ;
#348 = LINE ( 'NONE', #768, #1426 ) ;
#349 = CARTESIAN_POINT ( 'NONE',  ( 0.4099999999999999756, 0.1270000000000000018, -0.2999999999999997669 ) ) ;
#350 = VECTOR ( 'NONE', #2851, 1000.000000000000000 ) ;
#351 = LINE ( 'NONE', #1132, #1340 ) ;
#352 = PLANE ( 'NONE',  #320 ) ;
#353 = VECTOR ( 'NONE', #283, 1000.000000000000000 ) ;
#354 = CARTESIAN_POINT ( 'NONE',  ( 0.2500000000000000000, 0.1270000000000000018, 0.2999999999999998224 ) ) ;
#355 = AXIS2_PLACEMENT_3D ( 'NONE', #1566, #2446, #2289 ) ;
#356 = VECTOR ( 'NONE', #1833, 1000.000000000000000 ) ;
#357 = CARTESIAN_POINT ( 'NONE',  ( -0.4500000000000000111, 0.07699999999999999900, -0.09999999999999993616 ) ) ;
#358 = VECTOR ( 'NONE', #3218, 1000.000000000000000 ) ;
#359 = PRODUCT_DEFINITION ( 'UNKNOWN', '', #1413, #2659 ) ;
#360 = UNCERTAINTY_MEASURE_WITH_UNIT (LENGTH_MEASURE( 1.000000000000000082E-05 ), #2352, 'distance_accuracy_value', 'NONE');
#361 = CARTESIAN_POINT ( 'NONE',  ( -0.1999999999999999833, 0.05000000000000000278, 0.2500000000000000555 ) ) ;
#362 = VECTOR ( 'NONE', #2804, 1000.000000000000000 ) ;
#363 = FACE_OUTER_BOUND ( 'NONE', #2748, .T. ) ;
#364 = VECTOR ( 'NONE', #2678, 1000.000000000000000 ) ;
#365 = PLANE ( 'NONE',  #3018 ) ;
#366 = DIRECTION ( 'NONE',  ( 0.000000000000000000, 0.000000000000000000, 1.000000000000000000 ) ) ;
#367 = SURFACE_SIDE_STYLE ('',( #429 ) ) ;
#368 = CARTESIAN_POINT ( 'NONE',  ( -0.4500000000000000111, 0.1270000000000000018, 0.2300000000000000100 ) ) ;
#369 = LINE ( 'NONE', #153, #330 ) ;
#370 = LINE ( 'NONE', #1350, #2498 ) ;
#371 = ADVANCED_FACE ( 'NONE', ( #1830 ), #2661, .T. ) ;
#372 = CARTESIAN_POINT ( 'NONE',  ( 0.4500000000000000111, 0.07699999999999999900, 0.2300000000000000100 ) ) ;
#373 = VECTOR ( 'NONE', #2301, 1000.000000000000000 ) ;
#374 = DIRECTION ( 'NONE',  ( -0.000000000000000000, -1.000000000000000000, -0.000000000000000000 ) ) ;
#375 = VECTOR ( 'NONE', #1229, 1000.000000000000000 ) ;
#376 = PRESENTATION_STYLE_ASSIGNMENT (( #1269 ) ) ;
#377 = CARTESIAN_POINT ( 'NONE',  ( -0.2500000000000000000, 0.07699999999999999900, -0.2999999999999998224 ) ) ;
#378 = EDGE_CURVE ( 'NONE', #1856, #617, #2931, .T. ) ;
#379 = LINE ( 'NONE', #565, #303 ) ;
#380 = DIRECTION ( 'NONE',  ( -0.000000000000000000, -0.000000000000000000, 1.000000000000000000 ) ) ;
#381 = LINE ( 'NONE', #2504, #276 ) ;
#382 = CARTESIAN_POINT ( 'NONE',  ( 0.5000000000000000000, 0.1270000000000000018, 0.2300000000000000100 ) ) ;
#383 = EDGE_CURVE ( 'NONE', #756, #943, #1878, .T. ) ;
#384 = DIRECTION ( 'NONE',  ( 0.000000000000000000, -0.000000000000000000, -1.000000000000000000 ) ) ;
#385 = FACE_OUTER_BOUND ( 'NONE', #2060, .T. ) ;
#386 = LINE ( 'NONE', #449, #1434 ) ;
#387 = VECTOR ( 'NONE', #2019, 1000.000000000000000 ) ;
#388 = LINE ( 'NONE', #1158, #2466 ) ;
#389 = CARTESIAN_POINT ( 'NONE',  ( -0.1999999999999999833, 0.05000000000000000278, -0.2499999999999999445 ) ) ;
#390 = CARTESIAN_POINT ( 'NONE',  ( 0.4099999999999999756, 0.07699999999999999900, 0.2499999999999997780 ) ) ;
#391 = EDGE_CURVE ( 'NONE', #2085, #2252, #785, .T. ) ;
#392 = VECTOR ( 'NONE', #2094, 1000.000000000000000 ) ;
#393 = VECTOR ( 'NONE', #282, 1000.000000000000000 ) ;
#394 = CARTESIAN_POINT ( 'NONE',  ( 0.5000000000000000000, 0.07699999999999999900, -0.2300000000000000100 ) ) ;
#395 = LINE ( 'NONE', #823, #1388 ) ;
#396 = DIRECTION ( 'NONE',  ( 0.000000000000000000, 0.000000000000000000, -1.000000000000000000 ) ) ;
#397 = VECTOR ( 'NONE', #1439, 1000.000000000000000 ) ;
#398 = DIRECTION ( 'NONE',  ( 1.000000000000000000, -0.000000000000000000, 0.000000000000000000 ) ) ;
#399 = ADVANCED_FACE ( 'NONE', ( #1884 ), #110, .F. ) ;
#400 = AXIS2_PLACEMENT_3D ( 'NONE', #503, #2756, #1134 ) ;
#401 = SURFACE_STYLE_FILL_AREA ( #1238 ) ;
#402 = SURFACE_STYLE_FILL_AREA ( #2072 ) ;
#403 = VECTOR ( 'NONE', #1387, 1000.000000000000000 ) ;
#404 = CARTESIAN_POINT ( 'NONE',  ( 0.000000000000000000, 0.07699999999999999900, 0.000000000000000000 ) ) ;
#405 = CARTESIAN_POINT ( 'NONE',  ( 0.2500000000000000000, 0.07699999999999999900, 0.2999999999999998224 ) ) ;
#406 = LINE ( 'NONE', #2378, #1396 ) ;
#407 = VECTOR ( 'NONE', #47, 1000.000000000000000 ) ;
#408 = DIRECTION ( 'NONE',  ( 0.000000000000000000, 0.000000000000000000, -1.000000000000000000 ) ) ;
#409 = DIRECTION ( 'NONE',  ( 0.000000000000000000, 0.000000000000000000, -1.000000000000000000 ) ) ;
#410 = LINE ( 'NONE', #2270, #1490 ) ;
#411 = VECTOR ( 'NONE', #2581, 1000.000000000000000 ) ;
#412 = EDGE_CURVE ( 'NONE', #1109, #1113, #2976, .T. ) ;
#413 = LINE ( 'NONE', #212, #1483 ) ;
#414 = DIRECTION ( 'NONE',  ( 0.000000000000000000, 0.000000000000000000, -1.000000000000000000 ) ) ;
#415 = VECTOR ( 'NONE', #2110, 1000.000000000000000 ) ;
#416 = DIRECTION ( 'NONE',  ( -0.000000000000000000, 1.000000000000000000, 0.000000000000000000 ) ) ;
#417 = EDGE_CURVE ( 'NONE', #1994, #866, #2997, .T. ) ;
#418 = CARTESIAN_POINT ( 'NONE',  ( 0.2500000000000000000, 0.1270000000000000018, -0.2499999999999997780 ) ) ;
#419 = LINE ( 'NONE', #41, #1540 ) ;
#420 = CARTESIAN_POINT ( 'NONE',  ( 0.4500000000000000111, 0.05000000000000002359, 0.2500000000000000000 ) ) ;
#421 = DIRECTION ( 'NONE',  ( -1.000000000000000000, 0.000000000000000000, -0.000000000000000000 ) ) ;
#422 = ADVANCED_FACE ( 'NONE', ( #1534 ), #2600, .F. ) ;
#423 = DIRECTION ( 'NONE',  ( 1.000000000000000000, 0.000000000000000000, -0.000000000000000000 ) ) ;
#424 = CARTESIAN_POINT ( 'NONE',  ( -0.4099999999999999756, 0.1270000000000000018, -0.2499999999999997780 ) ) ;
#425 = COLOUR_RGB ( '',0.2509803921568627416, 0.2509803921568627416, 0.2509803921568627416 ) ;
#426 = LINE ( 'NONE', #1394, #2663 ) ;
#427 = STYLED_ITEM ( 'NONE', ( #2894 ), #344 ) ;
#428 = DIRECTION ( 'NONE',  ( 0.000000000000000000, -0.000000000000000000, -1.000000000000000000 ) ) ;
#429 = SURFACE_STYLE_FILL_AREA ( #1770 ) ;
#430 = VECTOR ( 'NONE', #1161, 1000.000000000000000 ) ;
#431 = EDGE_CURVE ( 'NONE', #1816, #1190, #426, .T. ) ;
#432 = DIRECTION ( 'NONE',  ( 0.000000000000000000, -0.000000000000000000, 1.000000000000000000 ) ) ;
#433 = CARTESIAN_POINT ( 'NONE',  ( 0.2500000000000000000, 0.1270000000000000018, -0.2499999999999997780 ) ) ;
#434 = CARTESIAN_POINT ( 'NONE',  ( 0.4500000000000000111, 0.07699999999999999900, 0.2300000000000000100 ) ) ;
#435 = EDGE_CURVE ( 'NONE', #1790, #3015, #1562, .T. ) ;
#436 = CARTESIAN_POINT ( 'NONE',  ( -0.4500000000000000111, 0.05000000000000000278, -0.2500000000000000000 ) ) ;
#437 = MECHANICAL_DESIGN_GEOMETRIC_PRESENTATION_REPRESENTATION (  '', ( #2486 ), #219 ) ;
#438 = VECTOR ( 'NONE', #1115, 1000.000000000000000 ) ;
#439 = DIRECTION ( 'NONE',  ( 0.000000000000000000, 1.000000000000000000, 0.000000000000000000 ) ) ;
#440 = PLANE ( 'NONE',  #2463 ) ;
#441 = LINE ( 'NONE', #546, #1512 ) ;
#442 = DIRECTION ( 'NONE',  ( 1.000000000000000000, -0.000000000000000000, 0.000000000000000000 ) ) ;
#443 = CARTESIAN_POINT ( 'NONE',  ( 0.4999999999999997780, -0.09063054614240209639, 0.09999999999999993616 ) ) ;
#444 = EDGE_CURVE ( 'NONE', #216, #3136, #419, .T. ) ;
#445 = CARTESIAN_POINT ( 'NONE',  ( 0.2500000000000000000, 0.07699999999999999900, 0.2499999999999997780 ) ) ;
#446 = FACE_OUTER_BOUND ( 'NONE', #2877, .T. ) ;
#447 = PLANE ( 'NONE',  #1313 ) ;
#448 = EDGE_CURVE ( 'NONE', #2032, #1853, #2605, .T. ) ;
#449 = CARTESIAN_POINT ( 'NONE',  ( -0.2500000000000000000, 0.1270000000000000018, -0.2499999999999997780 ) ) ;
#450 = EDGE_CURVE ( 'NONE', #786, #737, #441, .T. ) ;
#451 = LINE ( 'NONE', #1379, #2677 ) ;
#452 = DIRECTION ( 'NONE',  ( -0.000000000000000000, -1.000000000000000000, -0.000000000000000000 ) ) ;
#453 = DIRECTION ( 'NONE',  ( -0.000000000000000000, -1.000000000000000000, -0.000000000000000000 ) ) ;
#454 = CARTESIAN_POINT ( 'NONE',  ( 0.4500000000000000111, 0.05000000000000002359, -0.2500000000000000000 ) ) ;
#455 = VECTOR ( 'NONE', #325, 1000.000000000000000 ) ;
#456 = CARTESIAN_POINT ( 'NONE',  ( 0.4999999999999997780, 0.1270000000000000018, 0.09999999999999993616 ) ) ;
#457 = LINE ( 'NONE', #2355, #1491 ) ;
#458 = EDGE_CURVE ( 'NONE', #3148, #873, #1515, .T. ) ;
#459 = DIRECTION ( 'NONE',  ( 0.000000000000000000, 0.000000000000000000, 1.000000000000000000 ) ) ;
#460 = ADVANCED_FACE ( 'NONE', ( #1536 ), #1552, .F. ) ;
#461 = CARTESIAN_POINT ( 'NONE',  ( -0.4500000000000000111, 0.1270000000000000018, -0.2300000000000000100 ) ) ;
#462 = CARTESIAN_POINT ( 'NONE',  ( 0.000000000000000000, 0.05000000000000000278, 0.000000000000000000 ) ) ;
#463 = VECTOR ( 'NONE', #2230, 1000.000000000000000 ) ;
#464 = CARTESIAN_POINT ( 'NONE',  ( 0.000000000000000000, 0.1270000000000000018, 0.000000000000000000 ) ) ;
#465 = DIRECTION ( 'NONE',  ( 0.000000000000000000, -0.000000000000000000, 1.000000000000000000 ) ) ;
#466 = DIRECTION ( 'NONE',  ( 0.000000000000000000, -0.000000000000000000, -1.000000000000000000 ) ) ;
#467 = LINE ( 'NONE', #2254, #463 ) ;
#468 = DIRECTION ( 'NONE',  ( -1.000000000000000000, 0.000000000000000000, 0.000000000000000000 ) ) ;
#469 = FILL_AREA_STYLE ('',( #971 ) ) ;
#470 = CARTESIAN_POINT ( 'NONE',  ( -0.4500000000000000111, 0.1270000000000000018, -0.09999999999999993616 ) ) ;
#471 = CARTESIAN_POINT ( 'NONE',  ( 0.2500000000000000000, 0.07699999999999999900, 0.2999999999999998224 ) ) ;
#472 = FACE_OUTER_BOUND ( 'NONE', #1757, .T. ) ;
#473 = DIRECTION ( 'NONE',  ( -0.000000000000000000, -0.000000000000000000, -1.000000000000000000 ) ) ;
#474 = ORIENTED_EDGE ( 'NONE', *, *, #2618, .T. ) ;
#475 = LINE ( 'NONE', #1256, #1555 ) ;
#476 = CARTESIAN_POINT ( 'NONE',  ( -0.5000000000000000000, 0.1270000000000000018, -0.2300000000000000100 ) ) ;
#477 = CARTESIAN_POINT ( 'NONE',  ( -0.2500000000000000000, 0.07699999999999999900, 0.2499999999999997780 ) ) ;
#478 = DIRECTION ( 'NONE',  ( 3.388131789017202342E-16, 0.000000000000000000, -1.000000000000000000 ) ) ;
#479 = LINE ( 'NONE', #1326, #1551 ) ;
#480 = DIRECTION ( 'NONE',  ( 0.000000000000000000, 0.000000000000000000, 1.000000000000000000 ) ) ;
#481 = PLANE ( 'NONE',  #3026 ) ;
#482 = EDGE_CURVE ( 'NONE', #807, #2754, #479, .T. ) ;
#483 = CARTESIAN_POINT ( 'NONE',  ( 0.4500000000000000111, 0.6090169943749473846, 0.2500000000000000000 ) ) ;
#484 = ADVANCED_FACE ( 'NONE', ( #1544 ), #365, .F. ) ;
#485 = DIRECTION ( 'NONE',  ( 0.000000000000000000, 0.000000000000000000, -1.000000000000000000 ) ) ;
#486 = DIRECTION ( 'NONE',  ( 0.000000000000000000, 0.000000000000000000, -1.000000000000000000 ) ) ;
#487 = CARTESIAN_POINT ( 'NONE',  ( -0.1999999999999999833, 0.05000000000000000278, 0.2500000000000000555 ) ) ;
#488 = LINE ( 'NONE', #1982, #2697 ) ;
#489 = LINE ( 'NONE', #3243, #507 ) ;
#490 = VECTOR ( 'NONE', #676, 1000.000000000000000 ) ;
#491 = AXIS2_PLACEMENT_3D ( 'NONE', #1270, #2492, #1345 ) ;
#492 = PLANE ( 'NONE',  #2153 ) ;
#493 = DIRECTION ( 'NONE',  ( -1.000000000000000000, 0.000000000000000000, 0.000000000000000000 ) ) ;
#494 = VECTOR ( 'NONE', #2010, 1000.000000000000000 ) ;
#495 = PLANE ( 'NONE',  #603 ) ;
#496 = UNCERTAINTY_MEASURE_WITH_UNIT (LENGTH_MEASURE( 1.000000000000000082E-05 ), #2723, 'distance_accuracy_value', 'NONE');
#497 = VECTOR ( 'NONE', #1574, 1000.000000000000000 ) ;
#498 = VECTOR ( 'NONE', #2181, 1000.000000000000000 ) ;
#499 = AXIS2_PLACEMENT_3D ( 'NONE', #2594, #2431, #840 ) ;
#500 = DIRECTION ( 'NONE',  ( 1.000000000000000000, 0.000000000000000000, -3.388131789017202342E-16 ) ) ;
#501 = CARTESIAN_POINT ( 'NONE',  ( -0.5000000000000000000, 0.1270000000000000018, 0.2300000000000000100 ) ) ;
#502 = FACE_OUTER_BOUND ( 'NONE', #119, .T. ) ;
#503 = CARTESIAN_POINT ( 'NONE',  ( 0.000000000000000000, 0.1270000000000000018, 0.000000000000000000 ) ) ;
#504 = EDGE_CURVE ( 'NONE', #3095, #1017, #457, .T. ) ;
#505 = FACE_OUTER_BOUND ( 'NONE', #1808, .T. ) ;
#506 = DIRECTION ( 'NONE',  ( -0.000000000000000000, 1.000000000000000000, 0.000000000000000000 ) ) ;
#507 = VECTOR ( 'NONE', #1469, 1000.000000000000000 ) ;
#508 =( LENGTH_UNIT ( ) NAMED_UNIT ( * ) SI_UNIT ( .MILLI., .METRE. ) );
#509 = LINE ( 'NONE', #2575, #2669 ) ;
#510 = ADVANCED_FACE ( 'NONE', ( #2648 ), #2616, .F. ) ;
#511 = FILL_AREA_STYLE ('',( #3271 ) ) ;
#512 = EDGE_CURVE ( 'NONE', #3102, #2978, #1500, .T. ) ;
#513 = VECTOR ( 'NONE', #2365, 1000.000000000000000 ) ;
#514 = SURFACE_STYLE_FILL_AREA ( #69 ) ;
#515 = CARTESIAN_POINT ( 'NONE',  ( 0.4500000000000000111, 0.07699999999999999900, -0.09999999999999993616 ) ) ;
#516 = CARTESIAN_POINT ( 'NONE',  ( 0.4500000000000000111, 0.05000000000000000278, -0.2500000000000000000 ) ) ;
#517 = LINE ( 'NONE', #538, #1579 ) ;
#518 = PLANE ( 'NONE',  #3175 ) ;
#519 = CARTESIAN_POINT ( 'NONE',  ( -0.4500000000000000111, 0.05000000000000000278, 0.2500000000000000000 ) ) ;
#520 = CARTESIAN_POINT ( 'NONE',  ( -0.4500000000000000111, 0.07699999999999999900, -0.2300000000000000100 ) ) ;
#521 = AXIS2_PLACEMENT_3D ( 'NONE', #3225, #904, #408 ) ;
#522 = LINE ( 'NONE', #2091, #2685 ) ;
#523 = CARTESIAN_POINT ( 'NONE',  ( 0.000000000000000000, 0.05000000000000000278, 0.000000000000000000 ) ) ;
#524 = DIRECTION ( 'NONE',  ( -1.000000000000000000, 0.000000000000000000, -0.000000000000000000 ) ) ;
#525 = DIRECTION ( 'NONE',  ( -0.000000000000000000, -1.000000000000000000, -0.000000000000000000 ) ) ;
#526 = LINE ( 'NONE', #3011, #1618 ) ;
#527 = CARTESIAN_POINT ( 'NONE',  ( -0.5000000000000000000, 0.07699999999999999900, 0.2300000000000000100 ) ) ;
#528 = CARTESIAN_POINT ( 'NONE',  ( -0.4099999999999999756, 0.1270000000000000018, -0.2499999999999997780 ) ) ;
#529 = VECTOR ( 'NONE', #2003, 1000.000000000000000 ) ;
#530 = DIRECTION ( 'NONE',  ( 0.000000000000000000, 0.000000000000000000, 1.000000000000000000 ) ) ;
#531 = VECTOR ( 'NONE', #2300, 1000.000000000000000 ) ;
#532 = DIRECTION ( 'NONE',  ( 0.000000000000000000, 1.000000000000000000, 0.000000000000000000 ) ) ;
#533 = DIRECTION ( 'NONE',  ( -1.000000000000000000, 0.000000000000000000, 0.000000000000000000 ) ) ;
#534 = AXIS2_PLACEMENT_3D ( 'NONE', #2796, #126, #1160 ) ;
#535 = LINE ( 'NONE', #1539, #2692 ) ;
#536 = AXIS2_PLACEMENT_3D ( 'NONE', #346, #1638, #2236 ) ;
#537 = VECTOR ( 'NONE', #991, 1000.000000000000000 ) ;
#538 = CARTESIAN_POINT ( 'NONE',  ( 0.2500000000000000000, 0.07699999999999999900, -0.2999999999999998224 ) ) ;
#539 = LINE ( 'NONE', #1677, #2682 ) ;
#540 = DIRECTION ( 'NONE',  ( 0.000000000000000000, 1.000000000000000000, 0.000000000000000000 ) ) ;
#541 = DIRECTION ( 'NONE',  ( 1.000000000000000000, 0.000000000000000000, 2.168404344971008868E-16 ) ) ;
#542 = LINE ( 'NONE', #2768, #513 ) ;
#543 = DIRECTION ( 'NONE',  ( 0.000000000000000000, 0.000000000000000000, 1.000000000000000000 ) ) ;
#544 = DIRECTION ( 'NONE',  ( -1.000000000000000000, -0.000000000000000000, -0.000000000000000000 ) ) ;
#545 = FACE_OUTER_BOUND ( 'NONE', #1654, .T. ) ;
#546 = CARTESIAN_POINT ( 'NONE',  ( -0.4500000000000000111, 0.07699999999999999900, 0.09999999999999993616 ) ) ;
#547 = DIRECTION ( 'NONE',  ( 1.000000000000000000, 0.000000000000000000, -0.000000000000000000 ) ) ;
#548 = EDGE_CURVE ( 'NONE', #725, #2781, #451, .T. ) ;
#549 = CARTESIAN_POINT ( 'NONE',  ( -0.4099999999999999756, 0.1270000000000000018, 0.2499999999999997780 ) ) ;
#550 = ADVANCED_FACE ( 'NONE', ( #2645 ), #169, .T. ) ;
#551 = EDGE_CURVE ( 'NONE', #1981, #1886, #2620, .T. ) ;
#552 = VECTOR ( 'NONE', #260, 1000.000000000000000 ) ;
#553 = CARTESIAN_POINT ( 'NONE',  ( -0.4099999999999999756, 0.07699999999999999900, 0.2499999999999997780 ) ) ;
#554 = VERTEX_POINT ( 'NONE', #2799 ) ;
#555 = ORIENTED_EDGE ( 'NONE', *, *, #1099, .F. ) ;
#556 = COLOUR_RGB ( '',0.7921568627450980005, 0.8196078431372548767, 0.9333333333333333481 ) ;
#557 = CARTESIAN_POINT ( 'NONE',  ( 0.4500000000000000111, 0.1270000000000000018, -0.2300000000000000100 ) ) ;
#558 = STYLED_ITEM ( 'NONE', ( #1467 ), #1609 ) ;
#559 = DIRECTION ( 'NONE',  ( 1.000000000000000000, 0.000000000000000000, 0.000000000000000000 ) ) ;
#560 = ORIENTED_EDGE ( 'NONE', *, *, #1213, .T. ) ;
#561 = DIRECTION ( 'NONE',  ( 1.000000000000000000, 0.000000000000000000, -0.000000000000000000 ) ) ;
#562 = ORIENTED_EDGE ( 'NONE', *, *, #2769, .T. ) ;
#563 = LINE ( 'NONE', #3109, #579 ) ;
#564 = CARTESIAN_POINT ( 'NONE',  ( -0.4999999999999997780, 0.1270000000000000018, 0.09999999999999993616 ) ) ;
#565 = CARTESIAN_POINT ( 'NONE',  ( 0.4500000000000000111, -0.09063054614240209639, -0.2300000000000000100 ) ) ;
#566 = EDGE_CURVE ( 'NONE', #583, #647, #1559, .T. ) ;
#567 = ORIENTED_EDGE ( 'NONE', *, *, #1665, .F. ) ;
#568 = CARTESIAN_POINT ( 'NONE',  ( -0.4099999999999999756, -0.09063054614240209639, 0.2499999999999997780 ) ) ;
#569 = APPLICATION_PROTOCOL_DEFINITION ( 'draft international standard', 'automotive_design', 1998, #2357 ) ;
#570 = EDGE_CURVE ( 'NONE', #670, #3136, #1568, .T. ) ;
#571 = CARTESIAN_POINT ( 'NONE',  ( -0.4500000000000000111, 0.1270000000000000018, -0.09999999999999993616 ) ) ;
#572 = DIRECTION ( 'NONE',  ( -1.000000000000000000, 0.000000000000000000, -2.168404344971008868E-16 ) ) ;
#573 = ORIENTED_EDGE ( 'NONE', *, *, #322, .F. ) ;
#574 = FACE_OUTER_BOUND ( 'NONE', #791, .T. ) ;
#575 = UNCERTAINTY_MEASURE_WITH_UNIT (LENGTH_MEASURE( 1.000000000000000082E-05 ), #1253, 'distance_accuracy_value', 'NONE');
#576 = DIRECTION ( 'NONE',  ( 0.000000000000000000, 1.000000000000000000, 0.000000000000000000 ) ) ;
#577 = ADVANCED_FACE ( 'NONE', ( #2595 ), #2702, .F. ) ;
#578 = ORIENTED_EDGE ( 'NONE', *, *, #570, .F. ) ;
#579 = VECTOR ( 'NONE', #602, 1000.000000000000000 ) ;
#580 = DIRECTION ( 'NONE',  ( 0.000000000000000000, 0.000000000000000000, -1.000000000000000000 ) ) ;
#581 = ADVANCED_FACE ( 'NONE', ( #2624 ), #633, .T. ) ;
#582 = CARTESIAN_POINT ( 'NONE',  ( 0.4099999999999999756, 0.1270000000000000018, -0.2499999999999997780 ) ) ;
#583 = VERTEX_POINT ( 'NONE', #1955 ) ;
#584 = EDGE_CURVE ( 'NONE', #2260, #216, #1498, .T. ) ;
#585 = MANIFOLD_SOLID_BREP ( 'Boss-Extrude3[7]', #3226 ) ;
#586 = PLANE ( 'NONE',  #1877 ) ;
#587 = LINE ( 'NONE', #1545, #2772 ) ;
#588 = DIRECTION ( 'NONE',  ( 0.000000000000000000, -0.000000000000000000, 1.000000000000000000 ) ) ;
#589 = DIRECTION ( 'NONE',  ( 0.000000000000000000, 0.000000000000000000, 1.000000000000000000 ) ) ;
#590 = EDGE_CURVE ( 'NONE', #1761, #987, #2672, .T. ) ;
#591 = ORIENTED_EDGE ( 'NONE', *, *, #435, .F. ) ;
#592 = DIRECTION ( 'NONE',  ( -1.000000000000000000, 0.000000000000000000, -0.000000000000000000 ) ) ;
#593 = CARTESIAN_POINT ( 'NONE',  ( -0.4999999999999997780, 0.07699999999999999900, 0.09999999999999993616 ) ) ;
#594 = PLANE ( 'NONE',  #2325 ) ;
#595 = EDGE_LOOP ( 'NONE', ( #852, #1920, #1271, #942 ) ) ;
#596 = VECTOR ( 'NONE', #2520, 1000.000000000000000 ) ;
#597 = CARTESIAN_POINT ( 'NONE',  ( -0.2500000000000000000, 0.07699999999999999900, 0.2499999999999997780 ) ) ;
#598 = ORIENTED_EDGE ( 'NONE', *, *, #2286, .F. ) ;
#599 = AXIS2_PLACEMENT_3D ( 'NONE', #3098, #1041, #2033 ) ;
#600 = DIRECTION ( 'NONE',  ( -1.000000000000000000, -0.000000000000000000, -0.000000000000000000 ) ) ;
#601 = ORIENTED_EDGE ( 'NONE', *, *, #2421, .F. ) ;
#602 = DIRECTION ( 'NONE',  ( -0.000000000000000000, -1.000000000000000000, -0.000000000000000000 ) ) ;
#603 = AXIS2_PLACEMENT_3D ( 'NONE', #2313, #409, #634 ) ;
#604 = DIRECTION ( 'NONE',  ( -0.000000000000000000, 1.000000000000000000, 0.000000000000000000 ) ) ;
#605 = LINE ( 'NONE', #238, #624 ) ;
#606 = ORIENTED_EDGE ( 'NONE', *, *, #2958, .F. ) ;
#607 = ADVANCED_FACE ( 'NONE', ( #446 ), #252, .T. ) ;
#608 = EDGE_CURVE ( 'NONE', #3123, #2322, #2642, .T. ) ;
#609 = CARTESIAN_POINT ( 'NONE',  ( 0.000000000000000000, 0.07699999999999999900, 0.000000000000000000 ) ) ;
#610 = CARTESIAN_POINT ( 'NONE',  ( 0.4500000000000000111, 0.07699999999999999900, -0.2300000000000000100 ) ) ;
#611 = VERTEX_POINT ( 'NONE', #456 ) ;
#612 = LINE ( 'NONE', #2646, #673 ) ;
#613 = ORIENTED_EDGE ( 'NONE', *, *, #3052, .F. ) ;
#614 = CARTESIAN_POINT ( 'NONE',  ( -0.4500000000000000111, 0.1270000000000000018, 0.09999999999999993616 ) ) ;
#615 = DIRECTION ( 'NONE',  ( 1.000000000000000000, 0.000000000000000000, 0.000000000000000000 ) ) ;
#616 = PLANE ( 'NONE',  #1344 ) ;
#617 = VERTEX_POINT ( 'NONE', #1632 ) ;
#618 = CARTESIAN_POINT ( 'NONE',  ( -0.4500000000000000111, 0.07699999999999999900, 0.2300000000000000100 ) ) ;
#619 = ORIENTED_EDGE ( 'NONE', *, *, #2905, .F. ) ;
#620 = VECTOR ( 'NONE', #1988, 1000.000000000000000 ) ;
#621 = CARTESIAN_POINT ( 'NONE',  ( -0.4500000000000000111, 0.1270000000000000018, 0.09999999999999993616 ) ) ;
#622 = CARTESIAN_POINT ( 'NONE',  ( -0.2500000000000000000, -0.09063054614240209639, -0.2999999999999998224 ) ) ;
#623 = DIRECTION ( 'NONE',  ( -0.000000000000000000, 1.000000000000000000, 0.000000000000000000 ) ) ;
#624 = VECTOR ( 'NONE', #1501, 1000.000000000000000 ) ;
#625 = ORIENTED_EDGE ( 'NONE', *, *, #210, .F. ) ;
#626 = DIRECTION ( 'NONE',  ( 0.000000000000000000, 0.000000000000000000, 1.000000000000000000 ) ) ;
#627 = PLANE ( 'NONE',  #2259 ) ;
#628 = VERTEX_POINT ( 'NONE', #1929 ) ;
#629 = EDGE_CURVE ( 'NONE', #2260, #670, #467, .T. ) ;
#630 = VECTOR ( 'NONE', #1758, 1000.000000000000000 ) ;
#631 = ORIENTED_EDGE ( 'NONE', *, *, #417, .T. ) ;
#632 = ADVANCED_FACE ( 'NONE', ( #2656 ), #2450, .F. ) ;
#633 = PLANE ( 'NONE',  #521 ) ;
#634 = DIRECTION ( 'NONE',  ( -1.000000000000000000, 0.000000000000000000, -0.000000000000000000 ) ) ;
#635 = ORIENTED_EDGE ( 'NONE', *, *, #2146, .F. ) ;
#636 = VECTOR ( 'NONE', #789, 1000.000000000000000 ) ;
#637 = ORIENTED_EDGE ( 'NONE', *, *, #970, .F. ) ;
#638 = AXIS2_PLACEMENT_3D ( 'NONE', #1503, #2501, #1965 ) ;
#639 = DIRECTION ( 'NONE',  ( -0.000000000000000000, 1.000000000000000000, 0.000000000000000000 ) ) ;
#640 = ORIENTED_EDGE ( 'NONE', *, *, #3250, .T. ) ;
#641 = FACE_OUTER_BOUND ( 'NONE', #3170, .T. ) ;
#642 = ORIENTED_EDGE ( 'NONE', *, *, #196, .T. ) ;
#643 = CARTESIAN_POINT ( 'NONE',  ( -0.4500000000000000111, 0.1270000000000000018, 0.2300000000000000100 ) ) ;
#644 = ORIENTED_EDGE ( 'NONE', *, *, #1750, .F. ) ;
#645 = DIRECTION ( 'NONE',  ( 0.000000000000000000, 0.000000000000000000, -1.000000000000000000 ) ) ;
#646 = VECTOR ( 'NONE', #12, 1000.000000000000000 ) ;
#647 = VERTEX_POINT ( 'NONE', #687 ) ;
#648 = CARTESIAN_POINT ( 'NONE',  ( 0.2500000000000000000, -0.09063054614240209639, -0.2999999999999998224 ) ) ;
#649 = ORIENTED_EDGE ( 'NONE', *, *, #1930, .T. ) ;
#650 = VECTOR ( 'NONE', #2855, 1000.000000000000000 ) ;
#651 = ORIENTED_EDGE ( 'NONE', *, *, #1169, .F. ) ;
#652 = PRODUCT ( 'AQ3045-01ETG', 'AQ3045-01ETG', '', ( #1362 ) ) ;
#653 = DIRECTION ( 'NONE',  ( 1.668003342285390663E-15, 0.000000000000000000, 1.000000000000000000 ) ) ;
#654 = ORIENTED_EDGE ( 'NONE', *, *, #2388, .T. ) ;
#655 = LINE ( 'NONE', #3155, #684 ) ;
#656 = ORIENTED_EDGE ( 'NONE', *, *, #210, .T. ) ;
#657 = ADVANCED_FACE ( 'NONE', ( #472 ), #3251, .T. ) ;
#658 = CARTESIAN_POINT ( 'NONE',  ( -0.4500000000000000111, 0.05000000000000000278, 0.2500000000000000000 ) ) ;
#659 = ORIENTED_EDGE ( 'NONE', *, *, #2826, .T. ) ;
#660 = EDGE_CURVE ( 'NONE', #2021, #3115, #475, .T. ) ;
#661 = VECTOR ( 'NONE', #1219, 1000.000000000000000 ) ;
#662 = ORIENTED_EDGE ( 'NONE', *, *, #3177, .T. ) ;
#663 = DIRECTION ( 'NONE',  ( 1.000000000000000000, -0.000000000000000000, -3.388131789017201849E-16 ) ) ;
#664 = SURFACE_STYLE_USAGE ( .BOTH. , #3000 ) ;
#665 = ORIENTED_EDGE ( 'NONE', *, *, #2821, .T. ) ;
#666 = DIRECTION ( 'NONE',  ( 1.000000000000000000, 0.000000000000000000, 3.388131789017201849E-16 ) ) ;
#667 = FACE_OUTER_BOUND ( 'NONE', #859, .T. ) ;
#668 = EDGE_LOOP ( 'NONE', ( #3121, #1721, #2906, #1674 ) ) ;
#669 = DIRECTION ( 'NONE',  ( 0.000000000000000000, -1.000000000000000000, 0.000000000000000000 ) ) ;
#670 = VERTEX_POINT ( 'NONE', #1475 ) ;
#671 = LINE ( 'NONE', #257, #2797 ) ;
#672 = VERTEX_POINT ( 'NONE', #2745 ) ;
#673 = VECTOR ( 'NONE', #2876, 1000.000000000000000 ) ;
#674 = VERTEX_POINT ( 'NONE', #1685 ) ;
#675 = EDGE_CURVE ( 'NONE', #853, #2887, #488, .T. ) ;
#676 = DIRECTION ( 'NONE',  ( 0.000000000000000000, 1.000000000000000000, 0.000000000000000000 ) ) ;
#677 = ORIENTED_EDGE ( 'NONE', *, *, #1231, .F. ) ;
#678 = VECTOR ( 'NONE', #1838, 1000.000000000000000 ) ;
#679 = ORIENTED_EDGE ( 'NONE', *, *, #234, .T. ) ;
#680 = AXIS2_PLACEMENT_3D ( 'NONE', #1002, #1492, #2782 ) ;
#681 = ADVANCED_FACE ( 'NONE', ( #1596 ), #2058, .F. ) ;
#682 =( GEOMETRIC_REPRESENTATION_CONTEXT ( 3 ) GLOBAL_UNCERTAINTY_ASSIGNED_CONTEXT ( ( #1016 ) ) GLOBAL_UNIT_ASSIGNED_CONTEXT ( ( #2438, #2658, #2890 ) ) REPRESENTATION_CONTEXT ( 'NONE', 'WORKASPACE' ) );
#683 = CARTESIAN_POINT ( 'NONE',  ( 0.2500000000000000000, -0.09063054614240209639, 0.2999999999999998224 ) ) ;
#684 = VECTOR ( 'NONE', #2611, 1000.000000000000000 ) ;
#685 = ORIENTED_EDGE ( 'NONE', *, *, #49, .F. ) ;
#686 = ORIENTED_EDGE ( 'NONE', *, *, #2398, .F. ) ;
#687 = CARTESIAN_POINT ( 'NONE',  ( -0.4999999999999997780, 0.07699999999999999900, -0.09999999999999993616 ) ) ;
#688 = EDGE_CURVE ( 'NONE', #966, #2027, #517, .T. ) ;
#689 = EDGE_LOOP ( 'NONE', ( #2213, #1048, #3046, #1940 ) ) ;
#690 = CARTESIAN_POINT ( 'NONE',  ( -0.2500000000000000000, -0.09063054614240209639, -0.2499999999999997780 ) ) ;
#691 = VECTOR ( 'NONE', #2920, 1000.000000000000000 ) ;
#692 = EDGE_CURVE ( 'NONE', #1915, #1109, #542, .T. ) ;
#693 = PLANE ( 'NONE',  #2430 ) ;
#694 = ORIENTED_EDGE ( 'NONE', *, *, #1290, .F. ) ;
#695 = CARTESIAN_POINT ( 'NONE',  ( 0.2500000000000000000, -0.09063054614240209639, 0.2499999999999997780 ) ) ;
#696 = EDGE_LOOP ( 'NONE', ( #3116, #1703, #2767, #3228 ) ) ;
#697 = DIRECTION ( 'NONE',  ( -0.000000000000000000, -0.000000000000000000, 1.000000000000000000 ) ) ;
#698 = EDGE_CURVE ( 'NONE', #3233, #816, #522, .T. ) ;
#699 = PLANE ( 'NONE',  #79 ) ;
#700 = ORIENTED_EDGE ( 'NONE', *, *, #2180, .T. ) ;
#701 =( NAMED_UNIT ( * ) SI_UNIT ( $, .STERADIAN. ) SOLID_ANGLE_UNIT ( ) );
#702 = ADVANCED_FACE ( 'NONE', ( #1615 ), #2590, .F. ) ;
#703 = PLANE ( 'NONE',  #680 ) ;
#704 = DIRECTION ( 'NONE',  ( -1.000000000000000000, -0.000000000000000000, -0.000000000000000000 ) ) ;
#705 = AXIS2_PLACEMENT_3D ( 'NONE', #2907, #217, #2515 ) ;
#706 = VERTEX_POINT ( 'NONE', #114 ) ;
#707 = DIRECTION ( 'NONE',  ( -1.000000000000000000, -0.000000000000000000, -0.000000000000000000 ) ) ;
#708 = CARTESIAN_POINT ( 'NONE',  ( 0.4500000000000000111, 0.07699999999999999900, 0.09999999999999993616 ) ) ;
#709 = EDGE_LOOP ( 'NONE', ( #2086, #2018, #1892, #3194 ) ) ;
#710 = EDGE_CURVE ( 'NONE', #2070, #725, #1607, .T. ) ;
#711 = CARTESIAN_POINT ( 'NONE',  ( -0.4099999999999999756, 0.1270000000000000018, 0.2499999999999997780 ) ) ;
#712 = ORIENTED_EDGE ( 'NONE', *, *, #2268, .T. ) ;
#713 = LINE ( 'NONE', #2496, #746 ) ;
#714 = DIRECTION ( 'NONE',  ( -1.000000000000000000, 0.000000000000000000, -3.388131789017202342E-16 ) ) ;
#715 = CARTESIAN_POINT ( 'NONE',  ( 0.000000000000000000, 0.07699999999999999900, 0.000000000000000000 ) ) ;
#716 = VERTEX_POINT ( 'NONE', #515 ) ;
#717 = ORIENTED_EDGE ( 'NONE', *, *, #1747, .T. ) ;
#718 = DIRECTION ( 'NONE',  ( -1.000000000000000000, 0.000000000000000000, 0.000000000000000000 ) ) ;
#719 = LINE ( 'NONE', #1364, #2961 ) ;
#720 = ORIENTED_EDGE ( 'NONE', *, *, #1634, .F. ) ;
#721 = ORIENTED_EDGE ( 'NONE', *, *, #2084, .T. ) ;
#722 = LINE ( 'NONE', #3171, #1819 ) ;
#723 = CARTESIAN_POINT ( 'NONE',  ( 0.4500000000000000111, 0.000000000000000000, 0.2500000000000000000 ) ) ;
#724 = EDGE_CURVE ( 'NONE', #943, #3239, #1612, .T. ) ;
#725 = VERTEX_POINT ( 'NONE', #2341 ) ;
#726 = EDGE_LOOP ( 'NONE', ( #567, #677, #2827, #967 ) ) ;
#727 = ADVANCED_FACE ( 'NONE', ( #545 ), #492, .T. ) ;
#728 = CARTESIAN_POINT ( 'NONE',  ( -0.4500000000000000111, 0.05000000000000002359, -0.2500000000000000000 ) ) ;
#729 = FACE_OUTER_BOUND ( 'NONE', #2008, .T. ) ;
#730 = CARTESIAN_POINT ( 'NONE',  ( -0.4500000000000000111, -0.09063054614240209639, -0.2300000000000000100 ) ) ;
#731 = ORIENTED_EDGE ( 'NONE', *, *, #1386, .F. ) ;
#732 = CARTESIAN_POINT ( 'NONE',  ( 0.2500000000000000000, 0.07699999999999999900, -0.2499999999999997780 ) ) ;
#733 = EDGE_LOOP ( 'NONE', ( #3154, #1054, #2385, #2052 ) ) ;
#734 = EDGE_CURVE ( 'NONE', #2026, #2000, #1601, .T. ) ;
#735 = ORIENTED_EDGE ( 'NONE', *, *, #1164, .F. ) ;
#736 = EDGE_CURVE ( 'NONE', #27, #1293, #526, .T. ) ;
#737 = VERTEX_POINT ( 'NONE', #310 ) ;
#738 = ORIENTED_EDGE ( 'NONE', *, *, #58, .F. ) ;
#739 = CARTESIAN_POINT ( 'NONE',  ( 0.5000000000000000000, 0.07699999999999999900, 0.2300000000000000100 ) ) ;
#740 = ORIENTED_EDGE ( 'NONE', *, *, #3130, .F. ) ;
#741 = DIRECTION ( 'NONE',  ( 2.168404344971008868E-16, -0.000000000000000000, 1.000000000000000000 ) ) ;
#742 = LINE ( 'NONE', #420, #2944 ) ;
#743 = EDGE_LOOP ( 'NONE', ( #1670, #560, #845, #1686 ) ) ;
#744 = ORIENTED_EDGE ( 'NONE', *, *, #2580, .T. ) ;
#745 = AXIS2_PLACEMENT_3D ( 'NONE', #483, #1658, #1917 ) ;
#746 = VECTOR ( 'NONE', #30, 1000.000000000000000 ) ;
#747 = DIRECTION ( 'NONE',  ( 1.000000000000000000, 0.000000000000000000, -0.000000000000000000 ) ) ;
#748 = CARTESIAN_POINT ( 'NONE',  ( 0.1999999999999999833, 0.05000000000000000278, 0.2500000000000000555 ) ) ;
#749 = VERTEX_POINT ( 'NONE', #728 ) ;
#750 = ORIENTED_EDGE ( 'NONE', *, *, #482, .T. ) ;
#751 = AXIS2_PLACEMENT_3D ( 'NONE', #90, #2803, #1141 ) ;
#752 = DIRECTION ( 'NONE',  ( 1.000000000000000000, 0.000000000000000000, 3.388131789017201849E-16 ) ) ;
#753 = LINE ( 'NONE', #269, #1834 ) ;
#754 = DIRECTION ( 'NONE',  ( 1.000000000000000000, 0.000000000000000000, -2.168404344971008868E-16 ) ) ;
#755 = AXIS2_PLACEMENT_3D ( 'NONE', #63, #279, #1672 ) ;
#756 = VERTEX_POINT ( 'NONE', #1098 ) ;
#757 = CARTESIAN_POINT ( 'NONE',  ( 0.5000000000000000000, 0.07699999999999999900, 0.2300000000000000100 ) ) ;
#758 = FACE_OUTER_BOUND ( 'NONE', #767, .T. ) ;
#759 = EDGE_LOOP ( 'NONE', ( #1974, #2243, #2200, #1093 ) ) ;
#760 = EDGE_LOOP ( 'NONE', ( #1118, #3141, #2776, #51 ) ) ;
#761 = EDGE_CURVE ( 'NONE', #3239, #1891, #1591, .T. ) ;
#762 = CARTESIAN_POINT ( 'NONE',  ( -0.1999999999999999833, 0.05000000000000002359, 0.2500000000000000555 ) ) ;
#763 = CARTESIAN_POINT ( 'NONE',  ( -0.4099999999999999756, 0.1270000000000000018, -0.2499999999999997780 ) ) ;
#764 = CARTESIAN_POINT ( 'NONE',  ( 0.5000000000000000000, -0.09063054614240209639, 0.2300000000000000100 ) ) ;
#765 = FACE_OUTER_BOUND ( 'NONE', #1932, .T. ) ;
#766 = ORIENTED_EDGE ( 'NONE', *, *, #112, .T. ) ;
#767 = EDGE_LOOP ( 'NONE', ( #982, #1728, #700, #2888 ) ) ;
#768 = CARTESIAN_POINT ( 'NONE',  ( -0.4500000000000000111, 0.6090169943749473846, -0.2500000000000000000 ) ) ;
#769 = EDGE_LOOP ( 'NONE', ( #35, #2186, #3227, #20 ) ) ;
#770 = DIRECTION ( 'NONE',  ( -0.000000000000000000, -1.000000000000000000, -0.000000000000000000 ) ) ;
#771 = LINE ( 'NONE', #2736, #2925 ) ;
#772 = EDGE_LOOP ( 'NONE', ( #837, #1888, #113, #137 ) ) ;
#773 = VECTOR ( 'NONE', #1713, 1000.000000000000000 ) ;
#774 = DIRECTION ( 'NONE',  ( 0.000000000000000000, -0.000000000000000000, 1.000000000000000000 ) ) ;
#775 = CARTESIAN_POINT ( 'NONE',  ( -0.2500000000000000000, 0.1270000000000000018, 0.2499999999999997780 ) ) ;
#776 = EDGE_CURVE ( 'NONE', #3246, #2149, #535, .T. ) ;
#777 = ORIENTED_EDGE ( 'NONE', *, *, #2673, .T. ) ;
#778 = ORIENTED_EDGE ( 'NONE', *, *, #660, .T. ) ;
#779 = DIRECTION ( 'NONE',  ( -1.000000000000000000, 0.000000000000000000, -3.388131789017202342E-16 ) ) ;
#780 = LINE ( 'NONE', #1958, #2973 ) ;
#781 = DIRECTION ( 'NONE',  ( -0.000000000000000000, 1.000000000000000000, 0.000000000000000000 ) ) ;
#782 = EDGE_LOOP ( 'NONE', ( #679, #1630, #72, #712 ) ) ;
#783 = CARTESIAN_POINT ( 'NONE',  ( -0.2500000000000000000, 0.07699999999999999900, 0.2499999999999997780 ) ) ;
#784 = ADVANCED_FACE ( 'NONE', ( #2722 ), #2284, .F. ) ;
#785 = LINE ( 'NONE', #2695, #809 ) ;
#786 = VERTEX_POINT ( 'NONE', #2469 ) ;
#787 = CLOSED_SHELL ( 'NONE', ( #2095, #784, #1244, #2607, #1666, #1572 ) ) ;
#788 = FACE_OUTER_BOUND ( 'NONE', #2124, .T. ) ;
#789 = DIRECTION ( 'NONE',  ( 1.000000000000000000, -0.000000000000000000, -0.000000000000000000 ) ) ;
#790 = EDGE_CURVE ( 'NONE', #2757, #2917, #2713, .T. ) ;
#791 = EDGE_LOOP ( 'NONE', ( #149, #2235, #841, #230 ) ) ;
#792 = DIRECTION ( 'NONE',  ( 0.000000000000000000, 0.000000000000000000, -1.000000000000000000 ) ) ;
#793 = VECTOR ( 'NONE', #2382, 1000.000000000000000 ) ;
#794 = ORIENTED_EDGE ( 'NONE', *, *, #3111, .F. ) ;
#795 = VERTEX_POINT ( 'NONE', #436 ) ;
#796 = CARTESIAN_POINT ( 'NONE',  ( -0.2500000000000000000, 0.1270000000000000018, -0.2999999999999998224 ) ) ;
#797 = LINE ( 'NONE', #723, #1825 ) ;
#798 = ORIENTED_EDGE ( 'NONE', *, *, #2905, .T. ) ;
#799 = EDGE_CURVE ( 'NONE', #826, #2070, #539, .T. ) ;
#800 = DIRECTION ( 'NONE',  ( 0.000000000000000000, 0.000000000000000000, 1.000000000000000000 ) ) ;
#801 = LINE ( 'NONE', #1626, #1774 ) ;
#802 = VERTEX_POINT ( 'NONE', #2691 ) ;
#803 = LINE ( 'NONE', #1852, #1922 ) ;
#804 = CARTESIAN_POINT ( 'NONE',  ( -0.4500000000000000111, 0.07699999999999999900, -0.09999999999999993616 ) ) ;
#805 = DIRECTION ( 'NONE',  ( 0.000000000000000000, -1.000000000000000000, 0.000000000000000000 ) ) ;
#806 = PRESENTATION_LAYER_ASSIGNMENT (  '', '', ( #2403 ) ) ;
#807 = VERTEX_POINT ( 'NONE', #3262 ) ;
#808 = STYLED_ITEM ( 'NONE', ( #19 ), #3082 ) ;
#809 = VECTOR ( 'NONE', #2203, 1000.000000000000000 ) ;
#810 = ORIENTED_EDGE ( 'NONE', *, *, #3270, .T. ) ;
#811 = VERTEX_POINT ( 'NONE', #2240 ) ;
#812 = CARTESIAN_POINT ( 'NONE',  ( 0.2500000000000000000, 0.07699999999999999900, -0.2499999999999997780 ) ) ;
#813 = DIRECTION ( 'NONE',  ( 0.000000000000000000, 0.000000000000000000, 1.000000000000000000 ) ) ;
#814 = CARTESIAN_POINT ( 'NONE',  ( -0.4999999999999997780, 0.1270000000000000018, -0.09999999999999993616 ) ) ;
#815 = VERTEX_POINT ( 'NONE', #1997 ) ;
#816 = VERTEX_POINT ( 'NONE', #941 ) ;
#817 = LINE ( 'NONE', #2962, #3009 ) ;
#818 = DIRECTION ( 'NONE',  ( -1.000000000000000000, 0.000000000000000000, -1.668003342285390663E-15 ) ) ;
#819 = DIRECTION ( 'NONE',  ( -0.000000000000000000, 1.000000000000000000, 0.000000000000000000 ) ) ;
#820 = ADVANCED_FACE ( 'NONE', ( #505 ), #2941, .F. ) ;
#821 = CARTESIAN_POINT ( 'NONE',  ( 0.4500000000000000111, 0.07699999999999999900, 0.09999999999999993616 ) ) ;
#822 = EDGE_LOOP ( 'NONE', ( #3181, #2035, #2353, #2041 ) ) ;
#823 = CARTESIAN_POINT ( 'NONE',  ( 0.4099999999999999756, -0.09063054614240209639, -0.2999999999999997669 ) ) ;
#824 = LINE ( 'NONE', #11, #1918 ) ;
#825 = CARTESIAN_POINT ( 'NONE',  ( 0.2500000000000000000, 0.07699999999999999900, -0.2499999999999997780 ) ) ;
#826 = VERTEX_POINT ( 'NONE', #1441 ) ;
#827 = ORIENTED_EDGE ( 'NONE', *, *, #2546, .T. ) ;
#828 = ORIENTED_EDGE ( 'NONE', *, *, #2118, .T. ) ;
#829 = EDGE_CURVE ( 'NONE', #807, #3108, #1585, .T. ) ;
#830 = LINE ( 'NONE', #2473, #2928 ) ;
#831 = CARTESIAN_POINT ( 'NONE',  ( 0.1999999999999999833, 0.05000000000000000278, 0.2500000000000000555 ) ) ;
#832 = EDGE_LOOP ( 'NONE', ( #1725, #2743, #1714, #1031 ) ) ;
#833 = VERTEX_POINT ( 'NONE', #1506 ) ;
#834 = ORIENTED_EDGE ( 'NONE', *, *, #2084, .F. ) ;
#835 = VECTOR ( 'NONE', #1298, 1000.000000000000000 ) ;
#836 = CARTESIAN_POINT ( 'NONE',  ( 0.4500000000000000111, 0.07699999999999999900, -0.09999999999999993616 ) ) ;
#837 = ORIENTED_EDGE ( 'NONE', *, *, #2721, .F. ) ;
#838 = LINE ( 'NONE', #2310, #2904 ) ;
#839 = PLANE ( 'NONE',  #1542 ) ;
#840 = DIRECTION ( 'NONE',  ( -0.000000000000000000, 0.000000000000000000, 1.000000000000000000 ) ) ;
#841 = ORIENTED_EDGE ( 'NONE', *, *, #1723, .T. ) ;
#842 = DIRECTION ( 'NONE',  ( 0.000000000000000000, -0.000000000000000000, 1.000000000000000000 ) ) ;
#843 = VERTEX_POINT ( 'NONE', #193 ) ;
#844 = ORIENTED_EDGE ( 'NONE', *, *, #450, .F. ) ;
#845 = ORIENTED_EDGE ( 'NONE', *, *, #1023, .T. ) ;
#846 = CARTESIAN_POINT ( 'NONE',  ( 0.4099999999999999756, 0.1270000000000000018, 0.2499999999999997780 ) ) ;
#847 = FACE_OUTER_BOUND ( 'NONE', #2129, .T. ) ;
#848 = EDGE_CURVE ( 'NONE', #1791, #2418, #386, .T. ) ;
#849 = ADVANCED_FACE ( 'NONE', ( #1410 ), #1720, .F. ) ;
#850 = DIRECTION ( 'NONE',  ( 1.000000000000000000, 0.000000000000000000, 0.000000000000000000 ) ) ;
#851 = CARTESIAN_POINT ( 'NONE',  ( 0.2500000000000000000, 0.07699999999999999900, 0.2499999999999997780 ) ) ;
#852 = ORIENTED_EDGE ( 'NONE', *, *, #178, .F. ) ;
#853 = VERTEX_POINT ( 'NONE', #1969 ) ;
#854 = AXIS2_PLACEMENT_3D ( 'NONE', #1948, #2323, #747 ) ;
#855 = FACE_OUTER_BOUND ( 'NONE', #2022, .T. ) ;
#856 = CARTESIAN_POINT ( 'NONE',  ( 0.4099999999999999756, -0.09063054614240209639, -0.2499999999999997780 ) ) ;
#857 = AXIS2_PLACEMENT_3D ( 'NONE', #890, #1401, #414 ) ;
#858 = ORIENTED_EDGE ( 'NONE', *, *, #3043, .T. ) ;
#859 = EDGE_LOOP ( 'NONE', ( #2933, #932, #3022, #1804 ) ) ;
#860 = VERTEX_POINT ( 'NONE', #2024 ) ;
#861 = ORIENTED_EDGE ( 'NONE', *, *, #176, .F. ) ;
#862 = CARTESIAN_POINT ( 'NONE',  ( -0.4500000000000000111, 0.05000000000000000278, 0.2500000000000000000 ) ) ;
#863 = CARTESIAN_POINT ( 'NONE',  ( -0.4099999999999999756, 0.1270000000000000018, -0.2999999999999997669 ) ) ;
#864 = ORIENTED_EDGE ( 'NONE', *, *, #228, .F. ) ;
#865 = DIRECTION ( 'NONE',  ( 1.000000000000000000, 0.000000000000000000, 0.000000000000000000 ) ) ;
#866 = VERTEX_POINT ( 'NONE', #2671 ) ;
#867 = ORIENTED_EDGE ( 'NONE', *, *, #450, .T. ) ;
#868 = ORIENTED_EDGE ( 'NONE', *, *, #1474, .T. ) ;
#869 = FACE_BOUND ( 'NONE', #2278, .T. ) ;
#870 = EDGE_CURVE ( 'NONE', #1891, #756, #2519, .T. ) ;
#871 = DIRECTION ( 'NONE',  ( 0.000000000000000000, 0.000000000000000000, -1.000000000000000000 ) ) ;
#872 =( NAMED_UNIT ( * ) PLANE_ANGLE_UNIT ( ) SI_UNIT ( $, .RADIAN. ) );
#873 = VERTEX_POINT ( 'NONE', #2318 ) ;
#874 = EDGE_LOOP ( 'NONE', ( #2829, #44, #2097, #665 ) ) ;
#875 = CARTESIAN_POINT ( 'NONE',  ( 0.4099999999999999756, 0.1270000000000000018, 0.2499999999999997780 ) ) ;
#876 = VECTOR ( 'NONE', #540, 1000.000000000000000 ) ;
#877 = EDGE_CURVE ( 'NONE', #3248, #1831, #1464, .T. ) ;
#878 = EDGE_LOOP ( 'NONE', ( #613, #1668, #2793, #631 ) ) ;
#879 = CARTESIAN_POINT ( 'NONE',  ( -0.4500000000000000111, 0.05000000000000002359, 0.2500000000000000000 ) ) ;
#880 = EDGE_LOOP ( 'NONE', ( #1143, #601, #2046, #926 ) ) ;
#881 = EDGE_LOOP ( 'NONE', ( #954, #3161, #1855, #828 ) ) ;
#882 = ORIENTED_EDGE ( 'NONE', *, *, #295, .T. ) ;
#883 = CARTESIAN_POINT ( 'NONE',  ( -0.1999999999999999833, 0.05000000000000000278, -0.2499999999999999445 ) ) ;
#884 = DIRECTION ( 'NONE',  ( 0.000000000000000000, -0.000000000000000000, 1.000000000000000000 ) ) ;
#885 = EDGE_CURVE ( 'NONE', #866, #2844, #1471, .T. ) ;
#886 = ORIENTED_EDGE ( 'NONE', *, *, #3250, .F. ) ;
#887 = ADVANCED_FACE ( 'NONE', ( #1458 ), #2892, .F. ) ;
#888 = ORIENTED_EDGE ( 'NONE', *, *, #1704, .F. ) ;
#889 = ORIENTED_EDGE ( 'NONE', *, *, #2239, .T. ) ;
#890 = CARTESIAN_POINT ( 'NONE',  ( -0.4099999999999999756, -0.09063054614240209639, -0.2499999999999997780 ) ) ;
#891 = FILL_AREA_STYLE_COLOUR ( '', #2121 ) ;
#892 = AXIS2_PLACEMENT_3D ( 'NONE', #227, #2947, #1251 ) ;
#893 = CARTESIAN_POINT ( 'NONE',  ( -0.5000000000000000000, 0.5500000000000000444, 0.2999999999999999889 ) ) ;
#894 = VECTOR ( 'NONE', #2542, 1000.000000000000000 ) ;
#895 = ORIENTED_EDGE ( 'NONE', *, *, #978, .T. ) ;
#896 = VERTEX_POINT ( 'NONE', #418 ) ;
#897 = EDGE_LOOP ( 'NONE', ( #1314, #206, #3230, #2989 ) ) ;
#898 = CARTESIAN_POINT ( 'NONE',  ( 0.4999999999999997780, 0.07699999999999999900, 0.09999999999999993616 ) ) ;
#899 = CARTESIAN_POINT ( 'NONE',  ( 0.2500000000000000000, 0.1270000000000000018, -0.2999999999999998224 ) ) ;
#900 = DIRECTION ( 'NONE',  ( -0.000000000000000000, 1.000000000000000000, 0.000000000000000000 ) ) ;
#901 = ORIENTED_EDGE ( 'NONE', *, *, #1059, .T. ) ;
#902 = ORIENTED_EDGE ( 'NONE', *, *, #335, .T. ) ;
#903 = DIRECTION ( 'NONE',  ( 0.000000000000000000, -0.000000000000000000, 1.000000000000000000 ) ) ;
#904 = DIRECTION ( 'NONE',  ( 1.000000000000000000, 0.000000000000000000, 0.000000000000000000 ) ) ;
#905 = VECTOR ( 'NONE', #1827, 1000.000000000000000 ) ;
#906 = VERTEX_POINT ( 'NONE', #1419 ) ;
#907 = ORIENTED_EDGE ( 'NONE', *, *, #3061, .F. ) ;
#908 = EDGE_LOOP ( 'NONE', ( #1903, #1885, #1846, #2244 ) ) ;
#909 = CARTESIAN_POINT ( 'NONE',  ( -0.4999999999999997780, 0.1270000000000000018, 0.09999999999999993616 ) ) ;
#910 = ORIENTED_EDGE ( 'NONE', *, *, #3177, .F. ) ;
#911 = EDGE_CURVE ( 'NONE', #706, #3036, #2488, .T. ) ;
#912 = FACE_OUTER_BOUND ( 'NONE', #595, .T. ) ;
#913 = ORIENTED_EDGE ( 'NONE', *, *, #710, .T. ) ;
#914 = ORIENTED_EDGE ( 'NONE', *, *, #1183, .T. ) ;
#915 = DIRECTION ( 'NONE',  ( -1.000000000000000000, 0.000000000000000000, -0.000000000000000000 ) ) ;
#916 = ORIENTED_EDGE ( 'NONE', *, *, #1511, .T. ) ;
#917 = DIRECTION ( 'NONE',  ( 0.000000000000000000, 0.000000000000000000, -1.000000000000000000 ) ) ;
#918 = ADVANCED_FACE ( 'NONE', ( #2587 ), #3236, .T. ) ;
#919 = ORIENTED_EDGE ( 'NONE', *, *, #2633, .T. ) ;
#920 = ORIENTED_EDGE ( 'NONE', *, *, #1530, .T. ) ;
#921 = EDGE_CURVE ( 'NONE', #873, #749, #2544, .T. ) ;
#922 = CARTESIAN_POINT ( 'NONE',  ( 0.000000000000000000, 0.07699999999999999900, 0.000000000000000000 ) ) ;
#923 = DIRECTION ( 'NONE',  ( 0.000000000000000000, 1.000000000000000000, 0.000000000000000000 ) ) ;
#924 = EDGE_LOOP ( 'NONE', ( #1152, #123, #1125, #598 ) ) ;
#925 = ORIENTED_EDGE ( 'NONE', *, *, #2979, .T. ) ;
#926 = ORIENTED_EDGE ( 'NONE', *, *, #698, .F. ) ;
#927 = DIRECTION ( 'NONE',  ( 1.668003342285390663E-15, 0.000000000000000000, 1.000000000000000000 ) ) ;
#928 = EDGE_CURVE ( 'NONE', #749, #1817, #348, .T. ) ;
#929 = EDGE_LOOP ( 'NONE', ( #199, #2045, #925, #2918 ) ) ;
#930 = CARTESIAN_POINT ( 'NONE',  ( -0.5000000000000000000, 0.5500000000000000444, -0.2999999999999999889 ) ) ;
#931 = ORIENTED_EDGE ( 'NONE', *, *, #2470, .F. ) ;
#932 = ORIENTED_EDGE ( 'NONE', *, *, #548, .F. ) ;
#933 = EDGE_LOOP ( 'NONE', ( #988, #720, #2848, #2209 ) ) ;
#934 = EDGE_CURVE ( 'NONE', #1856, #2899, #2524, .T. ) ;
#935 = ORIENTED_EDGE ( 'NONE', *, *, #448, .T. ) ;
#936 = ORIENTED_EDGE ( 'NONE', *, *, #102, .F. ) ;
#937 = ORIENTED_EDGE ( 'NONE', *, *, #2531, .F. ) ;
#938 = AXIS2_PLACEMENT_3D ( 'NONE', #980, #442, #1707 ) ;
#939 = CARTESIAN_POINT ( 'NONE',  ( 0.4999999999999997780, 0.07699999999999999900, 0.09999999999999993616 ) ) ;
#940 = ORIENTED_EDGE ( 'NONE', *, *, #3158, .T. ) ;
#941 = CARTESIAN_POINT ( 'NONE',  ( -0.1999999999999999833, 0.000000000000000000, 0.2500000000000000555 ) ) ;
#942 = ORIENTED_EDGE ( 'NONE', *, *, #1409, .T. ) ;
#943 = VERTEX_POINT ( 'NONE', #1765 ) ;
#944 = AXIS2_PLACEMENT_3D ( 'NONE', #2924, #233, #927 ) ;
#945 = CARTESIAN_POINT ( 'NONE',  ( -0.2500000000000000000, 0.07699999999999999900, 0.2999999999999998224 ) ) ;
#946 = DIRECTION ( 'NONE',  ( 0.000000000000000000, -0.000000000000000000, 1.000000000000000000 ) ) ;
#947 = EDGE_LOOP ( 'NONE', ( #1987, #3057, #2841, #2820 ) ) ;
#948 = ADVANCED_FACE ( 'NONE', ( #1431 ), #2553, .T. ) ;
#949 = CARTESIAN_POINT ( 'NONE',  ( -0.1999999999999999833, 0.000000000000000000, 0.2500000000000000555 ) ) ;
#950 = EDGE_LOOP ( 'NONE', ( #1900, #3195, #694, #1772 ) ) ;
#951 = ORIENTED_EDGE ( 'NONE', *, *, #1296, .F. ) ;
#952 = ORIENTED_EDGE ( 'NONE', *, *, #417, .F. ) ;
#953 = PLANE ( 'NONE',  #160 ) ;
#954 = ORIENTED_EDGE ( 'NONE', *, *, #1605, .T. ) ;
#955 = SURFACE_SIDE_STYLE ('',( #1528 ) ) ;
#956 = EDGE_LOOP ( 'NONE', ( #2169, #65, #1175, #2163 ) ) ;
#957 = VERTEX_POINT ( 'NONE', #3134 ) ;
#958 = EDGE_LOOP ( 'NONE', ( #1824, #211, #1927, #2030 ) ) ;
#959 = VERTEX_POINT ( 'NONE', #3027 ) ;
#960 = CARTESIAN_POINT ( 'NONE',  ( -0.2500000000000000000, 0.1270000000000000018, 0.2999999999999998224 ) ) ;
#961 = VECTOR ( 'NONE', #1395, 1000.000000000000000 ) ;
#962 = DIRECTION ( 'NONE',  ( -1.000000000000000000, -0.000000000000000000, 0.000000000000000000 ) ) ;
#963 = EDGE_CURVE ( 'NONE', #2978, #2252, #315, .T. ) ;
#964 = CARTESIAN_POINT ( 'NONE',  ( -0.4500000000000000111, 0.6090169943749473846, 0.2500000000000000000 ) ) ;
#965 = ORIENTED_EDGE ( 'NONE', *, *, #2029, .F. ) ;
#966 = VERTEX_POINT ( 'NONE', #1087 ) ;
#967 = ORIENTED_EDGE ( 'NONE', *, *, #435, .T. ) ;
#968 = LINE ( 'NONE', #268, #3190 ) ;
#969 = CARTESIAN_POINT ( 'NONE',  ( -0.2500000000000000000, 0.1270000000000000018, -0.2499999999999997780 ) ) ;
#970 = EDGE_CURVE ( 'NONE', #1112, #2285, #2555, .T. ) ;
#971 = FILL_AREA_STYLE_COLOUR ( '', #2758 ) ;
#972 = ORIENTED_EDGE ( 'NONE', *, *, #2613, .F. ) ;
#973 = ORIENTED_EDGE ( 'NONE', *, *, #89, .T. ) ;
#974 = CARTESIAN_POINT ( 'NONE',  ( 0.4500000000000000111, 0.1270000000000000018, -0.09999999999999993616 ) ) ;
#975 = LINE ( 'NONE', #2342, #3215 ) ;
#976 = LINE ( 'NONE', #45, #3202 ) ;
#977 = VERTEX_POINT ( 'NONE', #739 ) ;
#978 = EDGE_CURVE ( 'NONE', #1910, #826, #406, .T. ) ;
#979 = ADVANCED_FACE ( 'NONE', ( #1389 ), #1740, .T. ) ;
#980 = CARTESIAN_POINT ( 'NONE',  ( -0.4500000000000000111, 0.6090169943749473846, 0.2500000000000000000 ) ) ;
#981 = ORIENTED_EDGE ( 'NONE', *, *, #3211, .F. ) ;
#982 = ORIENTED_EDGE ( 'NONE', *, *, #2475, .F. ) ;
#983 = FACE_OUTER_BOUND ( 'NONE', #1277, .T. ) ;
#984 = LINE ( 'NONE', #1793, #1014 ) ;
#985 = VERTEX_POINT ( 'NONE', #2397 ) ;
#986 = EDGE_CURVE ( 'NONE', #2937, #1823, #2532, .T. ) ;
#987 = VERTEX_POINT ( 'NONE', #1843 ) ;
#988 = ORIENTED_EDGE ( 'NONE', *, *, #1581, .F. ) ;
#989 = MANIFOLD_SOLID_BREP ( 'Boss-Extrude3[8]', #2246 ) ;
#990 = FACE_OUTER_BOUND ( 'NONE', #1803, .T. ) ;
#991 = DIRECTION ( 'NONE',  ( 1.000000000000000000, 0.000000000000000000, 0.000000000000000000 ) ) ;
#992 = FACE_OUTER_BOUND ( 'NONE', #71, .T. ) ;
#993 = ORIENTED_EDGE ( 'NONE', *, *, #448, .F. ) ;
#994 =( GEOMETRIC_REPRESENTATION_CONTEXT ( 3 ) GLOBAL_UNCERTAINTY_ASSIGNED_CONTEXT ( ( #1477 ) ) GLOBAL_UNIT_ASSIGNED_CONTEXT ( ( #301, #1739, #2023 ) ) REPRESENTATION_CONTEXT ( 'NONE', 'WORKASPACE' ) );
#995 = CARTESIAN_POINT ( 'NONE',  ( -0.4099999999999999756, 0.07699999999999999900, 0.2499999999999997780 ) ) ;
#996 = AXIS2_PLACEMENT_3D ( 'NONE', #2182, #2424, #1151 ) ;
#997 = ORIENTED_EDGE ( 'NONE', *, *, #2573, .T. ) ;
#998 = ORIENTED_EDGE ( 'NONE', *, *, #963, .T. ) ;
#999 = DIRECTION ( 'NONE',  ( 0.000000000000000000, 0.000000000000000000, -1.000000000000000000 ) ) ;
#1000 = CARTESIAN_POINT ( 'NONE',  ( 0.2500000000000000000, -0.09063054614240209639, -0.2499999999999997780 ) ) ;
#1001 = EDGE_LOOP ( 'NONE', ( #3005, #738, #913, #1921 ) ) ;
#1002 = CARTESIAN_POINT ( 'NONE',  ( 0.000000000000000000, 0.000000000000000000, 0.000000000000000000 ) ) ;
#1003 = ORIENTED_EDGE ( 'NONE', *, *, #58, .T. ) ;
#1004 = ORIENTED_EDGE ( 'NONE', *, *, #1273, .F. ) ;
#1005 = ORIENTED_EDGE ( 'NONE', *, *, #3008, .T. ) ;
#1006 = VECTOR ( 'NONE', #2034, 1000.000000000000000 ) ;
#1007 = FACE_OUTER_BOUND ( 'NONE', #1737, .T. ) ;
#1008 = ORIENTED_EDGE ( 'NONE', *, *, #1743, .F. ) ;
#1009 =( NAMED_UNIT ( * ) PLANE_ANGLE_UNIT ( ) SI_UNIT ( $, .RADIAN. ) );
#1010 = CARTESIAN_POINT ( 'NONE',  ( -0.4099999999999999756, 0.07699999999999999900, 0.2499999999999997780 ) ) ;
#1011 = ORIENTED_EDGE ( 'NONE', *, *, #2491, .F. ) ;
#1012 = EDGE_CURVE ( 'NONE', #1029, #2085, #2513, .T. ) ;
#1013 = LINE ( 'NONE', #1513, #3099 ) ;
#1014 = VECTOR ( 'NONE', #1535, 1000.000000000000000 ) ;
#1015 = CARTESIAN_POINT ( 'NONE',  ( -0.4099999999999999756, 0.07699999999999999900, 0.2499999999999997780 ) ) ;
#1016 = UNCERTAINTY_MEASURE_WITH_UNIT (LENGTH_MEASURE( 1.000000000000000082E-05 ), #2438, 'distance_accuracy_value', 'NONE');
#1017 = VERTEX_POINT ( 'NONE', #361 ) ;
#1018 = VECTOR ( 'NONE', #3146, 1000.000000000000000 ) ;
#1019 = ADVANCED_FACE ( 'NONE', ( #363 ), #1786, .F. ) ;
#1020 = ORIENTED_EDGE ( 'NONE', *, *, #2664, .T. ) ;
#1021 = VERTEX_POINT ( 'NONE', #3055 ) ;
#1022 = DIRECTION ( 'NONE',  ( 0.000000000000000000, 0.000000000000000000, -1.000000000000000000 ) ) ;
#1023 = EDGE_CURVE ( 'NONE', #224, #672, #379, .T. ) ;
#1024 = FACE_BOUND ( 'NONE', #689, .T. ) ;
#1025 = CARTESIAN_POINT ( 'NONE',  ( 0.4999999999999997780, -0.09063054614240209639, 0.09999999999999993616 ) ) ;
#1026 = LINE ( 'NONE', #851, #1038 ) ;
#1027 = CARTESIAN_POINT ( 'NONE',  ( 0.4500000000000000111, 0.07699999999999999900, 0.2300000000000000100 ) ) ;
#1028 = DIRECTION ( 'NONE',  ( 0.000000000000000000, -0.000000000000000000, 1.000000000000000000 ) ) ;
#1029 = VERTEX_POINT ( 'NONE', #321 ) ;
#1030 = CLOSED_SHELL ( 'NONE', ( #1372, #1829, #3152, #2465, #2445, #1144 ) ) ;
#1031 = ORIENTED_EDGE ( 'NONE', *, *, #444, .T. ) ;
#1032 = LINE ( 'NONE', #253, #894 ) ;
#1033 = FACE_OUTER_BOUND ( 'NONE', #897, .T. ) ;
#1034 = ORIENTED_EDGE ( 'NONE', *, *, #2546, .F. ) ;
#1035 = VECTOR ( 'NONE', #416, 1000.000000000000000 ) ;
#1036 = EDGE_LOOP ( 'NONE', ( #3044, #2909, #26, #2148 ) ) ;
#1037 = CARTESIAN_POINT ( 'NONE',  ( -0.4500000000000000111, -0.09063054614240209639, 0.09999999999999993616 ) ) ;
#1038 = VECTOR ( 'NONE', #2636, 1000.000000000000000 ) ;
#1039 = ORIENTED_EDGE ( 'NONE', *, *, #2643, .F. ) ;
#1040 = LINE ( 'NONE', #597, #21 ) ;
#1041 = DIRECTION ( 'NONE',  ( -1.000000000000000000, 0.000000000000000000, -0.000000000000000000 ) ) ;
#1042 = DIRECTION ( 'NONE',  ( 1.000000000000000000, 0.000000000000000000, -3.388131789017202342E-16 ) ) ;
#1043 = ORIENTED_EDGE ( 'NONE', *, *, #1898, .F. ) ;
#1044 = EDGE_LOOP ( 'NONE', ( #951, #3050, #3113, #1871 ) ) ;
#1045 = LINE ( 'NONE', #879, #3265 ) ;
#1046 = ORIENTED_EDGE ( 'NONE', *, *, #986, .T. ) ;
#1047 = LINE ( 'NONE', #175, #1086 ) ;
#1048 = ORIENTED_EDGE ( 'NONE', *, *, #2470, .T. ) ;
#1049 = ORIENTED_EDGE ( 'NONE', *, *, #1526, .F. ) ;
#1050 = CARTESIAN_POINT ( 'NONE',  ( 0.4099999999999999756, 0.1270000000000000018, 0.2499999999999997780 ) ) ;
#1051 = DIRECTION ( 'NONE',  ( -1.000000000000000000, -0.000000000000000000, 0.000000000000000000 ) ) ;
#1052 = AXIS2_PLACEMENT_3D ( 'NONE', #2049, #741, #2601 ) ;
#1053 = DIRECTION ( 'NONE',  ( -1.000000000000000000, -0.000000000000000000, -0.000000000000000000 ) ) ;
#1054 = ORIENTED_EDGE ( 'NONE', *, *, #1220, .F. ) ;
#1055 = FACE_OUTER_BOUND ( 'NONE', #1211, .T. ) ;
#1056 = SURFACE_SIDE_STYLE ('',( #402 ) ) ;
#1057 = ORIENTED_EDGE ( 'NONE', *, *, #1836, .T. ) ;
#1058 = EDGE_LOOP ( 'NONE', ( #98, #3200, #662, #656 ) ) ;
#1059 = EDGE_CURVE ( 'NONE', #40, #860, #313, .T. ) ;
#1060 = SURFACE_SIDE_STYLE ('',( #514 ) ) ;
#1061 = EDGE_LOOP ( 'NONE', ( #2096, #2115, #1139, #1933 ) ) ;
#1062 = VECTOR ( 'NONE', #396, 1000.000000000000000 ) ;
#1063 = CARTESIAN_POINT ( 'NONE',  ( 0.4500000000000000111, 0.000000000000000000, 0.2500000000000000000 ) ) ;
#1064 = ORIENTED_EDGE ( 'NONE', *, *, #383, .T. ) ;
#1065 = DIRECTION ( 'NONE',  ( 1.000000000000000000, 0.000000000000000000, 0.000000000000000000 ) ) ;
#1066 = LINE ( 'NONE', #2889, #7 ) ;
#1067 = LINE ( 'NONE', #1122, #1035 ) ;
#1068 = DIRECTION ( 'NONE',  ( -0.000000000000000000, -1.000000000000000000, -0.000000000000000000 ) ) ;
#1069 = ORIENTED_EDGE ( 'NONE', *, *, #234, .F. ) ;
#1070 = ORIENTED_EDGE ( 'NONE', *, *, #482, .F. ) ;
#1071 = EDGE_LOOP ( 'NONE', ( #2977, #2336, #844, #235 ) ) ;
#1072 = UNCERTAINTY_MEASURE_WITH_UNIT (LENGTH_MEASURE( 1.000000000000000082E-05 ), #1702, 'distance_accuracy_value', 'NONE');
#1073 = DIRECTION ( 'NONE',  ( -1.000000000000000000, 0.000000000000000000, -3.388131789017201849E-16 ) ) ;
#1074 = VECTOR ( 'NONE', #1752, 1000.000000000000000 ) ;
#1075 = ORIENTED_EDGE ( 'NONE', *, *, #1169, .T. ) ;
#1076 = LINE ( 'NONE', #618, #2139 ) ;
#1077 = ORIENTED_EDGE ( 'NONE', *, *, #1358, .T. ) ;
#1078 = VERTEX_POINT ( 'NONE', #2166 ) ;
#1079 = DIRECTION ( 'NONE',  ( 0.000000000000000000, 0.000000000000000000, -1.000000000000000000 ) ) ;
#1080 = CARTESIAN_POINT ( 'NONE',  ( 0.2500000000000000000, -0.09063054614240209639, -0.2999999999999998224 ) ) ;
#1081 = DIRECTION ( 'NONE',  ( 1.000000000000000000, 0.000000000000000000, 0.000000000000000000 ) ) ;
#1082 = COLOUR_RGB ( '',1.000000000000000000, 0.8117647058823529438, 0.5019607843137254832 ) ;
#1083 = DIRECTION ( 'NONE',  ( 0.000000000000000000, 1.000000000000000000, 0.000000000000000000 ) ) ;
#1084 = ORIENTED_EDGE ( 'NONE', *, *, #2412, .F. ) ;
#1085 = EDGE_CURVE ( 'NONE', #3239, #706, #395, .T. ) ;
#1086 = VECTOR ( 'NONE', #374, 1000.000000000000000 ) ;
#1087 = CARTESIAN_POINT ( 'NONE',  ( 0.2500000000000000000, 0.07699999999999999900, -0.2999999999999998224 ) ) ;
#1088 = EDGE_LOOP ( 'NONE', ( #740, #2157, #2949, #642 ) ) ;
#1089 = LINE ( 'NONE', #3124, #1131 ) ;
#1090 = DIRECTION ( 'NONE',  ( 0.000000000000000000, 0.000000000000000000, 1.000000000000000000 ) ) ;
#1091 = CARTESIAN_POINT ( 'NONE',  ( 0.4500000000000000111, 0.1270000000000000018, -0.09999999999999993616 ) ) ;
#1092 = PRESENTATION_LAYER_ASSIGNMENT (  '', '', ( #427 ) ) ;
#1093 = ORIENTED_EDGE ( 'NONE', *, *, #128, .T. ) ;
#1094 = ORIENTED_EDGE ( 'NONE', *, *, #42, .F. ) ;
#1095 = VERTEX_POINT ( 'NONE', #1815 ) ;
#1096 = DIRECTION ( 'NONE',  ( 0.000000000000000000, 1.000000000000000000, 0.000000000000000000 ) ) ;
#1097 = ORIENTED_EDGE ( 'NONE', *, *, #2491, .T. ) ;
#1098 = CARTESIAN_POINT ( 'NONE',  ( 0.2500000000000000000, 0.07699999999999999900, -0.2499999999999997780 ) ) ;
#1099 = EDGE_CURVE ( 'NONE', #1678, #1021, #1476, .T. ) ;
#1100 = ORIENTED_EDGE ( 'NONE', *, *, #629, .T. ) ;
#1101 = ORIENTED_EDGE ( 'NONE', *, *, #2538, .T. ) ;
#1102 = ORIENTED_EDGE ( 'NONE', *, *, #1284, .T. ) ;
#1103 = CARTESIAN_POINT ( 'NONE',  ( -0.4500000000000000111, 0.05000000000000000278, 0.2500000000000000000 ) ) ;
#1104 = ORIENTED_EDGE ( 'NONE', *, *, #734, .T. ) ;
#1105 = FACE_OUTER_BOUND ( 'NONE', #822, .T. ) ;
#1106 = ORIENTED_EDGE ( 'NONE', *, *, #608, .T. ) ;
#1107 = CARTESIAN_POINT ( 'NONE',  ( -0.4500000000000000111, 0.07699999999999999900, 0.09999999999999993616 ) ) ;
#1108 = VECTOR ( 'NONE', #2467, 1000.000000000000000 ) ;
#1109 = VERTEX_POINT ( 'NONE', #2528 ) ;
#1110 = DIRECTION ( 'NONE',  ( 1.000000000000000000, -0.000000000000000000, -3.388131789017201849E-16 ) ) ;
#1111 = VERTEX_POINT ( 'NONE', #424 ) ;
#1112 = VERTEX_POINT ( 'NONE', #875 ) ;
#1113 = VERTEX_POINT ( 'NONE', #2632 ) ;
#1114 = ADVANCED_FACE ( 'NONE', ( #338 ), #2462, .F. ) ;
#1115 = DIRECTION ( 'NONE',  ( 0.000000000000000000, 0.000000000000000000, -1.000000000000000000 ) ) ;
#1116 = DIRECTION ( 'NONE',  ( 0.000000000000000000, 1.000000000000000000, 0.000000000000000000 ) ) ;
#1117 = VERTEX_POINT ( 'NONE', #974 ) ;
#1118 = ORIENTED_EDGE ( 'NONE', *, *, #458, .F. ) ;
#1119 = DIRECTION ( 'NONE',  ( -1.000000000000000000, -0.000000000000000000, 3.388131789017201849E-16 ) ) ;
#1120 = ORIENTED_EDGE ( 'NONE', *, *, #1213, .F. ) ;
#1121 = ORIENTED_EDGE ( 'NONE', *, *, #1697, .F. ) ;
#1122 = CARTESIAN_POINT ( 'NONE',  ( 0.2500000000000000000, -0.09063054614240209639, -0.2499999999999997780 ) ) ;
#1123 = CARTESIAN_POINT ( 'NONE',  ( 0.4500000000000000111, 0.1270000000000000018, 0.2300000000000000100 ) ) ;
#1124 = FACE_OUTER_BOUND ( 'NONE', #1148, .T. ) ;
#1125 = ORIENTED_EDGE ( 'NONE', *, *, #1220, .T. ) ;
#1126 = EDGE_CURVE ( 'NONE', #554, #674, #2497, .T. ) ;
#1127 = EDGE_LOOP ( 'NONE', ( #555, #861, #1163, #1142 ) ) ;
#1128 = ORIENTED_EDGE ( 'NONE', *, *, #444, .F. ) ;
#1129 = PLANE ( 'NONE',  #2929 ) ;
#1130 = PLANE ( 'NONE',  #258 ) ;
#1131 = VECTOR ( 'NONE', #576, 1000.000000000000000 ) ;
#1132 = CARTESIAN_POINT ( 'NONE',  ( -0.2500000000000000000, 0.1270000000000000018, 0.2499999999999997780 ) ) ;
#1133 = ORIENTED_EDGE ( 'NONE', *, *, #25, .T. ) ;
#1134 = DIRECTION ( 'NONE',  ( 0.000000000000000000, -0.000000000000000000, 1.000000000000000000 ) ) ;
#1135 = ORIENTED_EDGE ( 'NONE', *, *, #1368, .F. ) ;
#1136 = AXIS2_PLACEMENT_3D ( 'NONE', #2863, #1360, #267 ) ;
#1137 = CARTESIAN_POINT ( 'NONE',  ( 0.4500000000000000111, -0.09063054614240209639, -0.09999999999999993616 ) ) ;
#1138 = CARTESIAN_POINT ( 'NONE',  ( 0.000000000000000000, 0.07699999999999999900, 0.000000000000000000 ) ) ;
#1139 = ORIENTED_EDGE ( 'NONE', *, *, #1085, .T. ) ;
#1140 =( NAMED_UNIT ( * ) PLANE_ANGLE_UNIT ( ) SI_UNIT ( $, .RADIAN. ) );
#1141 = DIRECTION ( 'NONE',  ( -1.000000000000000000, 0.000000000000000000, -0.000000000000000000 ) ) ;
#1142 = ORIENTED_EDGE ( 'NONE', *, *, #196, .F. ) ;
#1143 = ORIENTED_EDGE ( 'NONE', *, *, #1239, .F. ) ;
#1144 = ADVANCED_FACE ( 'NONE', ( #2503 ), #627, .F. ) ;
#1145 = AXIS2_PLACEMENT_3D ( 'NONE', #3112, #2333, #302 ) ;
#1146 = ADVANCED_FACE ( 'NONE', ( #1496, #385, #2561 ), #953, .F. ) ;
#1147 = VECTOR ( 'NONE', #1068, 1000.000000000000000 ) ;
#1148 = EDGE_LOOP ( 'NONE', ( #3029, #2133, #3013, #2954 ) ) ;
#1149 = PLANE ( 'NONE',  #536 ) ;
#1150 = ORIENTED_EDGE ( 'NONE', *, *, #2384, .T. ) ;
#1151 = DIRECTION ( 'NONE',  ( 0.000000000000000000, -0.000000000000000000, 1.000000000000000000 ) ) ;
#1152 = ORIENTED_EDGE ( 'NONE', *, *, #3073, .F. ) ;
#1153 =( GEOMETRIC_REPRESENTATION_CONTEXT ( 3 ) GLOBAL_UNCERTAINTY_ASSIGNED_CONTEXT ( ( #1235 ) ) GLOBAL_UNIT_ASSIGNED_CONTEXT ( ( #1681, #244, #701 ) ) REPRESENTATION_CONTEXT ( 'NONE', 'WORKASPACE' ) );
#1154 = ORIENTED_EDGE ( 'NONE', *, *, #458, .T. ) ;
#1155 = PLANE ( 'NONE',  #2882 ) ;
#1156 = CARTESIAN_POINT ( 'NONE',  ( -0.2500000000000000000, -0.09063054614240209639, 0.2499999999999997780 ) ) ;
#1157 = EDGE_CURVE ( 'NONE', #816, #3037, #2598, .T. ) ;
#1158 = CARTESIAN_POINT ( 'NONE',  ( 0.1999999999999999833, 0.000000000000000000, 0.2500000000000000555 ) ) ;
#1159 = ORIENTED_EDGE ( 'NONE', *, *, #1226, .T. ) ;
#1160 = DIRECTION ( 'NONE',  ( 0.000000000000000000, -0.000000000000000000, 1.000000000000000000 ) ) ;
#1161 = DIRECTION ( 'NONE',  ( -0.000000000000000000, -0.000000000000000000, -1.000000000000000000 ) ) ;
#1162 = CARTESIAN_POINT ( 'NONE',  ( -0.2500000000000000000, 0.07699999999999999900, 0.2499999999999997780 ) ) ;
#1163 = ORIENTED_EDGE ( 'NONE', *, *, #2711, .F. ) ;
#1164 = EDGE_CURVE ( 'NONE', #3126, #628, #2604, .T. ) ;
#1165 = DIRECTION ( 'NONE',  ( -1.668003342285390663E-15, -0.000000000000000000, -1.000000000000000000 ) ) ;
#1166 = ORIENTED_EDGE ( 'NONE', *, *, #776, .T. ) ;
#1167 = PLANE ( 'NONE',  #1906 ) ;
#1168 = MANIFOLD_SOLID_BREP ( 'Cut-Extrude2', #2942 ) ;
#1169 = EDGE_CURVE ( 'NONE', #3108, #1959, #410, .T. ) ;
#1170 = DIRECTION ( 'NONE',  ( 0.000000000000000000, -1.000000000000000000, 0.000000000000000000 ) ) ;
#1171 = VERTEX_POINT ( 'NONE', #405 ) ;
#1172 = DIRECTION ( 'NONE',  ( 1.000000000000000000, 0.000000000000000000, 0.000000000000000000 ) ) ;
#1173 = CARTESIAN_POINT ( 'NONE',  ( -0.5000000000000000000, 0.000000000000000000, 0.2999999999999999889 ) ) ;
#1174 = ADVANCED_FACE ( 'NONE', ( #2414 ), #2417, .F. ) ;
#1175 = ORIENTED_EDGE ( 'NONE', *, *, #1826, .T. ) ;
#1176 = EDGE_CURVE ( 'NONE', #1886, #2844, #2408, .T. ) ;
#1177 = ORIENTED_EDGE ( 'NONE', *, *, #1023, .F. ) ;
#1178 = DIRECTION ( 'NONE',  ( -0.000000000000000000, 1.000000000000000000, 0.000000000000000000 ) ) ;
#1179 = CARTESIAN_POINT ( 'NONE',  ( 0.2500000000000000000, 0.1270000000000000018, 0.2999999999999998224 ) ) ;
#1180 = DIRECTION ( 'NONE',  ( -0.000000000000000000, -0.000000000000000000, 1.000000000000000000 ) ) ;
#1181 = ORIENTED_EDGE ( 'NONE', *, *, #928, .F. ) ;
#1182 = DIRECTION ( 'NONE',  ( -1.000000000000000000, 0.000000000000000000, 0.000000000000000000 ) ) ;
#1183 = EDGE_CURVE ( 'NONE', #3193, #554, #2373, .T. ) ;
#1184 = LINE ( 'NONE', #1228, #2273 ) ;
#1185 = ORIENTED_EDGE ( 'NONE', *, *, #3135, .F. ) ;
#1186 = CARTESIAN_POINT ( 'NONE',  ( 0.000000000000000000, 0.1270000000000000018, 0.000000000000000000 ) ) ;
#1187 = VECTOR ( 'NONE', #604, 1000.000000000000000 ) ;
#1188 = EDGE_CURVE ( 'NONE', #795, #1753, #182, .T. ) ;
#1189 = CARTESIAN_POINT ( 'NONE',  ( 0.4500000000000000111, -0.09063054614240209639, -0.2300000000000000100 ) ) ;
#1190 = VERTEX_POINT ( 'NONE', #2860 ) ;
#1191 = CARTESIAN_POINT ( 'NONE',  ( 0.2500000000000000000, 0.1270000000000000018, -0.2499999999999997780 ) ) ;
#1192 = MECHANICAL_DESIGN_GEOMETRIC_PRESENTATION_REPRESENTATION (  '', ( #808 ), #2886 ) ;
#1193 = LINE ( 'NONE', #3216, #2292 ) ;
#1194 = CARTESIAN_POINT ( 'NONE',  ( 0.5000000000000000000, 0.1270000000000000018, -0.2300000000000000100 ) ) ;
#1195 = FILL_AREA_STYLE ('',( #891 ) ) ;
#1196 = AXIS2_PLACEMENT_3D ( 'NONE', #1000, #2696, #645 ) ;
#1197 = CARTESIAN_POINT ( 'NONE',  ( 0.4099999999999999756, 0.07699999999999999900, -0.2999999999999997669 ) ) ;
#1198 = FACE_OUTER_BOUND ( 'NONE', #1243, .T. ) ;
#1199 = ORIENTED_EDGE ( 'NONE', *, *, #1085, .F. ) ;
#1200 = FILL_AREA_STYLE ('',( #2715 ) ) ;
#1201 = EDGE_CURVE ( 'NONE', #1017, #1790, #190, .T. ) ;
#1202 = DIRECTION ( 'NONE',  ( -0.000000000000000000, 0.000000000000000000, -1.000000000000000000 ) ) ;
#1203 = ADVANCED_FACE ( 'NONE', ( #209 ), #1649, .F. ) ;
#1204 = VECTOR ( 'NONE', #2102, 1000.000000000000000 ) ;
#1205 = DIRECTION ( 'NONE',  ( 0.000000000000000000, -0.000000000000000000, 1.000000000000000000 ) ) ;
#1206 = DIRECTION ( 'NONE',  ( 0.000000000000000000, -1.000000000000000000, 0.000000000000000000 ) ) ;
#1207 = ORIENTED_EDGE ( 'NONE', *, *, #2955, .T. ) ;
#1208 = FILL_AREA_STYLE ('',( #200 ) ) ;
#1209 = VECTOR ( 'NONE', #2489, 1000.000000000000000 ) ;
#1210 = CARTESIAN_POINT ( 'NONE',  ( -0.4099999999999999756, 0.07699999999999999900, -0.2499999999999997780 ) ) ;
#1211 = EDGE_LOOP ( 'NONE', ( #1926, #3210, #3071, #972 ) ) ;
#1212 = ORIENTED_EDGE ( 'NONE', *, *, #736, .F. ) ;
#1213 = EDGE_CURVE ( 'NONE', #2184, #224, #1287, .T. ) ;
#1214 = VECTOR ( 'NONE', #453, 1000.000000000000000 ) ;
#1215 = DIRECTION ( 'NONE',  ( -0.000000000000000000, 1.000000000000000000, 0.000000000000000000 ) ) ;
#1216 = VERTEX_POINT ( 'NONE', #1875 ) ;
#1217 = CARTESIAN_POINT ( 'NONE',  ( 0.5000000000000000000, 0.1270000000000000018, 0.2300000000000000100 ) ) ;
#1218 = CARTESIAN_POINT ( 'NONE',  ( -0.4500000000000000111, 0.1270000000000000018, 0.2300000000000000100 ) ) ;
#1219 = DIRECTION ( 'NONE',  ( 0.000000000000000000, 0.000000000000000000, -1.000000000000000000 ) ) ;
#1220 = EDGE_CURVE ( 'NONE', #81, #2229, #1310, .T. ) ;
#1221 = VECTOR ( 'NONE', #1081, 1000.000000000000000 ) ;
#1222 =( LENGTH_UNIT ( ) NAMED_UNIT ( * ) SI_UNIT ( .MILLI., .METRE. ) );
#1223 = CARTESIAN_POINT ( 'NONE',  ( -0.5000000000000000000, -0.09063054614240209639, 0.2300000000000000100 ) ) ;
#1224 = EDGE_LOOP ( 'NONE', ( #2007, #3163, #1975, #1928 ) ) ;
#1225 = ADVANCED_FACE ( 'NONE', ( #2451 ), #2537, .T. ) ;
#1226 = EDGE_CURVE ( 'NONE', #2027, #2773, #1262, .T. ) ;
#1227 = VECTOR ( 'NONE', #2444, 1000.000000000000000 ) ;
#1228 = CARTESIAN_POINT ( 'NONE',  ( -0.2500000000000000000, 0.1270000000000000018, -0.2499999999999997780 ) ) ;
#1229 = DIRECTION ( 'NONE',  ( 0.000000000000000000, 1.000000000000000000, 0.000000000000000000 ) ) ;
#1230 = VECTOR ( 'NONE', #1447, 1000.000000000000000 ) ;
#1231 = EDGE_CURVE ( 'NONE', #1017, #1841, #2394, .T. ) ;
#1232 = ORIENTED_EDGE ( 'NONE', *, *, #2597, .F. ) ;
#1233 = DIRECTION ( 'NONE',  ( -1.000000000000000000, 0.000000000000000000, -3.388131789017201849E-16 ) ) ;
#1234 = CARTESIAN_POINT ( 'NONE',  ( 0.4999999999999997780, 0.07699999999999999900, -0.09999999999999993616 ) ) ;
#1235 = UNCERTAINTY_MEASURE_WITH_UNIT (LENGTH_MEASURE( 1.000000000000000082E-05 ), #1681, 'distance_accuracy_value', 'NONE');
#1236 = LINE ( 'NONE', #1872, #127 ) ;
#1237 = DIRECTION ( 'NONE',  ( -0.000000000000000000, -0.000000000000000000, 1.000000000000000000 ) ) ;
#1238 = FILL_AREA_STYLE ('',( #2251 ) ) ;
#1239 = EDGE_CURVE ( 'NONE', #1817, #3233, #1272, .T. ) ;
#1240 = ORIENTED_EDGE ( 'NONE', *, *, #736, .T. ) ;
#1241 = DIRECTION ( 'NONE',  ( 1.000000000000000000, 0.000000000000000000, 0.000000000000000000 ) ) ;
#1242 = EDGE_CURVE ( 'NONE', #2917, #1994, #194, .T. ) ;
#1243 = EDGE_LOOP ( 'NONE', ( #1798, #2138, #2358, #3219 ) ) ;
#1244 = ADVANCED_FACE ( 'NONE', ( #2390 ), #2585, .F. ) ;
#1245 = VECTOR ( 'NONE', #1336, 1000.000000000000000 ) ;
#1246 = CARTESIAN_POINT ( 'NONE',  ( 0.4099999999999999756, 0.07699999999999999900, -0.2999999999999997669 ) ) ;
#1247 = AXIS2_PLACEMENT_3D ( 'NONE', #207, #1486, #225 ) ;
#1248 = DIRECTION ( 'NONE',  ( 2.168404344971008868E-16, 0.000000000000000000, -1.000000000000000000 ) ) ;
#1249 = MECHANICAL_DESIGN_GEOMETRIC_PRESENTATION_REPRESENTATION (  '', ( #2403 ), #1411 ) ;
#1250 = ORIENTED_EDGE ( 'NONE', *, *, #986, .F. ) ;
#1251 = DIRECTION ( 'NONE',  ( 0.000000000000000000, -0.000000000000000000, 1.000000000000000000 ) ) ;
#1252 = EDGE_CURVE ( 'NONE', #1663, #1942, #1333, .T. ) ;
#1253 =( LENGTH_UNIT ( ) NAMED_UNIT ( * ) SI_UNIT ( .MILLI., .METRE. ) );
#1254 = ORIENTED_EDGE ( 'NONE', *, *, #1284, .F. ) ;
#1255 = AXIS2_PLACEMENT_3D ( 'NONE', #162, #1532, #1762 ) ;
#1256 = CARTESIAN_POINT ( 'NONE',  ( 0.4500000000000000111, 0.07699999999999999900, -0.2300000000000000100 ) ) ;
#1257 = ORIENTED_EDGE ( 'NONE', *, *, #335, .F. ) ;
#1258 = LINE ( 'NONE', #24, #183 ) ;
#1259 = CARTESIAN_POINT ( 'NONE',  ( -0.4099999999999999756, 0.1270000000000000018, 0.2999999999999997669 ) ) ;
#1260 = CARTESIAN_POINT ( 'NONE',  ( 0.4500000000000000111, 0.1270000000000000018, -0.2300000000000000100 ) ) ;
#1261 = CARTESIAN_POINT ( 'NONE',  ( -0.2500000000000000000, -0.09063054614240209639, 0.2499999999999997780 ) ) ;
#1262 = LINE ( 'NONE', #2051, #237 ) ;
#1263 = FILL_AREA_STYLE_COLOUR ( '', #294 ) ;
#1264 = ADVANCED_FACE ( 'NONE', ( #1325 ), #271, .F. ) ;
#1265 = FACE_OUTER_BOUND ( 'NONE', #2068, .T. ) ;
#1266 = ORIENTED_EDGE ( 'NONE', *, *, #2118, .F. ) ;
#1267 = DIRECTION ( 'NONE',  ( 1.000000000000000000, -0.000000000000000000, -0.000000000000000000 ) ) ;
#1268 = LINE ( 'NONE', #3269, #172 ) ;
#1269 = SURFACE_STYLE_USAGE ( .BOTH. , #2950 ) ;
#1270 = CARTESIAN_POINT ( 'NONE',  ( 0.000000000000000000, 0.07699999999999999900, 0.000000000000000000 ) ) ;
#1271 = ORIENTED_EDGE ( 'NONE', *, *, #1176, .T. ) ;
#1272 = LINE ( 'NONE', #327, #2367 ) ;
#1273 = EDGE_CURVE ( 'NONE', #1823, #1904, #204, .T. ) ;
#1274 = DIRECTION ( 'NONE',  ( 0.000000000000000000, 0.000000000000000000, -1.000000000000000000 ) ) ;
#1275 = LINE ( 'NONE', #1901, #2380 ) ;
#1276 = DIRECTION ( 'NONE',  ( 0.000000000000000000, -0.000000000000000000, -1.000000000000000000 ) ) ;
#1277 = EDGE_LOOP ( 'NONE', ( #3078, #2294, #1069, #13 ) ) ;
#1278 = EDGE_CURVE ( 'NONE', #2229, #2032, #1317, .T. ) ;
#1279 = DIRECTION ( 'NONE',  ( -0.000000000000000000, 0.000000000000000000, 1.000000000000000000 ) ) ;
#1280 = DIRECTION ( 'NONE',  ( -0.000000000000000000, -1.000000000000000000, -0.000000000000000000 ) ) ;
#1281 = ORIENTED_EDGE ( 'NONE', *, *, #133, .T. ) ;
#1282 = CARTESIAN_POINT ( 'NONE',  ( 0.5000000000000000000, 0.5500000000000000444, -0.2999999999999999889 ) ) ;
#1283 = DIRECTION ( 'NONE',  ( -1.000000000000000000, 0.000000000000000000, 2.168404344971008868E-16 ) ) ;
#1284 = EDGE_CURVE ( 'NONE', #2887, #1171, #213, .T. ) ;
#1285 = CARTESIAN_POINT ( 'NONE',  ( -0.4500000000000000111, 0.07699999999999999900, 0.09999999999999993616 ) ) ;
#1286 = EDGE_LOOP ( 'NONE', ( #3006, #1952, #1896, #798 ) ) ;
#1287 = LINE ( 'NONE', #610, #221 ) ;
#1288 = PLANE ( 'NONE',  #2054 ) ;
#1289 = ADVANCED_FACE ( 'NONE', ( #218 ), #2290, .T. ) ;
#1290 = EDGE_CURVE ( 'NONE', #811, #3097, #232, .T. ) ;
#1291 = FACE_OUTER_BOUND ( 'NONE', #908, .T. ) ;
#1292 = CARTESIAN_POINT ( 'NONE',  ( 0.4500000000000000111, 0.6090169943749473846, 0.2500000000000000000 ) ) ;
#1293 = VERTEX_POINT ( 'NONE', #549 ) ;
#1294 = DIRECTION ( 'NONE',  ( 0.000000000000000000, -0.000000000000000000, -1.000000000000000000 ) ) ;
#1295 = CARTESIAN_POINT ( 'NONE',  ( -0.4099999999999999756, 0.07699999999999999900, 0.2499999999999997780 ) ) ;
#1296 = EDGE_CURVE ( 'NONE', #906, #2937, #2429, .T. ) ;
#1297 = EDGE_LOOP ( 'NONE', ( #794, #173, #167, #1281 ) ) ;
#1298 = DIRECTION ( 'NONE',  ( -0.000000000000000000, 1.000000000000000000, 0.000000000000000000 ) ) ;
#1299 = VECTOR ( 'NONE', #1557, 1000.000000000000000 ) ;
#1300 = EDGE_CURVE ( 'NONE', #2887, #2285, #246, .T. ) ;
#1301 = CARTESIAN_POINT ( 'NONE',  ( -0.2500000000000000000, 0.1270000000000000018, -0.2499999999999997780 ) ) ;
#1302 = ORIENTED_EDGE ( 'NONE', *, *, #133, .F. ) ;
#1303 = CARTESIAN_POINT ( 'NONE',  ( -0.4099999999999999756, 0.07699999999999999900, 0.2999999999999997669 ) ) ;
#1304 =( NAMED_UNIT ( * ) PLANE_ANGLE_UNIT ( ) SI_UNIT ( $, .RADIAN. ) );
#1305 = VERTEX_POINT ( 'NONE', #2311 ) ;
#1306 =( NAMED_UNIT ( * ) SI_UNIT ( $, .STERADIAN. ) SOLID_ANGLE_UNIT ( ) );
#1307 = DIRECTION ( 'NONE',  ( 0.000000000000000000, 0.000000000000000000, -1.000000000000000000 ) ) ;
#1308 = CARTESIAN_POINT ( 'NONE',  ( 0.4099999999999999756, 0.07699999999999999900, 0.2999999999999997669 ) ) ;
#1309 = ORIENTED_EDGE ( 'NONE', *, *, #285, .T. ) ;
#1310 = LINE ( 'NONE', #2324, #186 ) ;
#1311 = CARTESIAN_POINT ( 'NONE',  ( 0.000000000000000000, 0.1270000000000000018, 0.000000000000000000 ) ) ;
#1312 = CARTESIAN_POINT ( 'NONE',  ( -0.2500000000000000000, -0.09063054614240209639, 0.2999999999999998224 ) ) ;
#1313 = AXIS2_PLACEMENT_3D ( 'NONE', #2257, #1051, #480 ) ;
#1314 = ORIENTED_EDGE ( 'NONE', *, *, #2979, .F. ) ;
#1315 = EDGE_CURVE ( 'NONE', #2926, #672, #2439, .T. ) ;
#1316 = CARTESIAN_POINT ( 'NONE',  ( -0.4099999999999999756, 0.07699999999999999900, -0.2499999999999997780 ) ) ;
#1317 = LINE ( 'NONE', #247, #1299 ) ;
#1318 = DIRECTION ( 'NONE',  ( -1.000000000000000000, -0.000000000000000000, 3.388131789017201849E-16 ) ) ;
#1319 = DIRECTION ( 'NONE',  ( 0.000000000000000000, 1.000000000000000000, 0.000000000000000000 ) ) ;
#1320 = AXIS2_PLACEMENT_3D ( 'NONE', #31, #80, #432 ) ;
#1321 = CARTESIAN_POINT ( 'NONE',  ( 0.4500000000000000111, -0.09063054614240209639, 0.09999999999999993616 ) ) ;
#1322 = MECHANICAL_DESIGN_GEOMETRIC_PRESENTATION_REPRESENTATION (  '', ( #53 ), #682 ) ;
#1323 = CARTESIAN_POINT ( 'NONE',  ( -0.1999999999999999833, 0.05000000000000002359, -0.2499999999999999445 ) ) ;
#1324 = EDGE_LOOP ( 'NONE', ( #1266, #1925, #2151, #1309 ) ) ;
#1325 = FACE_OUTER_BOUND ( 'NONE', #2798, .T. ) ;
#1326 = CARTESIAN_POINT ( 'NONE',  ( -0.4099999999999999756, -0.09063054614240209639, -0.2999999999999997669 ) ) ;
#1327 = DIRECTION ( 'NONE',  ( 0.000000000000000000, -1.000000000000000000, 0.000000000000000000 ) ) ;
#1328 = PLANE ( 'NONE',  #2967 ) ;
#1329 = ADVANCED_FACE ( 'NONE', ( #1342 ), #1328, .F. ) ;
#1330 = VECTOR ( 'NONE', #2338, 1000.000000000000000 ) ;
#1331 = CARTESIAN_POINT ( 'NONE',  ( 0.2500000000000000000, 0.07699999999999999900, -0.2999999999999998224 ) ) ;
#1332 = PLANE ( 'NONE',  #3132 ) ;
#1333 = LINE ( 'NONE', #2975, #264 ) ;
#1334 = EDGE_CURVE ( 'NONE', #3248, #1078, #2443, .T. ) ;
#1335 = DIRECTION ( 'NONE',  ( 1.000000000000000000, 0.000000000000000000, -0.000000000000000000 ) ) ;
#1336 = DIRECTION ( 'NONE',  ( -0.000000000000000000, 1.000000000000000000, 0.000000000000000000 ) ) ;
#1337 = VECTOR ( 'NONE', #1746, 1000.000000000000000 ) ;
#1338 = DIRECTION ( 'NONE',  ( -0.000000000000000000, -0.000000000000000000, -1.000000000000000000 ) ) ;
#1339 = EDGE_CURVE ( 'NONE', #987, #674, #275, .T. ) ;
#1340 = VECTOR ( 'NONE', #2225, 1000.000000000000000 ) ;
#1341 = CARTESIAN_POINT ( 'NONE',  ( 0.4500000000000000111, 0.07699999999999999900, 0.09999999999999993616 ) ) ;
#1342 = FACE_OUTER_BOUND ( 'NONE', #1286, .T. ) ;
#1343 = DIRECTION ( 'NONE',  ( -1.000000000000000000, 0.000000000000000000, -0.000000000000000000 ) ) ;
#1344 = AXIS2_PLACEMENT_3D ( 'NONE', #2386, #2406, #884 ) ;
#1345 = DIRECTION ( 'NONE',  ( 0.000000000000000000, -0.000000000000000000, 1.000000000000000000 ) ) ;
#1346 = VECTOR ( 'NONE', #3064, 1000.000000000000000 ) ;
#1347 = FACE_OUTER_BOUND ( 'NONE', #2784, .T. ) ;
#1348 = CARTESIAN_POINT ( 'NONE',  ( 0.000000000000000000, 0.000000000000000000, 0.000000000000000000 ) ) ;
#1349 = EDGE_CURVE ( 'NONE', #1790, #795, #369, .T. ) ;
#1350 = CARTESIAN_POINT ( 'NONE',  ( -0.4500000000000000111, 0.1270000000000000018, -0.2300000000000000100 ) ) ;
#1351 = ADVANCED_FACE ( 'NONE', ( #342 ), #2205, .F. ) ;
#1352 = EDGE_CURVE ( 'NONE', #224, #3137, #2550, .T. ) ;
#1353 = DIRECTION ( 'NONE',  ( -1.000000000000000000, 0.000000000000000000, -0.000000000000000000 ) ) ;
#1354 = ADVANCED_FACE ( 'NONE', ( #1378 ), #616, .F. ) ;
#1355 = CARTESIAN_POINT ( 'NONE',  ( 0.4500000000000000111, -0.09063054614240209639, 0.09999999999999993616 ) ) ;
#1356 = LINE ( 'NONE', #648, #2452 ) ;
#1357 = SURFACE_STYLE_USAGE ( .BOTH. , #1056 ) ;
#1358 = EDGE_CURVE ( 'NONE', #3036, #896, #1452, .T. ) ;
#1359 = VECTOR ( 'NONE', #131, 1000.000000000000000 ) ;
#1360 = DIRECTION ( 'NONE',  ( -1.000000000000000000, 0.000000000000000000, 0.000000000000000000 ) ) ;
#1361 =( NAMED_UNIT ( * ) PLANE_ANGLE_UNIT ( ) SI_UNIT ( $, .RADIAN. ) );
#1362 = PRODUCT_CONTEXT ( 'NONE', #2143, 'mechanical' ) ;
#1363 = FACE_OUTER_BOUND ( 'NONE', #874, .T. ) ;
#1364 = CARTESIAN_POINT ( 'NONE',  ( -0.4099999999999999756, 0.1270000000000000018, -0.2499999999999997780 ) ) ;
#1365 = DIRECTION ( 'NONE',  ( 0.000000000000000000, 0.000000000000000000, 1.000000000000000000 ) ) ;
#1366 = VECTOR ( 'NONE', #923, 1000.000000000000000 ) ;
#1367 = CARTESIAN_POINT ( 'NONE',  ( -0.1999999999999999833, 0.000000000000000000, -0.2499999999999999445 ) ) ;
#1368 = EDGE_CURVE ( 'NONE', #1783, #1761, #334, .T. ) ;
#1369 = CARTESIAN_POINT ( 'NONE',  ( -0.2500000000000000000, 0.07699999999999999900, 0.2499999999999997780 ) ) ;
#1370 = FACE_OUTER_BOUND ( 'NONE', #2364, .T. ) ;
#1371 = CARTESIAN_POINT ( 'NONE',  ( -0.4500000000000000111, 0.07699999999999999900, -0.2300000000000000100 ) ) ;
#1372 = ADVANCED_FACE ( 'NONE', ( #287 ), #1167, .T. ) ;
#1373 = DIRECTION ( 'NONE',  ( -0.000000000000000000, -0.000000000000000000, 1.000000000000000000 ) ) ;
#1374 = FACE_OUTER_BOUND ( 'NONE', #2063, .T. ) ;
#1375 = CARTESIAN_POINT ( 'NONE',  ( 0.4500000000000000111, 0.1270000000000000018, 0.2300000000000000100 ) ) ;
#1376 = ADVANCED_FACE ( 'NONE', ( #2458 ), #1505, .F. ) ;
#1377 =( GEOMETRIC_REPRESENTATION_CONTEXT ( 3 ) GLOBAL_UNCERTAINTY_ASSIGNED_CONTEXT ( ( #496 ) ) GLOBAL_UNIT_ASSIGNED_CONTEXT ( ( #2723, #1009, #2274 ) ) REPRESENTATION_CONTEXT ( 'NONE', 'WORKASPACE' ) );
#1378 = FACE_OUTER_BOUND ( 'NONE', #3101, .T. ) ;
#1379 = CARTESIAN_POINT ( 'NONE',  ( -0.2500000000000000000, 0.07699999999999999900, -0.2499999999999997780 ) ) ;
#1380 = DIRECTION ( 'NONE',  ( 1.000000000000000000, -0.000000000000000000, 2.168404344971008868E-16 ) ) ;
#1381 = CARTESIAN_POINT ( 'NONE',  ( -0.2500000000000000000, 0.1270000000000000018, -0.2999999999999998224 ) ) ;
#1382 = CARTESIAN_POINT ( 'NONE',  ( 0.000000000000000000, 0.1270000000000000018, 0.000000000000000000 ) ) ;
#1383 = AXIS2_PLACEMENT_3D ( 'NONE', #856, #1822, #3119 ) ;
#1384 = PLANE ( 'NONE',  #6 ) ;
#1385 = MANIFOLD_SOLID_BREP ( 'Boss-Extrude3[3]', #1030 ) ;
#1386 = EDGE_CURVE ( 'NONE', #1942, #1870, #1425, .T. ) ;
#1387 = DIRECTION ( 'NONE',  ( -0.000000000000000000, 1.000000000000000000, 0.000000000000000000 ) ) ;
#1388 = VECTOR ( 'NONE', #1567, 1000.000000000000000 ) ;
#1389 = FACE_OUTER_BOUND ( 'NONE', #1706, .T. ) ;
#1390 = DIRECTION ( 'NONE',  ( -0.000000000000000000, 1.000000000000000000, 0.000000000000000000 ) ) ;
#1391 = DIRECTION ( 'NONE',  ( 1.000000000000000000, 0.000000000000000000, 0.000000000000000000 ) ) ;
#1392 = FACE_OUTER_BOUND ( 'NONE', #1797, .T. ) ;
#1393 = ADVANCED_FACE ( 'NONE', ( #347 ), #2755, .F. ) ;
#1394 = CARTESIAN_POINT ( 'NONE',  ( 0.2500000000000000000, 0.1270000000000000018, 0.2499999999999997780 ) ) ;
#1395 = DIRECTION ( 'NONE',  ( -1.000000000000000000, -0.000000000000000000, 0.000000000000000000 ) ) ;
#1396 = VECTOR ( 'NONE', #2818, 1000.000000000000000 ) ;
#1397 = EDGE_CURVE ( 'NONE', #2836, #1966, #2530, .T. ) ;
#1398 = CARTESIAN_POINT ( 'NONE',  ( -0.4500000000000000111, 0.000000000000000000, -0.2500000000000000000 ) ) ;
#1399 = CARTESIAN_POINT ( 'NONE',  ( 0.4500000000000000111, 0.000000000000000000, 0.2500000000000000000 ) ) ;
#1400 = LINE ( 'NONE', #2315, #299 ) ;
#1401 = DIRECTION ( 'NONE',  ( 1.000000000000000000, 0.000000000000000000, 0.000000000000000000 ) ) ;
#1402 = DIRECTION ( 'NONE',  ( 0.000000000000000000, 0.000000000000000000, -1.000000000000000000 ) ) ;
#1403 = LINE ( 'NONE', #1780, #392 ) ;
#1404 = PLANE ( 'NONE',  #1196 ) ;
#1405 = VECTOR ( 'NONE', #1407, 1000.000000000000000 ) ;
#1406 = DIRECTION ( 'NONE',  ( 1.668003342285390663E-15, -0.000000000000000000, 1.000000000000000000 ) ) ;
#1407 = DIRECTION ( 'NONE',  ( -0.000000000000000000, -1.000000000000000000, -0.000000000000000000 ) ) ;
#1408 = LINE ( 'NONE', #2775, #375 ) ;
#1409 = EDGE_CURVE ( 'NONE', #2844, #1916, #248, .T. ) ;
#1410 = FACE_OUTER_BOUND ( 'NONE', #2014, .T. ) ;
#1411 =( GEOMETRIC_REPRESENTATION_CONTEXT ( 3 ) GLOBAL_UNCERTAINTY_ASSIGNED_CONTEXT ( ( #1072 ) ) GLOBAL_UNIT_ASSIGNED_CONTEXT ( ( #1702, #1683, #1978 ) ) REPRESENTATION_CONTEXT ( 'NONE', 'WORKASPACE' ) );
#1412 = LINE ( 'NONE', #1027, #2557 ) ;
#1413 = PRODUCT_DEFINITION_FORMATION_WITH_SPECIFIED_SOURCE ( 'ANY', '', #652, .NOT_KNOWN. ) ;
#1414 = ADVANCED_FACE ( 'NONE', ( #2559 ), #262, .F. ) ;
#1415 = LINE ( 'NONE', #501, #2539 ) ;
#1416 = CARTESIAN_POINT ( 'NONE',  ( 0.4500000000000000111, -0.09063054614240209639, 0.2300000000000000100 ) ) ;
#1417 = EDGE_CURVE ( 'NONE', #977, #2927, #2510, .T. ) ;
#1418 = CARTESIAN_POINT ( 'NONE',  ( 0.5000000000000000000, 0.5500000000000000444, 0.2999999999999999889 ) ) ;
#1419 = CARTESIAN_POINT ( 'NONE',  ( 0.4099999999999999756, 0.07699999999999999900, -0.2499999999999997780 ) ) ;
#1420 = VECTOR ( 'NONE', #544, 1000.000000000000000 ) ;
#1421 = FACE_OUTER_BOUND ( 'NONE', #696, .T. ) ;
#1422 = LINE ( 'NONE', #821, #284 ) ;
#1423 = DIRECTION ( 'NONE',  ( 1.000000000000000000, 0.000000000000000000, 2.168404344971008868E-16 ) ) ;
#1424 = CARTESIAN_POINT ( 'NONE',  ( -0.4500000000000000111, 0.07699999999999999900, -0.2300000000000000100 ) ) ;
#1425 = LINE ( 'NONE', #2794, #2523 ) ;
#1426 = VECTOR ( 'NONE', #525, 1000.000000000000000 ) ;
#1427 = CARTESIAN_POINT ( 'NONE',  ( 0.1999999999999999833, 0.6090169943749473846, -0.2499999999999999445 ) ) ;
#1428 = VECTOR ( 'NONE', #16, 1000.000000000000000 ) ;
#1429 = LINE ( 'NONE', #2731, #345 ) ;
#1430 = EDGE_CURVE ( 'NONE', #2322, #2926, #381, .T. ) ;
#1431 = FACE_OUTER_BOUND ( 'NONE', #2945, .T. ) ;
#1432 = FACE_OUTER_BOUND ( 'NONE', #3049, .T. ) ;
#1433 = FACE_OUTER_BOUND ( 'NONE', #668, .T. ) ;
#1434 = VECTOR ( 'NONE', #38, 1000.000000000000000 ) ;
#1435 = DIRECTION ( 'NONE',  ( 0.000000000000000000, -1.000000000000000000, 0.000000000000000000 ) ) ;
#1436 = VECTOR ( 'NONE', #2808, 1000.000000000000000 ) ;
#1437 = CARTESIAN_POINT ( 'NONE',  ( -0.2500000000000000000, 0.1270000000000000018, 0.2499999999999997780 ) ) ;
#1438 = FACE_BOUND ( 'NONE', #2847, .T. ) ;
#1439 = DIRECTION ( 'NONE',  ( 0.000000000000000000, 0.000000000000000000, -1.000000000000000000 ) ) ;
#1440 =( GEOMETRIC_REPRESENTATION_CONTEXT ( 3 ) GLOBAL_UNCERTAINTY_ASSIGNED_CONTEXT ( ( #116 ) ) GLOBAL_UNIT_ASSIGNED_CONTEXT ( ( #22, #2305, #243 ) ) REPRESENTATION_CONTEXT ( 'NONE', 'WORKASPACE' ) );
#1441 = CARTESIAN_POINT ( 'NONE',  ( -0.4099999999999999756, 0.07699999999999999900, -0.2999999999999997669 ) ) ;
#1442 = ADVANCED_FACE ( 'NONE', ( #1347 ), #240, .F. ) ;
#1443 = VECTOR ( 'NONE', #589, 1000.000000000000000 ) ;
#1444 = FACE_OUTER_BOUND ( 'NONE', #2108, .T. ) ;
#1445 = FACE_BOUND ( 'NONE', #29, .T. ) ;
#1446 = CARTESIAN_POINT ( 'NONE',  ( -0.1999999999999999833, 0.05000000000000000278, -0.2499999999999999445 ) ) ;
#1447 = DIRECTION ( 'NONE',  ( 1.000000000000000000, -0.000000000000000000, -0.000000000000000000 ) ) ;
#1448 = EDGE_CURVE ( 'NONE', #737, #1305, #1429, .T. ) ;
#1449 = CARTESIAN_POINT ( 'NONE',  ( 0.4500000000000000111, 0.05000000000000000278, -0.2500000000000000000 ) ) ;
#1450 = SURFACE_STYLE_FILL_AREA ( #511 ) ;
#1451 = AXIS2_PLACEMENT_3D ( 'NONE', #2778, #2526, #3054 ) ;
#1452 = LINE ( 'NONE', #1191, #2502 ) ;
#1453 = CARTESIAN_POINT ( 'NONE',  ( -0.5000000000000000000, 0.07699999999999999900, -0.2300000000000000100 ) ) ;
#1454 = VECTOR ( 'NONE', #1696, 1000.000000000000000 ) ;
#1455 = AXIS2_PLACEMENT_3D ( 'NONE', #3125, #1620, #813 ) ;
#1456 = VECTOR ( 'NONE', #1338, 1000.000000000000000 ) ;
#1457 = VECTOR ( 'NONE', #1206, 1000.000000000000000 ) ;
#1458 = FACE_OUTER_BOUND ( 'NONE', #950, .T. ) ;
#1459 = CARTESIAN_POINT ( 'NONE',  ( -0.2500000000000000000, 0.07699999999999999900, -0.2999999999999998224 ) ) ;
#1460 = LINE ( 'NONE', #2349, #2493 ) ;
#1461 = CARTESIAN_POINT ( 'NONE',  ( 0.4099999999999999756, 0.07699999999999999900, -0.2499999999999997780 ) ) ;
#1462 = VECTOR ( 'NONE', #1083, 1000.000000000000000 ) ;
#1463 = DIRECTION ( 'NONE',  ( -1.000000000000000000, 0.000000000000000000, -2.168404344971008868E-16 ) ) ;
#1464 = LINE ( 'NONE', #2712, #331 ) ;
#1465 = EDGE_CURVE ( 'NONE', #617, #27, #2535, .T. ) ;
#1466 = FACE_OUTER_BOUND ( 'NONE', #878, .T. ) ;
#1467 = PRESENTATION_STYLE_ASSIGNMENT (( #125 ) ) ;
#1468 = DIRECTION ( 'NONE',  ( 1.000000000000000000, -0.000000000000000000, -3.388131789017201849E-16 ) ) ;
#1469 = DIRECTION ( 'NONE',  ( -1.668003342285390663E-15, -0.000000000000000000, -1.000000000000000000 ) ) ;
#1470 = ADVANCED_FACE ( 'NONE', ( #1363 ), #2377, .F. ) ;
#1471 = LINE ( 'NONE', #1218, #2508 ) ;
#1472 = DIRECTION ( 'NONE',  ( -1.000000000000000000, 0.000000000000000000, 0.000000000000000000 ) ) ;
#1473 = DIRECTION ( 'NONE',  ( 0.000000000000000000, -0.000000000000000000, 1.000000000000000000 ) ) ;
#1474 = EDGE_CURVE ( 'NONE', #1753, #2787, #2554, .T. ) ;
#1475 = CARTESIAN_POINT ( 'NONE',  ( 0.5000000000000000000, 0.000000000000000000, -0.2999999999999999889 ) ) ;
#1476 = LINE ( 'NONE', #2136, #2483 ) ;
#1477 = UNCERTAINTY_MEASURE_WITH_UNIT (LENGTH_MEASURE( 1.000000000000000082E-05 ), #301, 'distance_accuracy_value', 'NONE');
#1478 = VECTOR ( 'NONE', #2447, 1000.000000000000000 ) ;
#1479 = VECTOR ( 'NONE', #1110, 1000.000000000000000 ) ;
#1480 = LINE ( 'NONE', #939, #1428 ) ;
#1481 = DIRECTION ( 'NONE',  ( 1.000000000000000000, 0.000000000000000000, 3.388131789017202342E-16 ) ) ;
#1482 = AXIS2_PLACEMENT_3D ( 'NONE', #1446, #2218, #1423 ) ;
#1483 = VECTOR ( 'NONE', #2337, 1000.000000000000000 ) ;
#1484 = DIRECTION ( 'NONE',  ( 0.000000000000000000, 0.000000000000000000, 1.000000000000000000 ) ) ;
#1485 = SURFACE_STYLE_USAGE ( .BOTH. , #67 ) ;
#1486 = DIRECTION ( 'NONE',  ( 1.000000000000000000, 0.000000000000000000, -1.668003342285390663E-15 ) ) ;
#1487 = AXIS2_PLACEMENT_3D ( 'NONE', #2040, #281, #2549 ) ;
#1488 = LINE ( 'NONE', #470, #3032 ) ;
#1489 = DIRECTION ( 'NONE',  ( 0.000000000000000000, -0.000000000000000000, 1.000000000000000000 ) ) ;
#1490 = VECTOR ( 'NONE', #1391, 1000.000000000000000 ) ;
#1491 = VECTOR ( 'NONE', #3168, 1000.000000000000000 ) ;
#1492 = DIRECTION ( 'NONE',  ( 0.000000000000000000, 1.000000000000000000, 0.000000000000000000 ) ) ;
#1493 = LINE ( 'NONE', #2005, #407 ) ;
#1494 = AXIS2_PLACEMENT_3D ( 'NONE', #2898, #3001, #229 ) ;
#1495 = ADVANCED_FACE ( 'NONE', ( #1370 ), #481, .F. ) ;
#1496 = FACE_BOUND ( 'NONE', #2839, .T. ) ;
#1497 = DIRECTION ( 'NONE',  ( 0.000000000000000000, -1.000000000000000000, 0.000000000000000000 ) ) ;
#1498 = LINE ( 'NONE', #930, #1507 ) ;
#1499 = CARTESIAN_POINT ( 'NONE',  ( -0.1999999999999999833, 0.6090169943749473846, 0.2500000000000000555 ) ) ;
#1500 = LINE ( 'NONE', #1573, #430 ) ;
#1501 = DIRECTION ( 'NONE',  ( -0.000000000000000000, -0.000000000000000000, 1.000000000000000000 ) ) ;
#1502 = CARTESIAN_POINT ( 'NONE',  ( 0.2500000000000000000, 0.07699999999999999900, 0.2999999999999998224 ) ) ;
#1503 = CARTESIAN_POINT ( 'NONE',  ( 0.4099999999999999756, 0.07699999999999999900, -0.2499999999999997780 ) ) ;
#1504 = EDGE_CURVE ( 'NONE', #1891, #959, #1356, .T. ) ;
#1505 = PLANE ( 'NONE',  #1451 ) ;
#1506 = CARTESIAN_POINT ( 'NONE',  ( -0.4500000000000000111, 0.05000000000000002359, 0.2500000000000000000 ) ) ;
#1507 = VECTOR ( 'NONE', #707, 1000.000000000000000 ) ;
#1508 = DIRECTION ( 'NONE',  ( 1.000000000000000000, 0.000000000000000000, 2.168404344971008868E-16 ) ) ;
#1509 = VECTOR ( 'NONE', #653, 1000.000000000000000 ) ;
#1510 = DIRECTION ( 'NONE',  ( -0.000000000000000000, -0.000000000000000000, 1.000000000000000000 ) ) ;
#1511 = EDGE_CURVE ( 'NONE', #1709, #1029, #337, .T. ) ;
#1512 = VECTOR ( 'NONE', #800, 1000.000000000000000 ) ;
#1513 = CARTESIAN_POINT ( 'NONE',  ( 0.2500000000000000000, 0.1270000000000000018, 0.2999999999999998224 ) ) ;
#1514 = PLANE ( 'NONE',  #1764 ) ;
#1515 = LINE ( 'NONE', #1769, #438 ) ;
#1516 = PLANE ( 'NONE',  #2777 ) ;
#1517 = CARTESIAN_POINT ( 'NONE',  ( -0.4999999999999997780, 0.1270000000000000018, 0.09999999999999993616 ) ) ;
#1518 = AXIS2_PLACEMENT_3D ( 'NONE', #1189, #1616, #2619 ) ;
#1519 = CARTESIAN_POINT ( 'NONE',  ( 0.2500000000000000000, 0.07699999999999999900, -0.2499999999999997780 ) ) ;
#1520 = AXIS2_PLACEMENT_3D ( 'NONE', #2312, #2807, #1042 ) ;
#1521 = DIRECTION ( 'NONE',  ( 1.000000000000000000, -0.000000000000000000, -0.000000000000000000 ) ) ;
#1522 = PRESENTATION_LAYER_ASSIGNMENT (  '', '', ( #1691 ) ) ;
#1523 = DIRECTION ( 'NONE',  ( -0.000000000000000000, 1.000000000000000000, 0.000000000000000000 ) ) ;
#1524 = PRESENTATION_STYLE_ASSIGNMENT (( #5 ) ) ;
#1525 = CARTESIAN_POINT ( 'NONE',  ( 0.2500000000000000000, 0.07699999999999999900, 0.2499999999999997780 ) ) ;
#1526 = EDGE_CURVE ( 'NONE', #1863, #3178, #259, .T. ) ;
#1527 = CARTESIAN_POINT ( 'NONE',  ( 0.1999999999999999833, -0.000000000000000000, -0.2499999999999999445 ) ) ;
#1528 = SURFACE_STYLE_FILL_AREA ( #1208 ) ;
#1529 = DIRECTION ( 'NONE',  ( 0.000000000000000000, -0.000000000000000000, 1.000000000000000000 ) ) ;
#1530 = EDGE_CURVE ( 'NONE', #3102, #2085, #2449, .T. ) ;
#1531 = DIRECTION ( 'NONE',  ( -0.000000000000000000, -0.000000000000000000, 1.000000000000000000 ) ) ;
#1532 = DIRECTION ( 'NONE',  ( 0.000000000000000000, 1.000000000000000000, 0.000000000000000000 ) ) ;
#1533 = DIRECTION ( 'NONE',  ( 1.000000000000000000, 0.000000000000000000, -0.000000000000000000 ) ) ;
#1534 = FACE_OUTER_BOUND ( 'NONE', #929, .T. ) ;
#1535 = DIRECTION ( 'NONE',  ( -1.000000000000000000, 0.000000000000000000, 0.000000000000000000 ) ) ;
#1536 = FACE_OUTER_BOUND ( 'NONE', #760, .T. ) ;
#1537 = CARTESIAN_POINT ( 'NONE',  ( 0.4500000000000000111, 0.000000000000000000, 0.2500000000000000000 ) ) ;
#1538 = DIRECTION ( 'NONE',  ( -0.000000000000000000, 1.000000000000000000, 0.000000000000000000 ) ) ;
#1539 = CARTESIAN_POINT ( 'NONE',  ( -0.5000000000000000000, 0.07699999999999999900, -0.2300000000000000100 ) ) ;
#1540 = VECTOR ( 'NONE', #770, 1000.000000000000000 ) ;
#1541 = CARTESIAN_POINT ( 'NONE',  ( 0.4099999999999999756, 0.07699999999999999900, 0.2999999999999997669 ) ) ;
#1542 = AXIS2_PLACEMENT_3D ( 'NONE', #519, #559, #3106 ) ;
#1543 = CARTESIAN_POINT ( 'NONE',  ( 0.4099999999999999756, -0.09063054614240209639, -0.2499999999999997780 ) ) ;
#1544 = FACE_OUTER_BOUND ( 'NONE', #2020, .T. ) ;
#1545 = CARTESIAN_POINT ( 'NONE',  ( -0.4999999999999997780, -0.09063054614240209639, 0.09999999999999993616 ) ) ;
#1546 = AXIS2_PLACEMENT_3D ( 'NONE', #2817, #2551, #1533 ) ;
#1547 = CARTESIAN_POINT ( 'NONE',  ( -0.4999999999999997780, 0.07699999999999999900, 0.09999999999999993616 ) ) ;
#1548 = ADVANCED_FACE ( 'NONE', ( #2566 ), #2165, .T. ) ;
#1549 = AXIS2_PLACEMENT_3D ( 'NONE', #2482, #2813, #2856 ) ;
#1550 = CARTESIAN_POINT ( 'NONE',  ( -0.4999999999999997780, -0.09063054614240209639, -0.09999999999999993616 ) ) ;
#1551 = VECTOR ( 'NONE', #2822, 1000.000000000000000 ) ;
#1552 = PLANE ( 'NONE',  #1136 ) ;
#1553 = DIRECTION ( 'NONE',  ( -1.000000000000000000, 0.000000000000000000, -0.000000000000000000 ) ) ;
#1554 =( GEOMETRIC_REPRESENTATION_CONTEXT ( 3 ) GLOBAL_UNCERTAINTY_ASSIGNED_CONTEXT ( ( #2831 ) ) GLOBAL_UNIT_ASSIGNED_CONTEXT ( ( #1821, #1361, #1306 ) ) REPRESENTATION_CONTEXT ( 'NONE', 'WORKASPACE' ) );
#1555 = VECTOR ( 'NONE', #1241, 1000.000000000000000 ) ;
#1556 = CARTESIAN_POINT ( 'NONE',  ( -0.4999999999999997780, 0.07699999999999999900, -0.09999999999999993616 ) ) ;
#1557 = DIRECTION ( 'NONE',  ( 1.000000000000000000, 0.000000000000000000, 0.000000000000000000 ) ) ;
#1558 = PRESENTATION_STYLE_ASSIGNMENT (( #2111 ) ) ;
#1559 = LINE ( 'NONE', #1453, #1509 ) ;
#1560 = CARTESIAN_POINT ( 'NONE',  ( 0.4500000000000000111, 0.07699999999999999900, -0.09999999999999993616 ) ) ;
#1561 = EDGE_CURVE ( 'NONE', #554, #815, #2464, .T. ) ;
#1562 = LINE ( 'NONE', #389, #415 ) ;
#1563 = CARTESIAN_POINT ( 'NONE',  ( 0.4099999999999999756, 0.07699999999999999900, 0.2499999999999997780 ) ) ;
#1564 = LINE ( 'NONE', #2974, #529 ) ;
#1565 = CARTESIAN_POINT ( 'NONE',  ( 0.4099999999999999756, 0.1270000000000000018, 0.2499999999999997780 ) ) ;
#1566 = CARTESIAN_POINT ( 'NONE',  ( -0.5000000000000000000, 0.5500000000000000444, 0.2999999999999999889 ) ) ;
#1567 = DIRECTION ( 'NONE',  ( -0.000000000000000000, 1.000000000000000000, 0.000000000000000000 ) ) ;
#1568 = LINE ( 'NONE', #185, #494 ) ;
#1569 = ADVANCED_FACE ( 'NONE', ( #2454 ), #197, .T. ) ;
#1570 = COLOUR_RGB ( '',1.000000000000000000, 0.8117647058823529438, 0.5019607843137254832 ) ;
#1571 = VECTOR ( 'NONE', #1280, 1000.000000000000000 ) ;
#1572 = ADVANCED_FACE ( 'NONE', ( #2540 ), #1647, .T. ) ;
#1573 = CARTESIAN_POINT ( 'NONE',  ( 0.4500000000000000111, 0.07699999999999999900, 0.09999999999999993616 ) ) ;
#1574 = DIRECTION ( 'NONE',  ( 0.000000000000000000, 0.000000000000000000, -1.000000000000000000 ) ) ;
#1575 = CARTESIAN_POINT ( 'NONE',  ( 0.4099999999999999756, -0.09063054614240209639, 0.2499999999999997780 ) ) ;
#1576 = DIRECTION ( 'NONE',  ( 1.000000000000000000, 0.000000000000000000, -0.000000000000000000 ) ) ;
#1577 = FACE_OUTER_BOUND ( 'NONE', #2277, .T. ) ;
#1578 = AXIS2_PLACEMENT_3D ( 'NONE', #2872, #398, #1402 ) ;
#1579 = VECTOR ( 'NONE', #752, 1000.000000000000000 ) ;
#1580 = CARTESIAN_POINT ( 'NONE',  ( -0.2500000000000000000, 0.1270000000000000018, 0.2999999999999998224 ) ) ;
#1581 = EDGE_CURVE ( 'NONE', #1870, #1730, #388, .T. ) ;
#1582 = PRESENTATION_STYLE_ASSIGNMENT (( #180 ) ) ;
#1583 = LINE ( 'NONE', #445, #552 ) ;
#1584 = AXIS2_PLACEMENT_3D ( 'NONE', #2455, #242, #466 ) ;
#1585 = LINE ( 'NONE', #1641, #373 ) ;
#1586 = DIRECTION ( 'NONE',  ( -2.168404344971008868E-16, 0.000000000000000000, 1.000000000000000000 ) ) ;
#1587 = AXIS2_PLACEMENT_3D ( 'NONE', #2582, #3059, #547 ) ;
#1588 = LINE ( 'NONE', #1091, #2686 ) ;
#1589 = LINE ( 'NONE', #1502, #2688 ) ;
#1590 = CARTESIAN_POINT ( 'NONE',  ( -0.2500000000000000000, 0.07699999999999999900, 0.2999999999999998224 ) ) ;
#1591 = LINE ( 'NONE', #1331, #1625 ) ;
#1592 = EDGE_CURVE ( 'NONE', #1916, #1994, #289, .T. ) ;
#1593 = PRESENTATION_STYLE_ASSIGNMENT (( #3089 ) ) ;
#1594 = LINE ( 'NONE', #1301, #1627 ) ;
#1595 = DIRECTION ( 'NONE',  ( 0.000000000000000000, 1.000000000000000000, 0.000000000000000000 ) ) ;
#1596 = FACE_OUTER_BOUND ( 'NONE', #782, .T. ) ;
#1597 = DIRECTION ( 'NONE',  ( -0.000000000000000000, 1.000000000000000000, 0.000000000000000000 ) ) ;
#1598 = EDGE_CURVE ( 'NONE', #2873, #2215, #1422, .T. ) ;
#1599 = LINE ( 'NONE', #3023, #531 ) ;
#1600 = ADVANCED_FACE ( 'NONE', ( #1374 ), #2923, .T. ) ;
#1601 = LINE ( 'NONE', #2567, #2706 ) ;
#1602 = CARTESIAN_POINT ( 'NONE',  ( -0.4099999999999999756, 0.07699999999999999900, -0.2499999999999997780 ) ) ;
#1603 = PLANE ( 'NONE',  #996 ) ;
#1604 = LINE ( 'NONE', #2992, #1571 ) ;
#1605 = EDGE_CURVE ( 'NONE', #87, #1109, #266, .T. ) ;
#1606 = CARTESIAN_POINT ( 'NONE',  ( 0.4999999999999997780, 0.07699999999999999900, -0.09999999999999993616 ) ) ;
#1607 = LINE ( 'NONE', #73, #2701 ) ;
#1608 = CARTESIAN_POINT ( 'NONE',  ( -0.4500000000000000111, 0.07699999999999999900, 0.2300000000000000100 ) ) ;
#1609 = MANIFOLD_SOLID_BREP ( 'Boss-Extrude2[1]', #787 ) ;
#1610 = EDGE_CURVE ( 'NONE', #3075, #2899, #351, .T. ) ;
#1611 = DIRECTION ( 'NONE',  ( -0.000000000000000000, -0.000000000000000000, 1.000000000000000000 ) ) ;
#1612 = LINE ( 'NONE', #2327, #2717 ) ;
#1613 = FACE_OUTER_BOUND ( 'NONE', #2730, .T. ) ;
#1614 = AXIS2_PLACEMENT_3D ( 'NONE', #2436, #1365, #1576 ) ;
#1615 = FACE_OUTER_BOUND ( 'NONE', #1960, .T. ) ;
#1616 = DIRECTION ( 'NONE',  ( 0.000000000000000000, -0.000000000000000000, 1.000000000000000000 ) ) ;
#1617 = FACE_OUTER_BOUND ( 'NONE', #2006, .T. ) ;
#1618 = VECTOR ( 'NONE', #3068, 1000.000000000000000 ) ;
#1619 = SURFACE_SIDE_STYLE ('',( #2183 ) ) ;
#1620 = DIRECTION ( 'NONE',  ( -1.000000000000000000, -0.000000000000000000, 0.000000000000000000 ) ) ;
#1621 = CARTESIAN_POINT ( 'NONE',  ( 0.4999999999999997780, 0.1270000000000000018, -0.09999999999999993616 ) ) ;
#1622 = ADVANCED_FACE ( 'NONE', ( #1433, #1438, #1445 ), #2196, .F. ) ;
#1623 = STYLED_ITEM ( 'NONE', ( #1582 ), #2563 ) ;
#1624 = MANIFOLD_SOLID_BREP ( 'Boss-Extrude3[5]', #2195 ) ;
#1625 = VECTOR ( 'NONE', #779, 1000.000000000000000 ) ;
#1626 = CARTESIAN_POINT ( 'NONE',  ( -0.2500000000000000000, 0.1270000000000000018, -0.2999999999999998224 ) ) ;
#1627 = VECTOR ( 'NONE', #1531, 1000.000000000000000 ) ;
#1628 = PLANE ( 'NONE',  #3035 ) ;
#1629 =( NAMED_UNIT ( * ) SI_UNIT ( $, .STERADIAN. ) SOLID_ANGLE_UNIT ( ) );
#1630 = ORIENTED_EDGE ( 'NONE', *, *, #584, .T. ) ;
#1631 = DIRECTION ( 'NONE',  ( -0.000000000000000000, 1.000000000000000000, 0.000000000000000000 ) ) ;
#1632 = CARTESIAN_POINT ( 'NONE',  ( -0.4099999999999999756, 0.07699999999999999900, 0.2999999999999997669 ) ) ;
#1633 = ORIENTED_EDGE ( 'NONE', *, *, #1352, .F. ) ;
#1634 = EDGE_CURVE ( 'NONE', #843, #1870, #413, .T. ) ;
#1635 = CARTESIAN_POINT ( 'NONE',  ( -0.4500000000000000111, 0.07699999999999999900, -0.09999999999999993616 ) ) ;
#1636 = ORIENTED_EDGE ( 'NONE', *, *, #1465, .T. ) ;
#1637 = EDGE_LOOP ( 'NONE', ( #2103, #3143, #935, #902 ) ) ;
#1638 = DIRECTION ( 'NONE',  ( 1.000000000000000000, 0.000000000000000000, -0.000000000000000000 ) ) ;
#1639 = CARTESIAN_POINT ( 'NONE',  ( 0.000000000000000000, 0.07699999999999999900, 0.000000000000000000 ) ) ;
#1640 = EDGE_CURVE ( 'NONE', #1959, #1095, #1493, .T. ) ;
#1641 = CARTESIAN_POINT ( 'NONE',  ( -0.4099999999999999756, 0.07699999999999999900, -0.2499999999999997780 ) ) ;
#1642 = ORIENTED_EDGE ( 'NONE', *, *, #1409, .F. ) ;
#1643 = EDGE_CURVE ( 'NONE', #3129, #1831, #1488, .T. ) ;
#1644 = DIRECTION ( 'NONE',  ( 1.000000000000000000, 0.000000000000000000, -0.000000000000000000 ) ) ;
#1645 = SURFACE_SIDE_STYLE ('',( #2764 ) ) ;
#1646 = ADVANCED_FACE ( 'NONE', ( #2940 ), #3003, .T. ) ;
#1647 = PLANE ( 'NONE',  #2217 ) ;
#1648 = VERTEX_POINT ( 'NONE', #2536 ) ;
#1649 = PLANE ( 'NONE',  #2638 ) ;
#1650 = DIRECTION ( 'NONE',  ( -1.668003342285390663E-15, -0.000000000000000000, 1.000000000000000000 ) ) ;
#1651 =( GEOMETRIC_REPRESENTATION_CONTEXT ( 3 ) GLOBAL_UNCERTAINTY_ASSIGNED_CONTEXT ( ( #2224 ) ) GLOBAL_UNIT_ASSIGNED_CONTEXT ( ( #1222, #872, #1629 ) ) REPRESENTATION_CONTEXT ( 'NONE', 'WORKASPACE' ) );
#1652 = LINE ( 'NONE', #969, #1767 ) ;
#1653 = AXIS2_PLACEMENT_3D ( 'NONE', #1348, #1708, #1276 ) ;
#1654 = EDGE_LOOP ( 'NONE', ( #888, #3138, #32, #2238 ) ) ;
#1655 = CARTESIAN_POINT ( 'NONE',  ( 0.4099999999999999756, 0.07699999999999999900, 0.2999999999999997669 ) ) ;
#1656 = DIRECTION ( 'NONE',  ( 0.000000000000000000, -0.000000000000000000, 1.000000000000000000 ) ) ;
#1657 = LINE ( 'NONE', #354, #2806 ) ;
#1658 = DIRECTION ( 'NONE',  ( -2.168404344971008868E-16, 0.000000000000000000, -1.000000000000000000 ) ) ;
#1659 = ORIENTED_EDGE ( 'NONE', *, *, #378, .T. ) ;
#1660 = LINE ( 'NONE', #582, #2861 ) ;
#1661 = CARTESIAN_POINT ( 'NONE',  ( 0.2500000000000000000, 0.07699999999999999900, -0.2499999999999997780 ) ) ;
#1662 = CARTESIAN_POINT ( 'NONE',  ( 0.5000000000000000000, 0.1270000000000000018, 0.09999999999999993616 ) ) ;
#1663 = VERTEX_POINT ( 'NONE', #1449 ) ;
#1664 = DIRECTION ( 'NONE',  ( 0.000000000000000000, -1.000000000000000000, 0.000000000000000000 ) ) ;
#1665 = EDGE_CURVE ( 'NONE', #1841, #3015, #1857, .T. ) ;
#1666 = ADVANCED_FACE ( 'NONE', ( #1934 ), #703, .F. ) ;
#1667 = CARTESIAN_POINT ( 'NONE',  ( 0.4500000000000000111, -0.09063054614240209639, -0.09999999999999993616 ) ) ;
#1668 = ORIENTED_EDGE ( 'NONE', *, *, #790, .T. ) ;
#1669 = FACE_OUTER_BOUND ( 'NONE', #1324, .T. ) ;
#1670 = ORIENTED_EDGE ( 'NONE', *, *, #2384, .F. ) ;
#1671 = ORIENTED_EDGE ( 'NONE', *, *, #2388, .F. ) ;
#1672 = DIRECTION ( 'NONE',  ( -1.000000000000000000, 0.000000000000000000, 3.388131789017202342E-16 ) ) ;
#1673 = VECTOR ( 'NONE', #2347, 1000.000000000000000 ) ;
#1674 = ORIENTED_EDGE ( 'NONE', *, *, #2740, .T. ) ;
#1675 = CARTESIAN_POINT ( 'NONE',  ( -0.5000000000000000000, 0.5500000000000000444, 0.2999999999999999889 ) ) ;
#1676 = EDGE_CURVE ( 'NONE', #2917, #1981, #838, .T. ) ;
#1677 = CARTESIAN_POINT ( 'NONE',  ( -0.2500000000000000000, 0.07699999999999999900, -0.2999999999999998224 ) ) ;
#1678 = VERTEX_POINT ( 'NONE', #2761 ) ;
#1679 = FACE_OUTER_BOUND ( 'NONE', #2299, .T. ) ;
#1680 = PLANE ( 'NONE',  #892 ) ;
#1681 =( LENGTH_UNIT ( ) NAMED_UNIT ( * ) SI_UNIT ( .MILLI., .METRE. ) );
#1682 = AXIS2_PLACEMENT_3D ( 'NONE', #2751, #3019, #61 ) ;
#1683 =( NAMED_UNIT ( * ) PLANE_ANGLE_UNIT ( ) SI_UNIT ( $, .RADIAN. ) );
#1684 = LINE ( 'NONE', #477, #1741 ) ;
#1685 = CARTESIAN_POINT ( 'NONE',  ( 0.1999999999999999833, 0.000000000000000000, -0.2499999999999999445 ) ) ;
#1686 = ORIENTED_EDGE ( 'NONE', *, *, #2029, .T. ) ;
#1687 = PRESENTATION_LAYER_ASSIGNMENT (  '', '', ( #2486 ) ) ;
#1688 = CARTESIAN_POINT ( 'NONE',  ( 0.4500000000000000111, 0.000000000000000000, -0.2500000000000000000 ) ) ;
#1689 = EDGE_LOOP ( 'NONE', ( #2959, #2303, #1972, #3056 ) ) ;
#1690 = PLANE ( 'NONE',  #1320 ) ;
#1691 = STYLED_ITEM ( 'NONE', ( #1593 ), #2586 ) ;
#1692 = CARTESIAN_POINT ( 'NONE',  ( 0.4500000000000000111, 0.07699999999999999900, -0.09999999999999993616 ) ) ;
#1693 = LINE ( 'NONE', #2707, #1711 ) ;
#1694 = EDGE_LOOP ( 'NONE', ( #1642, #1945, #952, #118 ) ) ;
#1695 = CARTESIAN_POINT ( 'NONE',  ( -0.4999999999999997780, -0.09063054614240209639, 0.09999999999999993616 ) ) ;
#1696 = DIRECTION ( 'NONE',  ( 0.000000000000000000, -0.000000000000000000, 1.000000000000000000 ) ) ;
#1697 = EDGE_CURVE ( 'NONE', #1730, #628, #2999, .T. ) ;
#1698 = LINE ( 'NONE', #2393, #678 ) ;
#1699 = ORIENTED_EDGE ( 'NONE', *, *, #1989, .F. ) ;
#1700 = CARTESIAN_POINT ( 'NONE',  ( 0.4999999999999997780, 0.07699999999999999900, 0.09999999999999993616 ) ) ;
#1701 = DIRECTION ( 'NONE',  ( 0.000000000000000000, 0.000000000000000000, -1.000000000000000000 ) ) ;
#1702 =( LENGTH_UNIT ( ) NAMED_UNIT ( * ) SI_UNIT ( .MILLI., .METRE. ) );
#1703 = ORIENTED_EDGE ( 'NONE', *, *, #3104, .F. ) ;
#1704 = EDGE_CURVE ( 'NONE', #2326, #802, #753, .T. ) ;
#1705 = LINE ( 'NONE', #2100, #1754 ) ;
#1706 = EDGE_LOOP ( 'NONE', ( #3065, #3203, #2145, #717 ) ) ;
#1707 = DIRECTION ( 'NONE',  ( 0.000000000000000000, 0.000000000000000000, -1.000000000000000000 ) ) ;
#1709 = VERTEX_POINT ( 'NONE', #1662 ) ;
#1708 = DIRECTION ( 'NONE',  ( 0.000000000000000000, -1.000000000000000000, 0.000000000000000000 ) ) ;
#1710 = EDGE_CURVE ( 'NONE', #628, #1942, #797, .T. ) ;
#1711 = VECTOR ( 'NONE', #2963, 1000.000000000000000 ) ;
#1712 = ORIENTED_EDGE ( 'NONE', *, *, #1349, .T. ) ;
#1713 = DIRECTION ( 'NONE',  ( -0.000000000000000000, 1.000000000000000000, 0.000000000000000000 ) ) ;
#1714 = ORIENTED_EDGE ( 'NONE', *, *, #117, .F. ) ;
#1715 = CARTESIAN_POINT ( 'NONE',  ( -0.4500000000000000111, 0.07699999999999999900, -0.09999999999999993616 ) ) ;
#1716 = MECHANICAL_DESIGN_GEOMETRIC_PRESENTATION_REPRESENTATION (  '', ( #558 ), #1651 ) ;
#1717 = FACE_OUTER_BOUND ( 'NONE', #1001, .T. ) ;
#1718 = ORIENTED_EDGE ( 'NONE', *, *, #3010, .F. ) ;
#1719 = CARTESIAN_POINT ( 'NONE',  ( 0.4999999999999997780, 0.07699999999999999900, -0.09999999999999993616 ) ) ;
#1720 = PLANE ( 'NONE',  #2426 ) ;
#1721 = ORIENTED_EDGE ( 'NONE', *, *, #2795, .F. ) ;
#1722 = ORIENTED_EDGE ( 'NONE', *, *, #512, .T. ) ;
#1723 = EDGE_CURVE ( 'NONE', #2156, #1856, #1895, .T. ) ;
#1724 = DIRECTION ( 'NONE',  ( 0.000000000000000000, 0.000000000000000000, -1.000000000000000000 ) ) ;
#1725 = ORIENTED_EDGE ( 'NONE', *, *, #2608, .T. ) ;
#1726 = DIRECTION ( 'NONE',  ( 0.000000000000000000, 0.000000000000000000, -1.000000000000000000 ) ) ;
#1727 = FACE_OUTER_BOUND ( 'NONE', #1127, .T. ) ;
#1728 = ORIENTED_EDGE ( 'NONE', *, *, #963, .F. ) ;
#1729 = STYLED_ITEM ( 'NONE', ( #312 ), #1385 ) ;
#1730 = VERTEX_POINT ( 'NONE', #2269 ) ;
#1731 = VECTOR ( 'NONE', #452, 1000.000000000000000 ) ;
#1732 = EDGE_LOOP ( 'NONE', ( #93, #2064, #2288, #1135 ) ) ;
#1733 = EDGE_CURVE ( 'NONE', #737, #1853, #830, .T. ) ;
#1734 = ORIENTED_EDGE ( 'NONE', *, *, #3130, .T. ) ;
#1735 = CARTESIAN_POINT ( 'NONE',  ( 0.2500000000000000000, 0.07699999999999999900, 0.2499999999999997780 ) ) ;
#1736 = VECTOR ( 'NONE', #2428, 1000.000000000000000 ) ;
#1737 = EDGE_LOOP ( 'NONE', ( #936, #3156, #721, #3198 ) ) ;
#1738 = CARTESIAN_POINT ( 'NONE',  ( 0.4099999999999999756, -0.09063054614240209639, 0.2999999999999997669 ) ) ;
#1739 =( NAMED_UNIT ( * ) PLANE_ANGLE_UNIT ( ) SI_UNIT ( $, .RADIAN. ) );
#1740 = PLANE ( 'NONE',  #1145 ) ;
#1741 = VECTOR ( 'NONE', #1022, 1000.000000000000000 ) ;
#1742 = ORIENTED_EDGE ( 'NONE', *, *, #1860, .F. ) ;
#1743 = EDGE_CURVE ( 'NONE', #3139, #1915, #3039, .T. ) ;
#1744 = ADVANCED_FACE ( 'NONE', ( #1812 ), #594, .F. ) ;
#1745 = CARTESIAN_POINT ( 'NONE',  ( -0.2500000000000000000, 0.07699999999999999900, 0.2499999999999997780 ) ) ;
#1746 = DIRECTION ( 'NONE',  ( 0.000000000000000000, 1.000000000000000000, 0.000000000000000000 ) ) ;
#1747 = EDGE_CURVE ( 'NONE', #2021, #2015, #722, .T. ) ;
#1748 = LINE ( 'NONE', #1459, #620 ) ;
#1749 = ORIENTED_EDGE ( 'NONE', *, *, #1417, .F. ) ;
#1750 = EDGE_CURVE ( 'NONE', #1113, #2149, #1873, .T. ) ;
#1751 = DIRECTION ( 'NONE',  ( 0.000000000000000000, -0.000000000000000000, 1.000000000000000000 ) ) ;
#1753 = VERTEX_POINT ( 'NONE', #1398 ) ;
#1752 = DIRECTION ( 'NONE',  ( 0.000000000000000000, 0.000000000000000000, 1.000000000000000000 ) ) ;
#1754 = VECTOR ( 'NONE', #2158, 1000.000000000000000 ) ;
#1755 = ORIENTED_EDGE ( 'NONE', *, *, #2280, .T. ) ;
#1756 = AXIS2_PLACEMENT_3D ( 'NONE', #748, #1065, #307 ) ;
#1757 = EDGE_LOOP ( 'NONE', ( #1232, #2295, #1899, #858 ) ) ;
#1758 = DIRECTION ( 'NONE',  ( 1.668003342285390663E-15, 0.000000000000000000, -1.000000000000000000 ) ) ;
#1759 = CARTESIAN_POINT ( 'NONE',  ( -0.5000000000000000000, 0.000000000000000000, -0.2999999999999999889 ) ) ;
#1760 = LINE ( 'NONE', #3266, #1731 ) ;
#1761 = VERTEX_POINT ( 'NONE', #1537 ) ;
#1762 = DIRECTION ( 'NONE',  ( 0.000000000000000000, -0.000000000000000000, 1.000000000000000000 ) ) ;
#1763 = DIRECTION ( 'NONE',  ( -0.000000000000000000, -0.000000000000000000, 1.000000000000000000 ) ) ;
#1764 = AXIS2_PLACEMENT_3D ( 'NONE', #1210, #2747, #2724 ) ;
#1765 = CARTESIAN_POINT ( 'NONE',  ( 0.4099999999999999756, 0.07699999999999999900, -0.2499999999999997780 ) ) ;
#1766 = AXIS2_PLACEMENT_3D ( 'NONE', #443, #2936, #3258 ) ;
#1767 = VECTOR ( 'NONE', #468, 1000.000000000000000 ) ;
#1768 = ADVANCED_FACE ( 'NONE', ( #1848 ), #2845, .T. ) ;
#1769 = CARTESIAN_POINT ( 'NONE',  ( -0.1999999999999999833, 0.05000000000000002359, 0.2500000000000000555 ) ) ;
#1770 = FILL_AREA_STYLE ('',( #1850 ) ) ;
#1771 = DIRECTION ( 'NONE',  ( -0.000000000000000000, -0.000000000000000000, 1.000000000000000000 ) ) ;
#1772 = ORIENTED_EDGE ( 'NONE', *, *, #2480, .F. ) ;
#1773 = CARTESIAN_POINT ( 'NONE',  ( -0.4500000000000000111, 0.07699999999999999900, -0.09999999999999993616 ) ) ;
#1774 = VECTOR ( 'NONE', #1468, 1000.000000000000000 ) ;
#1775 = EDGE_LOOP ( 'NONE', ( #3164, #43, #3147, #3038 ) ) ;
#1776 = DIRECTION ( 'NONE',  ( 0.000000000000000000, 1.000000000000000000, 0.000000000000000000 ) ) ;
#1777 = ORIENTED_EDGE ( 'NONE', *, *, #2922, .T. ) ;
#1778 = FACE_OUTER_BOUND ( 'NONE', #3182, .T. ) ;
#1779 = ORIENTED_EDGE ( 'NONE', *, *, #2343, .F. ) ;
#1780 = CARTESIAN_POINT ( 'NONE',  ( 0.4500000000000000111, -0.09063054614240209639, -0.09999999999999993616 ) ) ;
#1781 = ORIENTED_EDGE ( 'NONE', *, *, #1788, .T. ) ;
#1782 = CARTESIAN_POINT ( 'NONE',  ( 0.4999999999999997780, 0.1270000000000000018, 0.09999999999999993616 ) ) ;
#1783 = VERTEX_POINT ( 'NONE', #2422 ) ;
#1784 = DIRECTION ( 'NONE',  ( 0.000000000000000000, 0.000000000000000000, 1.000000000000000000 ) ) ;
#1785 = DIRECTION ( 'NONE',  ( 1.000000000000000000, 0.000000000000000000, -0.000000000000000000 ) ) ;
#1786 = PLANE ( 'NONE',  #534 ) ;
#1787 = VERTEX_POINT ( 'NONE', #1556 ) ;
#1788 = EDGE_CURVE ( 'NONE', #1171, #1816, #803, .T. ) ;
#1789 = VECTOR ( 'NONE', #2245, 1000.000000000000000 ) ;
#1790 = VERTEX_POINT ( 'NONE', #883 ) ;
#1791 = VERTEX_POINT ( 'NONE', #1381 ) ;
#1792 = CARTESIAN_POINT ( 'NONE',  ( -0.4500000000000000111, -0.09063054614240209639, -0.09999999999999993616 ) ) ;
#1793 = CARTESIAN_POINT ( 'NONE',  ( -0.2500000000000000000, 0.07699999999999999900, -0.2499999999999997780 ) ) ;
#1794 = ORIENTED_EDGE ( 'NONE', *, *, #1640, .F. ) ;
#1795 = DIRECTION ( 'NONE',  ( -1.000000000000000000, -0.000000000000000000, 3.388131789017201849E-16 ) ) ;
#1796 = SURFACE_STYLE_FILL_AREA ( #1200 ) ;
#1797 = EDGE_LOOP ( 'NONE', ( #1121, #685, #640, #36 ) ) ;
#1798 = ORIENTED_EDGE ( 'NONE', *, *, #2548, .F. ) ;
#1799 = ADVANCED_FACE ( 'NONE', ( #3024 ), #3092, .F. ) ;
#1800 = PLANE ( 'NONE',  #1653 ) ;
#1801 = AXIS2_PLACEMENT_3D ( 'NONE', #2013, #3016, #59 ) ;
#1802 = ADVANCED_FACE ( 'NONE', ( #788 ), #2114, .F. ) ;
#1803 = EDGE_LOOP ( 'NONE', ( #1953, #2223, #2737, #578 ) ) ;
#1804 = ORIENTED_EDGE ( 'NONE', *, *, #2211, .T. ) ;
#1805 = MECHANICAL_DESIGN_GEOMETRIC_PRESENTATION_REPRESENTATION (  '', ( #3220 ), #1377 ) ;
#1806 = CARTESIAN_POINT ( 'NONE',  ( -0.2500000000000000000, 0.07699999999999999900, 0.2999999999999998224 ) ) ;
#1807 = CARTESIAN_POINT ( 'NONE',  ( -0.5000000000000000000, 0.5500000000000000444, -0.2999999999999999889 ) ) ;
#1808 = EDGE_LOOP ( 'NONE', ( #1039, #2903, #3185, #827 ) ) ;
#1809 = ORIENTED_EDGE ( 'NONE', *, *, #1012, .T. ) ;
#1810 = MECHANICAL_DESIGN_GEOMETRIC_PRESENTATION_REPRESENTATION (  '', ( #2456 ), #290 ) ;
#1811 = DIRECTION ( 'NONE',  ( 1.000000000000000000, 0.000000000000000000, -0.000000000000000000 ) ) ;
#1812 = FACE_OUTER_BOUND ( 'NONE', #880, .T. ) ;
#1813 =( GEOMETRIC_REPRESENTATION_CONTEXT ( 3 ) GLOBAL_UNCERTAINTY_ASSIGNED_CONTEXT ( ( #188 ) ) GLOBAL_UNIT_ASSIGNED_CONTEXT ( ( #508, #3060, #305 ) ) REPRESENTATION_CONTEXT ( 'NONE', 'WORKASPACE' ) );
#1814 = CARTESIAN_POINT ( 'NONE',  ( -0.4500000000000000111, 0.1270000000000000018, -0.09999999999999993616 ) ) ;
#1815 = CARTESIAN_POINT ( 'NONE',  ( -0.2500000000000000000, 0.07699999999999999900, -0.2999999999999998224 ) ) ;
#1816 = VERTEX_POINT ( 'NONE', #341 ) ;
#1817 = VERTEX_POINT ( 'NONE', #2654 ) ;
#1818 = ORIENTED_EDGE ( 'NONE', *, *, #3232, .T. ) ;
#1819 = VECTOR ( 'NONE', #1116, 1000.000000000000000 ) ;
#1820 = DIRECTION ( 'NONE',  ( 0.000000000000000000, -1.000000000000000000, 0.000000000000000000 ) ) ;
#1821 =( LENGTH_UNIT ( ) NAMED_UNIT ( * ) SI_UNIT ( .MILLI., .METRE. ) );
#1822 = DIRECTION ( 'NONE',  ( -1.000000000000000000, 0.000000000000000000, -0.000000000000000000 ) ) ;
#1823 = VERTEX_POINT ( 'NONE', #2639 ) ;
#1824 = ORIENTED_EDGE ( 'NONE', *, *, #1242, .F. ) ;
#1825 = VECTOR ( 'NONE', #1307, 1000.000000000000000 ) ;
#1826 = EDGE_CURVE ( 'NONE', #1863, #3140, #2956, .T. ) ;
#1828 = ORIENTED_EDGE ( 'NONE', *, *, #1252, .T. ) ;
#1827 = DIRECTION ( 'NONE',  ( 1.000000000000000000, 0.000000000000000000, 0.000000000000000000 ) ) ;
#1829 = ADVANCED_FACE ( 'NONE', ( #2993 ), #2359, .F. ) ;
#1830 = FACE_OUTER_BOUND ( 'NONE', #2202, .T. ) ;
#1831 = VERTEX_POINT ( 'NONE', #571 ) ;
#1832 = VERTEX_POINT ( 'NONE', #831 ) ;
#1833 = DIRECTION ( 'NONE',  ( -1.000000000000000000, -0.000000000000000000, -0.000000000000000000 ) ) ;
#1834 = VECTOR ( 'NONE', #3244, 1000.000000000000000 ) ;
#1835 = ADVANCED_FACE ( 'NONE', ( #1907 ), #3063, .T. ) ;
#1836 = EDGE_CURVE ( 'NONE', #1111, #2754, #719, .T. ) ;
#1837 = ORIENTED_EDGE ( 'NONE', *, *, #3242, .F. ) ;
#1838 = DIRECTION ( 'NONE',  ( 1.000000000000000000, 0.000000000000000000, 3.388131789017202342E-16 ) ) ;
#1839 = LINE ( 'NONE', #622, #1789 ) ;
#1840 = EDGE_LOOP ( 'NONE', ( #104, #2725, #2739, #3260 ) ) ;
#1841 = VERTEX_POINT ( 'NONE', #152 ) ;
#1842 = DIRECTION ( 'NONE',  ( 0.000000000000000000, 1.000000000000000000, 0.000000000000000000 ) ) ;
#1843 = CARTESIAN_POINT ( 'NONE',  ( 0.4500000000000000111, 0.000000000000000000, -0.2500000000000000000 ) ) ;
#1844 = ORIENTED_EDGE ( 'NONE', *, *, #1012, .F. ) ;
#1845 = LINE ( 'NONE', #195, #691 ) ;
#1846 = ORIENTED_EDGE ( 'NONE', *, *, #1743, .T. ) ;
#1847 = ORIENTED_EDGE ( 'NONE', *, *, #1836, .F. ) ;
#1848 = FACE_OUTER_BOUND ( 'NONE', #1637, .T. ) ;
#1849 = CARTESIAN_POINT ( 'NONE',  ( 0.5000000000000000000, 0.07699999999999999900, -0.2300000000000000100 ) ) ;
#1850 = FILL_AREA_STYLE_COLOUR ( '', #556 ) ;
#1851 = AXIS2_PLACEMENT_3D ( 'NONE', #1137, #850, #2399 ) ;
#1852 = CARTESIAN_POINT ( 'NONE',  ( 0.2500000000000000000, 0.07699999999999999900, 0.2999999999999998224 ) ) ;
#1853 = VERTEX_POINT ( 'NONE', #368 ) ;
#1854 = VECTOR ( 'NONE', #1973, 1000.000000000000000 ) ;
#1855 = ORIENTED_EDGE ( 'NONE', *, *, #1750, .T. ) ;
#1856 = VERTEX_POINT ( 'NONE', #2175 ) ;
#1857 = LINE ( 'NONE', #949, #2980 ) ;
#1859 = EDGE_LOOP ( 'NONE', ( #2159, #1133, #2208, #1154 ) ) ;
#1858 = CARTESIAN_POINT ( 'NONE',  ( -0.4999999999999997780, -0.09063054614240209639, -0.09999999999999993616 ) ) ;
#1860 = EDGE_CURVE ( 'NONE', #3178, #802, #2915, .T. ) ;
#1861 = CARTESIAN_POINT ( 'NONE',  ( 0.4500000000000000111, 0.05000000000000002359, 0.2500000000000000000 ) ) ;
#1862 = VECTOR ( 'NONE', #1233, 1000.000000000000000 ) ;
#1863 = VERTEX_POINT ( 'NONE', #2518 ) ;
#1864 = ORIENTED_EDGE ( 'NONE', *, *, #2475, .T. ) ;
#1865 = DIRECTION ( 'NONE',  ( 0.000000000000000000, -0.000000000000000000, -1.000000000000000000 ) ) ;
#1866 = VECTOR ( 'NONE', #2741, 1000.000000000000000 ) ;
#1867 =( GEOMETRIC_REPRESENTATION_CONTEXT ( 3 ) GLOBAL_UNCERTAINTY_ASSIGNED_CONTEXT ( ( #575 ) ) GLOBAL_UNIT_ASSIGNED_CONTEXT ( ( #1253, #2879, #2679 ) ) REPRESENTATION_CONTEXT ( 'NONE', 'WORKASPACE' ) );
#1868 = ORIENTED_EDGE ( 'NONE', *, *, #1465, .F. ) ;
#1869 = CARTESIAN_POINT ( 'NONE',  ( 0.2500000000000000000, 0.1270000000000000018, -0.2499999999999997780 ) ) ;
#1870 = VERTEX_POINT ( 'NONE', #1527 ) ;
#1871 = ORIENTED_EDGE ( 'NONE', *, *, #2239, .F. ) ;
#1872 = CARTESIAN_POINT ( 'NONE',  ( 0.4099999999999999756, 0.07699999999999999900, 0.2499999999999997780 ) ) ;
#1873 = LINE ( 'NONE', #130, #2934 ) ;
#1874 = ADVANCED_FACE ( 'NONE', ( #729 ), #495, .F. ) ;
#1875 = CARTESIAN_POINT ( 'NONE',  ( -0.5000000000000000000, 0.1270000000000000018, 0.2300000000000000100 ) ) ;
#1876 = EDGE_LOOP ( 'NONE', ( #2071, #3149, #2816, #2895 ) ) ;
#1877 = AXIS2_PLACEMENT_3D ( 'NONE', #523, #2374, #2792 ) ;
#1878 = LINE ( 'NONE', #1661, #2971 ) ;
#1879 = VERTEX_POINT ( 'NONE', #1015 ) ;
#1880 = VECTOR ( 'NONE', #2602, 1000.000000000000000 ) ;
#1881 = CARTESIAN_POINT ( 'NONE',  ( 0.000000000000000000, 0.1270000000000000018, 0.000000000000000000 ) ) ;
#1882 = CARTESIAN_POINT ( 'NONE',  ( 0.000000000000000000, 0.1270000000000000018, 0.000000000000000000 ) ) ;
#1883 = EDGE_CURVE ( 'NONE', #2076, #2322, #817, .T. ) ;
#1884 = FACE_OUTER_BOUND ( 'NONE', #2371, .T. ) ;
#1885 = ORIENTED_EDGE ( 'NONE', *, *, #285, .F. ) ;
#1886 = VERTEX_POINT ( 'NONE', #2477 ) ;
#1888 = ORIENTED_EDGE ( 'NONE', *, *, #241, .T. ) ;
#1887 = DIRECTION ( 'NONE',  ( -0.000000000000000000, 0.000000000000000000, 1.000000000000000000 ) ) ;
#1889 = SURFACE_SIDE_STYLE ('',( #3247 ) ) ;
#1890 = LINE ( 'NONE', #643, #1854 ) ;
#1891 = VERTEX_POINT ( 'NONE', #1983 ) ;
#1892 = ORIENTED_EDGE ( 'NONE', *, *, #2769, .F. ) ;
#1893 = EDGE_CURVE ( 'NONE', #1879, #985, #824, .T. ) ;
#1894 = DIRECTION ( 'NONE',  ( 1.000000000000000000, -0.000000000000000000, 0.000000000000000000 ) ) ;
#1895 = LINE ( 'NONE', #1745, #2985 ) ;
#1896 = ORIENTED_EDGE ( 'NONE', *, *, #970, .T. ) ;
#1897 = CARTESIAN_POINT ( 'NONE',  ( 0.5000000000000000000, 0.5500000000000000444, 0.2999999999999999889 ) ) ;
#1898 = EDGE_CURVE ( 'NONE', #1959, #2418, #2968, .T. ) ;
#1899 = ORIENTED_EDGE ( 'NONE', *, *, #2752, .T. ) ;
#1900 = ORIENTED_EDGE ( 'NONE', *, *, #1397, .F. ) ;
#1901 = CARTESIAN_POINT ( 'NONE',  ( 0.1999999999999999833, 0.000000000000000000, 0.2500000000000000555 ) ) ;
#1902 = DIRECTION ( 'NONE',  ( -1.000000000000000000, 0.000000000000000000, 2.168404344971008868E-16 ) ) ;
#1903 = ORIENTED_EDGE ( 'NONE', *, *, #1605, .F. ) ;
#1904 = VERTEX_POINT ( 'NONE', #2543 ) ;
#1905 = ORIENTED_EDGE ( 'NONE', *, *, #1504, .T. ) ;
#1906 = AXIS2_PLACEMENT_3D ( 'NONE', #1382, #1597, #1028 ) ;
#1907 = FACE_OUTER_BOUND ( 'NONE', #1689, .T. ) ;
#1908 = ADVANCED_FACE ( 'NONE', ( #847 ), #518, .T. ) ;
#1909 = CARTESIAN_POINT ( 'NONE',  ( 0.000000000000000000, 0.1270000000000000018, 0.000000000000000000 ) ) ;
#1910 = VERTEX_POINT ( 'NONE', #1316 ) ;
#1911 = EDGE_LOOP ( 'NONE', ( #907, #3021, #181, #1046 ) ) ;
#1912 = ORIENTED_EDGE ( 'NONE', *, *, #3073, .T. ) ;
#1913 = AXIS2_PLACEMENT_3D ( 'NONE', #464, #223, #2331 ) ;
#1914 = CARTESIAN_POINT ( 'NONE',  ( -0.5000000000000000000, 0.1270000000000000018, 0.2300000000000000100 ) ) ;
#1915 = VERTEX_POINT ( 'NONE', #1635 ) ;
#1916 = VERTEX_POINT ( 'NONE', #909 ) ;
#1917 = DIRECTION ( 'NONE',  ( -1.000000000000000000, 0.000000000000000000, 2.168404344971008868E-16 ) ) ;
#1918 = VECTOR ( 'NONE', #459, 1000.000000000000000 ) ;
#1919 = PLANE ( 'NONE',  #1950 ) ;
#1920 = ORIENTED_EDGE ( 'NONE', *, *, #551, .T. ) ;
#1921 = ORIENTED_EDGE ( 'NONE', *, *, #548, .T. ) ;
#1922 = VECTOR ( 'NONE', #171, 1000.000000000000000 ) ;
#1923 = EDGE_CURVE ( 'NONE', #1190, #1112, #713, .T. ) ;
#1924 = CARTESIAN_POINT ( 'NONE',  ( 0.000000000000000000, 0.1270000000000000018, 0.000000000000000000 ) ) ;
#1925 = ORIENTED_EDGE ( 'NONE', *, *, #776, .F. ) ;
#1926 = ORIENTED_EDGE ( 'NONE', *, *, #710, .F. ) ;
#1927 = ORIENTED_EDGE ( 'NONE', *, *, #178, .T. ) ;
#1928 = ORIENTED_EDGE ( 'NONE', *, *, #2180, .F. ) ;
#1929 = CARTESIAN_POINT ( 'NONE',  ( 0.4500000000000000111, 0.000000000000000000, 0.2500000000000000000 ) ) ;
#1930 = EDGE_CURVE ( 'NONE', #3097, #2836, #780, .T. ) ;
#1931 = ORIENTED_EDGE ( 'NONE', *, *, #2986, .T. ) ;
#1932 = EDGE_LOOP ( 'NONE', ( #1844, #2811, #1931, #920 ) ) ;
#1933 = ORIENTED_EDGE ( 'NONE', *, *, #911, .T. ) ;
#1934 = FACE_OUTER_BOUND ( 'NONE', #1732, .T. ) ;
#1935 = ADVANCED_FACE ( 'NONE', ( #855 ), #1514, .T. ) ;
#1936 = EDGE_CURVE ( 'NONE', #2000, #1029, #3047, .T. ) ;
#1937 = DIRECTION ( 'NONE',  ( 1.000000000000000000, 0.000000000000000000, 1.668003342285390663E-15 ) ) ;
#1938 = ORIENTED_EDGE ( 'NONE', *, *, #2573, .F. ) ;
#1939 = ORIENTED_EDGE ( 'NONE', *, *, #1610, .T. ) ;
#1940 = ORIENTED_EDGE ( 'NONE', *, *, #2107, .F. ) ;
#1941 = VECTOR ( 'NONE', #865, 1000.000000000000000 ) ;
#1942 = VERTEX_POINT ( 'NONE', #1688 ) ;
#1943 = DIRECTION ( 'NONE',  ( 1.000000000000000000, 0.000000000000000000, 0.000000000000000000 ) ) ;
#1944 = EDGE_LOOP ( 'NONE', ( #2930, #2912, #2031, #3114 ) ) ;
#1945 = ORIENTED_EDGE ( 'NONE', *, *, #885, .F. ) ;
#1946 = CARTESIAN_POINT ( 'NONE',  ( -0.4500000000000000111, 0.07699999999999999900, 0.09999999999999993616 ) ) ;
#1947 = LINE ( 'NONE', #2885, #3066 ) ;
#1948 = CARTESIAN_POINT ( 'NONE',  ( 0.2500000000000000000, 0.07699999999999999900, 0.2499999999999997780 ) ) ;
#1949 = CARTESIAN_POINT ( 'NONE',  ( 0.4500000000000000111, 0.05000000000000000278, 0.2500000000000000000 ) ) ;
#1950 = AXIS2_PLACEMENT_3D ( 'NONE', #2442, #2487, #2262 ) ;
#1951 = ORIENTED_EDGE ( 'NONE', *, *, #2211, .F. ) ;
#1952 = ORIENTED_EDGE ( 'NONE', *, *, #1923, .T. ) ;
#1953 = ORIENTED_EDGE ( 'NONE', *, *, #2650, .F. ) ;
#1954 = FACE_OUTER_BOUND ( 'NONE', #947, .T. ) ;
#1955 = CARTESIAN_POINT ( 'NONE',  ( -0.5000000000000000000, 0.07699999999999999900, -0.2300000000000000100 ) ) ;
#1956 = PRESENTATION_LAYER_ASSIGNMENT (  '', '', ( #2456 ) ) ;
#1957 = ORIENTED_EDGE ( 'NONE', *, *, #1723, .F. ) ;
#1958 = CARTESIAN_POINT ( 'NONE',  ( -0.2500000000000000000, 0.1270000000000000018, 0.2999999999999998224 ) ) ;
#1959 = VERTEX_POINT ( 'NONE', #255 ) ;
#1960 = EDGE_LOOP ( 'NONE', ( #1043, #2206, #56, #9 ) ) ;
#1961 = ORIENTED_EDGE ( 'NONE', *, *, #885, .T. ) ;
#1962 = LINE ( 'NONE', #836, #876 ) ;
#1964 = VERTEX_POINT ( 'NONE', #476 ) ;
#1963 = CARTESIAN_POINT ( 'NONE',  ( -0.5000000000000000000, 0.07699999999999999900, -0.2300000000000000100 ) ) ;
#1965 = DIRECTION ( 'NONE',  ( 0.000000000000000000, 0.000000000000000000, 1.000000000000000000 ) ) ;
#1966 = VERTEX_POINT ( 'NONE', #711 ) ;
#1967 = EDGE_LOOP ( 'NONE', ( #77, #810, #3040, #1185 ) ) ;
#1968 = ORIENTED_EDGE ( 'NONE', *, *, #2995, .F. ) ;
#1969 = CARTESIAN_POINT ( 'NONE',  ( 0.4099999999999999756, 0.07699999999999999900, 0.2499999999999997780 ) ) ;
#1970 = LINE ( 'NONE', #557, #1941 ) ;
#1971 = ADVANCED_FACE ( 'NONE', ( #1954 ), #2569, .F. ) ;
#1972 = ORIENTED_EDGE ( 'NONE', *, *, #2943, .T. ) ;
#1973 = DIRECTION ( 'NONE',  ( -1.000000000000000000, 0.000000000000000000, 0.000000000000000000 ) ) ;
#1974 = ORIENTED_EDGE ( 'NONE', *, *, #1504, .F. ) ;
#1975 = ORIENTED_EDGE ( 'NONE', *, *, #734, .F. ) ;
#1976 = ORIENTED_EDGE ( 'NONE', *, *, #1358, .F. ) ;
#1977 = DIRECTION ( 'NONE',  ( 0.000000000000000000, 1.000000000000000000, 0.000000000000000000 ) ) ;
#1978 =( NAMED_UNIT ( * ) SI_UNIT ( $, .STERADIAN. ) SOLID_ANGLE_UNIT ( ) );
#1979 = ORIENTED_EDGE ( 'NONE', *, *, #2922, .F. ) ;
#1980 = CLOSED_SHELL ( 'NONE', ( #2409, #2921, #3122, #1874, #702, #46 ) ) ;
#1981 = VERTEX_POINT ( 'NONE', #2036 ) ;
#1982 = CARTESIAN_POINT ( 'NONE',  ( 0.4099999999999999756, 0.07699999999999999900, 0.2499999999999997780 ) ) ;
#1983 = CARTESIAN_POINT ( 'NONE',  ( 0.2500000000000000000, 0.07699999999999999900, -0.2999999999999998224 ) ) ;
#1984 = FACE_OUTER_BOUND ( 'NONE', #177, .T. ) ;
#1985 = CLOSED_SHELL ( 'NONE', ( #632, #849, #460, #189, #1744, #1225 ) ) ;
#1986 = ORIENTED_EDGE ( 'NONE', *, *, #273, .F. ) ;
#1987 = ORIENTED_EDGE ( 'NONE', *, *, #2826, .F. ) ;
#1988 = DIRECTION ( 'NONE',  ( 0.000000000000000000, 1.000000000000000000, 0.000000000000000000 ) ) ;
#1989 = EDGE_CURVE ( 'NONE', #985, #2836, #1947, .T. ) ;
#1990 = ORIENTED_EDGE ( 'NONE', *, *, #431, .F. ) ;
#1991 = DIRECTION ( 'NONE',  ( 1.000000000000000000, 0.000000000000000000, 0.000000000000000000 ) ) ;
#1992 = LINE ( 'NONE', #553, #3201 ) ;
#1993 = ORIENTED_EDGE ( 'NONE', *, *, #245, .T. ) ;
#1994 = VERTEX_POINT ( 'NONE', #2330 ) ;
#1995 = VERTEX_POINT ( 'NONE', #2770 ) ;
#1996 = DIRECTION ( 'NONE',  ( 0.000000000000000000, -0.000000000000000000, 1.000000000000000000 ) ) ;
#1997 = CARTESIAN_POINT ( 'NONE',  ( 0.1999999999999999833, 0.05000000000000002359, 0.2500000000000000555 ) ) ;
#1998 = EDGE_LOOP ( 'NONE', ( #1779, #2858, #2908, #2116 ) ) ;
#1999 = LINE ( 'NONE', #1416, #2105 ) ;
#2000 = VERTEX_POINT ( 'NONE', #3048 ) ;
#2001 = VERTEX_POINT ( 'NONE', #78 ) ;
#2002 = AXIS2_PLACEMENT_3D ( 'NONE', #99, #2441, #1865 ) ;
#2003 = DIRECTION ( 'NONE',  ( 1.000000000000000000, 0.000000000000000000, 0.000000000000000000 ) ) ;
#2004 = ADVANCED_FACE ( 'NONE', ( #3072, #3053, #869 ), #352, .F. ) ;
#2005 = CARTESIAN_POINT ( 'NONE',  ( -0.2500000000000000000, 0.07699999999999999900, -0.2499999999999997780 ) ) ;
#2006 = EDGE_LOOP ( 'NONE', ( #92, #3254, #3264, #2248 ) ) ;
#2007 = ORIENTED_EDGE ( 'NONE', *, *, #512, .F. ) ;
#2008 = EDGE_LOOP ( 'NONE', ( #3020, #1075, #62, #2062 ) ) ;
#2009 = AXIS2_PLACEMENT_3D ( 'NONE', #2574, #1529, #1335 ) ;
#2010 = DIRECTION ( 'NONE',  ( -1.000000000000000000, -0.000000000000000000, -0.000000000000000000 ) ) ;
#2011 = CARTESIAN_POINT ( 'NONE',  ( -0.2500000000000000000, 0.1270000000000000018, 0.2999999999999999889 ) ) ;
#2012 = VERTEX_POINT ( 'NONE', #1806 ) ;
#2013 = CARTESIAN_POINT ( 'NONE',  ( 0.4500000000000000111, -0.09063054614240209639, 0.2300000000000000100 ) ) ;
#2014 = EDGE_LOOP ( 'NONE', ( #2302, #1207, #75, #1968 ) ) ;
#2015 = VERTEX_POINT ( 'NONE', #2154 ) ;
#2016 = ORIENTED_EDGE ( 'NONE', *, *, #1883, .T. ) ;
#2017 = EDGE_CURVE ( 'NONE', #716, #1117, #1962, .T. ) ;
#2018 = ORIENTED_EDGE ( 'NONE', *, *, #790, .F. ) ;
#2019 = DIRECTION ( 'NONE',  ( 1.668003342285390663E-15, 0.000000000000000000, -1.000000000000000000 ) ) ;
#2020 = EDGE_LOOP ( 'NONE', ( #2809, #562, #76, #1961 ) ) ;
#2021 = VERTEX_POINT ( 'NONE', #2122 ) ;
#2022 = EDGE_LOOP ( 'NONE', ( #1938, #1951, #895, #1818 ) ) ;
#2023 =( NAMED_UNIT ( * ) SI_UNIT ( $, .STERADIAN. ) SOLID_ANGLE_UNIT ( ) );
#2024 = CARTESIAN_POINT ( 'NONE',  ( -0.2500000000000000000, 0.1270000000000000018, -0.2999999999999998224 ) ) ;
#2025 = VERTEX_POINT ( 'NONE', #3184 ) ;
#2026 = VERTEX_POINT ( 'NONE', #333 ) ;
#2027 = VERTEX_POINT ( 'NONE', #1197 ) ;
#2028 = DIRECTION ( 'NONE',  ( -0.000000000000000000, 1.000000000000000000, 0.000000000000000000 ) ) ;
#2029 = EDGE_CURVE ( 'NONE', #672, #3123, #1970, .T. ) ;
#2030 = ORIENTED_EDGE ( 'NONE', *, *, #1592, .T. ) ;
#2031 = ORIENTED_EDGE ( 'NONE', *, *, #2419, .T. ) ;
#2032 = VERTEX_POINT ( 'NONE', #621 ) ;
#2033 = DIRECTION ( 'NONE',  ( -0.000000000000000000, 0.000000000000000000, 1.000000000000000000 ) ) ;
#2034 = DIRECTION ( 'NONE',  ( -1.000000000000000000, -0.000000000000000000, -0.000000000000000000 ) ) ;
#2035 = ORIENTED_EDGE ( 'NONE', *, *, #1273, .T. ) ;
#2036 = CARTESIAN_POINT ( 'NONE',  ( -0.4999999999999997780, 0.07699999999999999900, 0.09999999999999993616 ) ) ;
#2037 = ORIENTED_EDGE ( 'NONE', *, *, #3232, .F. ) ;
#2038 = CARTESIAN_POINT ( 'NONE',  ( -0.4099999999999999756, 0.1270000000000000018, -0.2999999999999999889 ) ) ;
#2039 = DIRECTION ( 'NONE',  ( 1.000000000000000000, -0.000000000000000000, -2.168404344971008868E-16 ) ) ;
#2040 = CARTESIAN_POINT ( 'NONE',  ( 0.4500000000000000111, 0.05000000000000000278, 0.2500000000000000000 ) ) ;
#2041 = ORIENTED_EDGE ( 'NONE', *, *, #166, .T. ) ;
#2042 = ORIENTED_EDGE ( 'NONE', *, *, #1315, .T. ) ;
#2043 = DIRECTION ( 'NONE',  ( 1.000000000000000000, 0.000000000000000000, -0.000000000000000000 ) ) ;
#2044 = LINE ( 'NONE', #1849, #3208 ) ;
#2045 = ORIENTED_EDGE ( 'NONE', *, *, #1334, .T. ) ;
#2046 = ORIENTED_EDGE ( 'NONE', *, *, #1157, .F. ) ;
#2047 = ORIENTED_EDGE ( 'NONE', *, *, #660, .F. ) ;
#2048 = ORIENTED_EDGE ( 'NONE', *, *, #2280, .F. ) ;
#2049 = CARTESIAN_POINT ( 'NONE',  ( 0.4500000000000000111, 0.6090169943749473846, -0.2500000000000000000 ) ) ;
#2050 = DIRECTION ( 'NONE',  ( 0.000000000000000000, 0.000000000000000000, 1.000000000000000000 ) ) ;
#2051 = CARTESIAN_POINT ( 'NONE',  ( 0.4099999999999999756, 0.07699999999999999900, -0.2999999999999997669 ) ) ;
#2052 = ORIENTED_EDGE ( 'NONE', *, *, #2339, .T. ) ;
#2053 = AXIS2_PLACEMENT_3D ( 'NONE', #609, #145, #842 ) ;
#2054 = AXIS2_PLACEMENT_3D ( 'NONE', #1186, #170, #3169 ) ;
#2055 = CLOSED_SHELL ( 'NONE', ( #887, #3191, #2265, #1351, #3087, #1376 ) ) ;
#2056 = LINE ( 'NONE', #2389, #3105 ) ;
#2057 = VECTOR ( 'NONE', #2400, 1000.000000000000000 ) ;
#2058 = PLANE ( 'NONE',  #215 ) ;
#2059 = PLANE ( 'NONE',  #2525 ) ;
#2060 = EDGE_LOOP ( 'NONE', ( #2308, #1128, #8, #1100 ) ) ;
#2061 = DIRECTION ( 'NONE',  ( 1.000000000000000000, -0.000000000000000000, 0.000000000000000000 ) ) ;
#2062 = ORIENTED_EDGE ( 'NONE', *, *, #42, .T. ) ;
#2063 = EDGE_LOOP ( 'NONE', ( #2932, #1254, #2953, #910 ) ) ;
#2064 = ORIENTED_EDGE ( 'NONE', *, *, #1339, .F. ) ;
#2065 = LINE ( 'NONE', #1010, #2098 ) ;
#2066 = VECTOR ( 'NONE', #506, 1000.000000000000000 ) ;
#2068 = EDGE_LOOP ( 'NONE', ( #993, #2970, #867, #2340 ) ) ;
#2067 = DIRECTION ( 'NONE',  ( 0.000000000000000000, -0.000000000000000000, 1.000000000000000000 ) ) ;
#2069 = ORIENTED_EDGE ( 'NONE', *, *, #2283, .F. ) ;
#2070 = VERTEX_POINT ( 'NONE', #377 ) ;
#2071 = ORIENTED_EDGE ( 'NONE', *, *, #1386, .T. ) ;
#2072 = FILL_AREA_STYLE ('',( #3083 ) ) ;
#2073 = VECTOR ( 'NONE', #2328, 1000.000000000000000 ) ;
#2074 = LINE ( 'NONE', #286, #2066 ) ;
#2075 = EDGE_LOOP ( 'NONE', ( #637, #625, #2875, #3062 ) ) ;
#2076 = VERTEX_POINT ( 'NONE', #1606 ) ;
#2077 = VERTEX_POINT ( 'NONE', #783 ) ;
#2078 = VERTEX_POINT ( 'NONE', #2415 ) ;
#2079 = DIRECTION ( 'NONE',  ( -0.000000000000000000, 0.000000000000000000, 1.000000000000000000 ) ) ;
#2080 = DIRECTION ( 'NONE',  ( 0.000000000000000000, -0.000000000000000000, 1.000000000000000000 ) ) ;
#2081 = LINE ( 'NONE', #730, #3222 ) ;
#2082 = LINE ( 'NONE', #2617, #2126 ) ;
#2083 = DIRECTION ( 'NONE',  ( 0.000000000000000000, 0.000000000000000000, -1.000000000000000000 ) ) ;
#2084 = EDGE_CURVE ( 'NONE', #2078, #716, #2527, .T. ) ;
#2085 = VERTEX_POINT ( 'NONE', #1123 ) ;
#2086 = ORIENTED_EDGE ( 'NONE', *, *, #1676, .F. ) ;
#2087 = VERTEX_POINT ( 'NONE', #814 ) ;
#2088 = EDGE_CURVE ( 'NONE', #1663, #843, #2571, .T. ) ;
#2089 = FACE_OUTER_BOUND ( 'NONE', #726, .T. ) ;
#2090 = LINE ( 'NONE', #1162, #961 ) ;
#2091 = CARTESIAN_POINT ( 'NONE',  ( -0.4500000000000000111, 0.000000000000000000, 0.2500000000000000000 ) ) ;
#2092 = DIRECTION ( 'NONE',  ( 0.000000000000000000, 0.000000000000000000, 1.000000000000000000 ) ) ;
#2093 = ORIENTED_EDGE ( 'NONE', *, *, #1747, .F. ) ;
#2094 = DIRECTION ( 'NONE',  ( -0.000000000000000000, 1.000000000000000000, 0.000000000000000000 ) ) ;
#2095 = ADVANCED_FACE ( 'NONE', ( #1432 ), #2185, .F. ) ;
#2096 = ORIENTED_EDGE ( 'NONE', *, *, #2113, .F. ) ;
#2097 = ORIENTED_EDGE ( 'NONE', *, *, #1860, .T. ) ;
#2098 = VECTOR ( 'NONE', #2746, 1000.000000000000000 ) ;
#2099 = VECTOR ( 'NONE', #2320, 1000.000000000000000 ) ;
#2100 = CARTESIAN_POINT ( 'NONE',  ( -0.5000000000000000000, 0.000000000000000000, 0.2999999999999999889 ) ) ;
#2101 = ORIENTED_EDGE ( 'NONE', *, *, #3150, .F. ) ;
#2102 = DIRECTION ( 'NONE',  ( 1.000000000000000000, 0.000000000000000000, 3.388131789017201849E-16 ) ) ;
#2103 = ORIENTED_EDGE ( 'NONE', *, *, #2286, .T. ) ;
#2104 = VERTEX_POINT ( 'NONE', #1173 ) ;
#2105 = VECTOR ( 'NONE', #639, 1000.000000000000000 ) ;
#2106 = VECTOR ( 'NONE', #615, 1000.000000000000000 ) ;
#2107 = EDGE_CURVE ( 'NONE', #2862, #1648, #2478, .T. ) ;
#2108 = EDGE_LOOP ( 'NONE', ( #2134, #735, #1777, #1828 ) ) ;
#2109 = ORIENTED_EDGE ( 'NONE', *, *, #2618, .F. ) ;
#2110 = DIRECTION ( 'NONE',  ( 0.000000000000000000, -1.000000000000000000, 0.000000000000000000 ) ) ;
#2111 = SURFACE_STYLE_USAGE ( .BOTH. , #367 ) ;
#2112 = VECTOR ( 'NONE', #2759, 1000.000000000000000 ) ;
#2113 = EDGE_CURVE ( 'NONE', #943, #3036, #2583, .T. ) ;
#2114 = PLANE ( 'NONE',  #2160 ) ;
#2115 = ORIENTED_EDGE ( 'NONE', *, *, #724, .T. ) ;
#2116 = ORIENTED_EDGE ( 'NONE', *, *, #504, .F. ) ;
#2117 = LINE ( 'NONE', #95, #2073 ) ;
#2118 = EDGE_CURVE ( 'NONE', #2149, #87, #370, .T. ) ;
#2119 = CARTESIAN_POINT ( 'NONE',  ( -0.2500000000000000000, 0.1270000000000000018, -0.2499999999999997780 ) ) ;
#2120 = ORIENTED_EDGE ( 'NONE', *, *, #2943, .F. ) ;
#2121 = COLOUR_RGB ( '',1.000000000000000000, 0.8117647058823529438, 0.5019607843137254832 ) ;
#2122 = CARTESIAN_POINT ( 'NONE',  ( 0.4500000000000000111, 0.07699999999999999900, -0.2300000000000000100 ) ) ;
#2123 = EDGE_LOOP ( 'NONE', ( #1986, #3070, #750, #2194 ) ) ;
#2124 = EDGE_LOOP ( 'NONE', ( #3091, #3067, #1957, #143 ) ) ;
#2125 = LINE ( 'NONE', #2256, #905 ) ;
#2126 = VECTOR ( 'NONE', #2843, 1000.000000000000000 ) ;
#2127 = ADVANCED_FACE ( 'NONE', ( #314 ), #2214, .F. ) ;
#2128 = CARTESIAN_POINT ( 'NONE',  ( 0.4500000000000000111, 0.07699999999999999900, -0.2300000000000000100 ) ) ;
#2129 = EDGE_LOOP ( 'NONE', ( #1004, #1250, #889, #163 ) ) ;
#2130 = LINE ( 'NONE', #1861, #1018 ) ;
#2131 = CARTESIAN_POINT ( 'NONE',  ( -0.2500000000000000000, 0.1270000000000000018, -0.2499999999999997780 ) ) ;
#2132 = ADVANCED_FACE ( 'NONE', ( #1421 ), #3074, .T. ) ;
#2133 = ORIENTED_EDGE ( 'NONE', *, *, #1893, .T. ) ;
#2134 = ORIENTED_EDGE ( 'NONE', *, *, #1710, .F. ) ;
#2135 = DIRECTION ( 'NONE',  ( 0.000000000000000000, 1.000000000000000000, 0.000000000000000000 ) ) ;
#2136 = CARTESIAN_POINT ( 'NONE',  ( 0.4500000000000000111, 0.1270000000000000018, 0.09999999999999993616 ) ) ;
#2137 = FACE_OUTER_BOUND ( 'NONE', #2075, .T. ) ;
#2138 = ORIENTED_EDGE ( 'NONE', *, *, #566, .F. ) ;
#2139 = VECTOR ( 'NONE', #1172, 1000.000000000000000 ) ;
#2140 = VERTEX_POINT ( 'NONE', #138 ) ;
#2141 = DIRECTION ( 'NONE',  ( -0.000000000000000000, -0.000000000000000000, -1.000000000000000000 ) ) ;
#2142 = PLANE ( 'NONE',  #124 ) ;
#2143 = APPLICATION_CONTEXT ( 'automotive_design' ) ;
#2144 = DIRECTION ( 'NONE',  ( 0.000000000000000000, 0.000000000000000000, -1.000000000000000000 ) ) ;
#2145 = ORIENTED_EDGE ( 'NONE', *, *, #2704, .T. ) ;
#2146 = EDGE_CURVE ( 'NONE', #3137, #2926, #1403, .T. ) ;
#2147 = LINE ( 'NONE', #1560, #1062 ) ;
#2148 = ORIENTED_EDGE ( 'NONE', *, *, #1893, .F. ) ;
#2149 = VERTEX_POINT ( 'NONE', #2368 ) ;
#2150 = CARTESIAN_POINT ( 'NONE',  ( -0.1999999999999999833, 0.05000000000000000278, 0.2500000000000000555 ) ) ;
#2151 = ORIENTED_EDGE ( 'NONE', *, *, #2531, .T. ) ;
#2152 = PRESENTATION_STYLE_ASSIGNMENT (( #2212 ) ) ;
#2153 = AXIS2_PLACEMENT_3D ( 'NONE', #1311, #1523, #1751 ) ;
#2154 = CARTESIAN_POINT ( 'NONE',  ( 0.4500000000000000111, 0.1270000000000000018, -0.2300000000000000100 ) ) ;
#2155 = ORIENTED_EDGE ( 'NONE', *, *, #265, .F. ) ;
#2156 = VERTEX_POINT ( 'NONE', #1369 ) ;
#2157 = ORIENTED_EDGE ( 'NONE', *, *, #322, .T. ) ;
#2158 = DIRECTION ( 'NONE',  ( 1.000000000000000000, 0.000000000000000000, 0.000000000000000000 ) ) ;
#2159 = ORIENTED_EDGE ( 'NONE', *, *, #921, .T. ) ;
#2160 = AXIS2_PLACEMENT_3D ( 'NONE', #2584, #1327, #2866 ) ;
#2161 = CARTESIAN_POINT ( 'NONE',  ( 0.5000000000000000000, -0.09063054614240209639, -0.2300000000000000100 ) ) ;
#2162 = AXIS2_PLACEMENT_3D ( 'NONE', #134, #1937, #2453 ) ;
#2163 = ORIENTED_EDGE ( 'NONE', *, *, #2297, .T. ) ;
#2164 = ORIENTED_EDGE ( 'NONE', *, *, #1188, .T. ) ;
#2165 = PLANE ( 'NONE',  #2053 ) ;
#2166 = CARTESIAN_POINT ( 'NONE',  ( -0.4500000000000000111, 0.07699999999999999900, -0.2300000000000000100 ) ) ;
#2167 = ADVANCED_FACE ( 'NONE', ( #2552 ), #2690, .T. ) ;
#2168 = LINE ( 'NONE', #1312, #2220 ) ;
#2169 = ORIENTED_EDGE ( 'NONE', *, *, #2188, .F. ) ;
#2170 = FACE_OUTER_BOUND ( 'NONE', #956, .T. ) ;
#2171 = ADVANCED_FACE ( 'NONE', ( #1392 ), #2994, .T. ) ;
#2172 = ORIENTED_EDGE ( 'NONE', *, *, #1598, .T. ) ;
#2173 = PLANE ( 'NONE',  #2261 ) ;
#2174 = DIRECTION ( 'NONE',  ( 1.000000000000000000, 0.000000000000000000, 0.000000000000000000 ) ) ;
#2175 = CARTESIAN_POINT ( 'NONE',  ( -0.2500000000000000000, 0.07699999999999999900, 0.2999999999999998224 ) ) ;
#2176 = LINE ( 'NONE', #3204, #1108 ) ;
#2177 = EDGE_LOOP ( 'NONE', ( #3213, #3100, #1847, #1094 ) ) ;
#2178 = EDGE_LOOP ( 'NONE', ( #1177, #2805, #3086, #2042 ) ) ;
#2179 = ORIENTED_EDGE ( 'NONE', *, *, #3142, .F. ) ;
#2180 = EDGE_CURVE ( 'NONE', #2978, #2026, #1480, .T. ) ;
#2181 = DIRECTION ( 'NONE',  ( -0.000000000000000000, 1.000000000000000000, 0.000000000000000000 ) ) ;
#2182 = CARTESIAN_POINT ( 'NONE',  ( 0.000000000000000000, 0.1270000000000000018, 0.000000000000000000 ) ) ;
#2183 = SURFACE_STYLE_FILL_AREA ( #205 ) ;
#2184 = VERTEX_POINT ( 'NONE', #34 ) ;
#2185 = PLANE ( 'NONE',  #1578 ) ;
#2186 = ORIENTED_EDGE ( 'NONE', *, *, #761, .F. ) ;
#2187 = ORIENTED_EDGE ( 'NONE', *, *, #2495, .T. ) ;
#2188 = EDGE_CURVE ( 'NONE', #66, #2935, #2490, .T. ) ;
#2189 = PLANE ( 'NONE',  #2009 ) ;
#2190 = EDGE_LOOP ( 'NONE', ( #1749, #3241, #1734, #18 ) ) ;
#2191 = VECTOR ( 'NONE', #2670, 1000.000000000000000 ) ;
#2192 = PLANE ( 'NONE',  #1255 ) ;
#2193 = ORIENTED_EDGE ( 'NONE', *, *, #2421, .T. ) ;
#2194 = ORIENTED_EDGE ( 'NONE', *, *, #309, .T. ) ;
#2195 = CLOSED_SHELL ( 'NONE', ( #2652, #1799, #510, #577, #208, #1019 ) ) ;
#2196 = PLANE ( 'NONE',  #355 ) ;
#2197 = DIRECTION ( 'NONE',  ( -0.000000000000000000, 1.000000000000000000, 0.000000000000000000 ) ) ;
#2198 = ORIENTED_EDGE ( 'NONE', *, *, #911, .F. ) ;
#2199 = VECTOR ( 'NONE', #2832, 1000.000000000000000 ) ;
#2200 = ORIENTED_EDGE ( 'NONE', *, *, #2789, .T. ) ;
#2201 = ORIENTED_EDGE ( 'NONE', *, *, #921, .F. ) ;
#2202 = EDGE_LOOP ( 'NONE', ( #1990, #3030, #777, #109 ) ) ;
#2203 = DIRECTION ( 'NONE',  ( -0.000000000000000000, -0.000000000000000000, -1.000000000000000000 ) ) ;
#2204 = DIRECTION ( 'NONE',  ( 0.000000000000000000, -0.000000000000000000, -1.000000000000000000 ) ) ;
#2205 = PLANE ( 'NONE',  #1614 ) ;
#2206 = ORIENTED_EDGE ( 'NONE', *, *, #1640, .T. ) ;
#2207 = ADVANCED_FACE ( 'NONE', ( #328 ), #2710, .F. ) ;
#2208 = ORIENTED_EDGE ( 'NONE', *, *, #2681, .T. ) ;
#2209 = ORIENTED_EDGE ( 'NONE', *, *, #49, .T. ) ;
#2210 = PLANE ( 'NONE',  #857 ) ;
#2211 = EDGE_CURVE ( 'NONE', #1910, #2319, #1408, .T. ) ;
#2212 = SURFACE_STYLE_USAGE ( .BOTH. , #1889 ) ;
#2213 = ORIENTED_EDGE ( 'NONE', *, *, #2666, .F. ) ;
#2214 = PLANE ( 'NONE',  #2002 ) ;
#2215 = VERTEX_POINT ( 'NONE', #434 ) ;
#2216 = EDGE_LOOP ( 'NONE', ( #2991, #2249, #3084, #2982 ) ) ;
#2217 = AXIS2_PLACEMENT_3D ( 'NONE', #2461, #2135, #588 ) ;
#2218 = DIRECTION ( 'NONE',  ( -2.168404344971008868E-16, 0.000000000000000000, 1.000000000000000000 ) ) ;
#2219 = PRESENTATION_LAYER_ASSIGNMENT (  '', '', ( #808 ) ) ;
#2220 = VECTOR ( 'NONE', #781, 1000.000000000000000 ) ;
#2221 = ORIENTED_EDGE ( 'NONE', *, *, #799, .T. ) ;
#2222 = CARTESIAN_POINT ( 'NONE',  ( 0.2500000000000000000, -0.09063054614240209639, -0.2499999999999997780 ) ) ;
#2223 = ORIENTED_EDGE ( 'NONE', *, *, #202, .F. ) ;
#2224 = UNCERTAINTY_MEASURE_WITH_UNIT (LENGTH_MEASURE( 1.000000000000000082E-05 ), #1222, 'distance_accuracy_value', 'NONE');
#2225 = DIRECTION ( 'NONE',  ( 0.000000000000000000, 0.000000000000000000, 1.000000000000000000 ) ) ;
#2226 = CARTESIAN_POINT ( 'NONE',  ( -0.4500000000000000111, 0.05000000000000000278, -0.2500000000000000000 ) ) ;
#2227 = AXIS2_PLACEMENT_3D ( 'NONE', #3033, #304, #1553 ) ;
#2228 = ORIENTED_EDGE ( 'NONE', *, *, #128, .F. ) ;
#2229 = VERTEX_POINT ( 'NONE', #1517 ) ;
#2230 = DIRECTION ( 'NONE',  ( -0.000000000000000000, -1.000000000000000000, -0.000000000000000000 ) ) ;
#2231 = LINE ( 'NONE', #862, #2714 ) ;
#2232 = ORIENTED_EDGE ( 'NONE', *, *, #1059, .F. ) ;
#2233 = EDGE_LOOP ( 'NONE', ( #1240, #2972, #1939, #766 ) ) ;
#2234 = EDGE_LOOP ( 'NONE', ( #686, #2172, #659, #3 ) ) ;
#2235 = ORIENTED_EDGE ( 'NONE', *, *, #3043, .F. ) ;
#2236 = DIRECTION ( 'NONE',  ( -0.000000000000000000, 0.000000000000000000, -1.000000000000000000 ) ) ;
#2237 = DIRECTION ( 'NONE',  ( 1.000000000000000000, -0.000000000000000000, -0.000000000000000000 ) ) ;
#2238 = ORIENTED_EDGE ( 'NONE', *, *, #2821, .F. ) ;
#2239 = EDGE_CURVE ( 'NONE', #2937, #966, #2505, .T. ) ;
#2240 = CARTESIAN_POINT ( 'NONE',  ( -0.2500000000000000000, 0.1270000000000000018, 0.2499999999999997780 ) ) ;
#2241 = ADVANCED_FACE ( 'NONE', ( #1466 ), #447, .F. ) ;
#2242 = CLOSED_SHELL ( 'NONE', ( #231, #1971, #1174, #94, #2427, #1264 ) ) ;
#2243 = ORIENTED_EDGE ( 'NONE', *, *, #870, .T. ) ;
#2244 = ORIENTED_EDGE ( 'NONE', *, *, #692, .T. ) ;
#2245 = DIRECTION ( 'NONE',  ( -0.000000000000000000, 1.000000000000000000, 0.000000000000000000 ) ) ;
#2246 = CLOSED_SHELL ( 'NONE', ( #948, #2610, #820, #1414, #422, #2479 ) ) ;
#2247 = DIRECTION ( 'NONE',  ( 0.000000000000000000, 0.000000000000000000, 1.000000000000000000 ) ) ;
#2248 = ORIENTED_EDGE ( 'NONE', *, *, #157, .T. ) ;
#2249 = ORIENTED_EDGE ( 'NONE', *, *, #3135, .T. ) ;
#2250 = CARTESIAN_POINT ( 'NONE',  ( 0.4500000000000000111, 0.07699999999999999900, -0.2300000000000000100 ) ) ;
#2251 = FILL_AREA_STYLE_COLOUR ( '', #425 ) ;
#2252 = VERTEX_POINT ( 'NONE', #2468 ) ;
#2253 = ORIENTED_EDGE ( 'NONE', *, *, #139, .F. ) ;
#2254 = CARTESIAN_POINT ( 'NONE',  ( 0.5000000000000000000, 0.5500000000000000444, -0.2999999999999999889 ) ) ;
#2255 = ORIENTED_EDGE ( 'NONE', *, *, #1430, .T. ) ;
#2256 = CARTESIAN_POINT ( 'NONE',  ( 0.2500000000000000000, 0.1270000000000000018, 0.2499999999999997780 ) ) ;
#2257 = CARTESIAN_POINT ( 'NONE',  ( -0.4500000000000000111, -0.09063054614240209639, 0.09999999999999993616 ) ) ;
#2258 = ORIENTED_EDGE ( 'NONE', *, *, #1561, .T. ) ;
#2259 = AXIS2_PLACEMENT_3D ( 'NONE', #2665, #2197, #903 ) ;
#2260 = VERTEX_POINT ( 'NONE', #1282 ) ;
#2261 = AXIS2_PLACEMENT_3D ( 'NONE', #390, #150, #366 ) ;
#2262 = DIRECTION ( 'NONE',  ( -1.000000000000000000, 0.000000000000000000, -0.000000000000000000 ) ) ;
#2263 = ORIENTED_EDGE ( 'NONE', *, *, #688, .T. ) ;
#2264 = DIRECTION ( 'NONE',  ( -1.000000000000000000, 0.000000000000000000, 0.000000000000000000 ) ) ;
#2265 = ADVANCED_FACE ( 'NONE', ( #317 ), #693, .F. ) ;
#2266 = LINE ( 'NONE', #2990, #83 ) ;
#2267 = ORIENTED_EDGE ( 'NONE', *, *, #1126, .T. ) ;
#2268 = EDGE_CURVE ( 'NONE', #2025, #1995, #332, .T. ) ;
#2269 = CARTESIAN_POINT ( 'NONE',  ( 0.1999999999999999833, 0.000000000000000000, 0.2500000000000000555 ) ) ;
#2270 = CARTESIAN_POINT ( 'NONE',  ( -0.2500000000000000000, 0.07699999999999999900, -0.2499999999999997780 ) ) ;
#2271 = SHAPE_DEFINITION_REPRESENTATION ( #2684, #296 ) ;
#2272 = ORIENTED_EDGE ( 'NONE', *, *, #1936, .T. ) ;
#2273 = VECTOR ( 'NONE', #2499, 1000.000000000000000 ) ;
#2274 =( NAMED_UNIT ( * ) SI_UNIT ( $, .STERADIAN. ) SOLID_ANGLE_UNIT ( ) );
#2275 = EDGE_CURVE ( 'NONE', #2215, #977, #1412, .T. ) ;
#2276 = DIRECTION ( 'NONE',  ( 0.000000000000000000, 0.000000000000000000, -1.000000000000000000 ) ) ;
#2277 = EDGE_LOOP ( 'NONE', ( #1070, #3107, #48, #1057 ) ) ;
#2278 = EDGE_LOOP ( 'NONE', ( #973, #1166, #644, #606 ) ) ;
#2279 = CARTESIAN_POINT ( 'NONE',  ( -0.4999999999999997780, 0.07699999999999999900, 0.09999999999999993616 ) ) ;
#2280 = EDGE_CURVE ( 'NONE', #2076, #2184, #2472, .T. ) ;
#2281 = CARTESIAN_POINT ( 'NONE',  ( 0.4500000000000000111, 0.05000000000000000278, 0.2500000000000000000 ) ) ;
#2282 = FACE_OUTER_BOUND ( 'NONE', #2919, .T. ) ;
#2283 = EDGE_CURVE ( 'NONE', #966, #1904, #1400, .T. ) ;
#2284 = PLANE ( 'NONE',  #745 ) ;
#2285 = VERTEX_POINT ( 'NONE', #64 ) ;
#2286 = EDGE_CURVE ( 'NONE', #1216, #2229, #1415, .T. ) ;
#2287 = DIRECTION ( 'NONE',  ( -0.000000000000000000, 1.000000000000000000, 0.000000000000000000 ) ) ;
#2288 = ORIENTED_EDGE ( 'NONE', *, *, #590, .F. ) ;
#2289 = DIRECTION ( 'NONE',  ( -1.000000000000000000, 0.000000000000000000, -0.000000000000000000 ) ) ;
#2290 = PLANE ( 'NONE',  #1756 ) ;
#2291 = AXIS2_PLACEMENT_3D ( 'NONE', #1695, #1996, #1785 ) ;
#2292 = VECTOR ( 'NONE', #2662, 1000.000000000000000 ) ;
#2293 = ADVANCED_FACE ( 'NONE', ( #1444 ), #2835, .T. ) ;
#2294 = ORIENTED_EDGE ( 'NONE', *, *, #629, .F. ) ;
#2295 = ORIENTED_EDGE ( 'NONE', *, *, #2868, .F. ) ;
#2296 = DIRECTION ( 'NONE',  ( 0.000000000000000000, 0.000000000000000000, 1.000000000000000000 ) ) ;
#2297 = EDGE_CURVE ( 'NONE', #3140, #2935, #2514, .T. ) ;
#2298 = LINE ( 'NONE', #1424, #1209 ) ;
#2299 = EDGE_LOOP ( 'NONE', ( #1257, #3252, #3085, #1912 ) ) ;
#2300 = DIRECTION ( 'NONE',  ( -1.000000000000000000, -0.000000000000000000, 3.388131789017202342E-16 ) ) ;
#2301 = DIRECTION ( 'NONE',  ( 0.000000000000000000, -0.000000000000000000, 1.000000000000000000 ) ) ;
#2302 = ORIENTED_EDGE ( 'NONE', *, *, #2681, .F. ) ;
#2303 = ORIENTED_EDGE ( 'NONE', *, *, #692, .F. ) ;
#2304 = UNCERTAINTY_MEASURE_WITH_UNIT (LENGTH_MEASURE( 1.000000000000000082E-05 ), #2637, 'distance_accuracy_value', 'NONE');
#2305 =( NAMED_UNIT ( * ) PLANE_ANGLE_UNIT ( ) SI_UNIT ( $, .RADIAN. ) );
#2306 = EDGE_CURVE ( 'NONE', #2027, #906, #1460, .T. ) ;
#2307 = FACE_OUTER_BOUND ( 'NONE', #1224, .T. ) ;
#2308 = ORIENTED_EDGE ( 'NONE', *, *, #570, .T. ) ;
#2309 = ORIENTED_EDGE ( 'NONE', *, *, #2868, .T. ) ;
#2310 = CARTESIAN_POINT ( 'NONE',  ( -0.4999999999999997780, 0.07699999999999999900, 0.09999999999999993616 ) ) ;
#2311 = CARTESIAN_POINT ( 'NONE',  ( -0.5000000000000000000, 0.07699999999999999900, 0.2300000000000000100 ) ) ;
#2312 = CARTESIAN_POINT ( 'NONE',  ( -0.2500000000000000000, -0.09063054614240209639, -0.2999999999999998224 ) ) ;
#2313 = CARTESIAN_POINT ( 'NONE',  ( -0.2500000000000000000, -0.09063054614240209639, -0.2499999999999997780 ) ) ;
#2314 = PLANE ( 'NONE',  #1682 ) ;
#2315 = CARTESIAN_POINT ( 'NONE',  ( 0.2500000000000000000, 0.07699999999999999900, -0.2999999999999998224 ) ) ;
#2316 = FACE_OUTER_BOUND ( 'NONE', #733, .T. ) ;
#2317 = EDGE_CURVE ( 'NONE', #1078, #583, #324, .T. ) ;
#2318 = CARTESIAN_POINT ( 'NONE',  ( -0.1999999999999999833, 0.05000000000000002359, -0.2499999999999999445 ) ) ;
#2319 = VERTEX_POINT ( 'NONE', #763 ) ;
#2320 = DIRECTION ( 'NONE',  ( -1.000000000000000000, 0.000000000000000000, -2.168404344971008868E-16 ) ) ;
#2321 = AXIS2_PLACEMENT_3D ( 'NONE', #1909, #1497, #428 ) ;
#2322 = VERTEX_POINT ( 'NONE', #2576 ) ;
#2323 = DIRECTION ( 'NONE',  ( 0.000000000000000000, 0.000000000000000000, 1.000000000000000000 ) ) ;
#2324 = CARTESIAN_POINT ( 'NONE',  ( -0.4999999999999997780, 0.07699999999999999900, 0.09999999999999993616 ) ) ;
#2325 = AXIS2_PLACEMENT_3D ( 'NONE', #2404, #532, #774 ) ;
#2326 = VERTEX_POINT ( 'NONE', #1179 ) ;
#2327 = CARTESIAN_POINT ( 'NONE',  ( 0.4099999999999999756, 0.07699999999999999900, -0.2499999999999997780 ) ) ;
#2328 = DIRECTION ( 'NONE',  ( 0.000000000000000000, 1.000000000000000000, 0.000000000000000000 ) ) ;
#2329 = PRODUCT_RELATED_PRODUCT_CATEGORY ( 'part', '', ( #652 ) ) ;
#2330 = CARTESIAN_POINT ( 'NONE',  ( -0.4500000000000000111, 0.1270000000000000018, 0.09999999999999993616 ) ) ;
#2331 = DIRECTION ( 'NONE',  ( 0.000000000000000000, -0.000000000000000000, 1.000000000000000000 ) ) ;
#2332 = FACE_OUTER_BOUND ( 'NONE', #2234, .T. ) ;
#2333 = DIRECTION ( 'NONE',  ( 1.000000000000000000, -0.000000000000000000, 0.000000000000000000 ) ) ;
#2334 = CARTESIAN_POINT ( 'NONE',  ( -0.5000000000000000000, 0.000000000000000000, 0.2999999999999999889 ) ) ;
#2335 = CARTESIAN_POINT ( 'NONE',  ( 0.000000000000000000, 0.000000000000000000, 0.000000000000000000 ) ) ;
#2336 = ORIENTED_EDGE ( 'NONE', *, *, #1448, .F. ) ;
#2337 = DIRECTION ( 'NONE',  ( 0.000000000000000000, -1.000000000000000000, 0.000000000000000000 ) ) ;
#2338 = DIRECTION ( 'NONE',  ( 0.000000000000000000, -1.000000000000000000, 0.000000000000000000 ) ) ;
#2339 = EDGE_CURVE ( 'NONE', #786, #2032, #2509, .T. ) ;
#2340 = ORIENTED_EDGE ( 'NONE', *, *, #1733, .T. ) ;
#2341 = CARTESIAN_POINT ( 'NONE',  ( -0.2500000000000000000, 0.07699999999999999900, -0.2499999999999997780 ) ) ;
#2342 = CARTESIAN_POINT ( 'NONE',  ( -0.4500000000000000111, 0.6090169943749473846, 0.2500000000000000000 ) ) ;
#2343 = EDGE_CURVE ( 'NONE', #795, #3095, #249, .T. ) ;
#2344 = DIRECTION ( 'NONE',  ( 0.000000000000000000, 1.000000000000000000, 0.000000000000000000 ) ) ;
#2345 = FACE_OUTER_BOUND ( 'NONE', #759, .T. ) ;
#2346 = ORIENTED_EDGE ( 'NONE', *, *, #1226, .F. ) ;
#2347 = DIRECTION ( 'NONE',  ( -1.668003342285390663E-15, 0.000000000000000000, -1.000000000000000000 ) ) ;
#2348 = CARTESIAN_POINT ( 'NONE',  ( -0.2500000000000000000, -0.09063054614240209639, 0.2999999999999998224 ) ) ;
#2349 = CARTESIAN_POINT ( 'NONE',  ( 0.4099999999999999756, 0.07699999999999999900, -0.2499999999999997780 ) ) ;
#2350 = LINE ( 'NONE', #2161, #1245 ) ;
#2351 = ADVANCED_FACE ( 'NONE', ( #1291 ), #142, .T. ) ;
#2352 =( LENGTH_UNIT ( ) NAMED_UNIT ( * ) SI_UNIT ( .MILLI., .METRE. ) );
#2353 = ORIENTED_EDGE ( 'NONE', *, *, #2412, .T. ) ;
#2354 = LINE ( 'NONE', #2395, #1221 ) ;
#2355 = CARTESIAN_POINT ( 'NONE',  ( -0.4500000000000000111, 0.05000000000000000278, 0.2500000000000000000 ) ) ;
#2356 = PLANE ( 'NONE',  #2227 ) ;
#2357 = APPLICATION_CONTEXT ( 'automotive_design' ) ;
#2358 = ORIENTED_EDGE ( 'NONE', *, *, #2317, .F. ) ;
#2359 = PLANE ( 'NONE',  #1383 ) ;
#2360 = CARTESIAN_POINT ( 'NONE',  ( 0.4500000000000000111, 0.000000000000000000, -0.2500000000000000000 ) ) ;
#2361 = VECTOR ( 'NONE', #669, 1000.000000000000000 ) ;
#2362 = AXIS2_PLACEMENT_3D ( 'NONE', #3004, #1096, #3034 ) ;
#2363 = LINE ( 'NONE', #2416, #154 ) ;
#2364 = EDGE_LOOP ( 'NONE', ( #1049, #3268, #1837, #1718 ) ) ;
#2365 = DIRECTION ( 'NONE',  ( 0.000000000000000000, 1.000000000000000000, 0.000000000000000000 ) ) ;
#2366 = CARTESIAN_POINT ( 'NONE',  ( 0.000000000000000000, 0.07699999999999999900, 0.000000000000000000 ) ) ;
#2367 = VECTOR ( 'NONE', #1510, 1000.000000000000000 ) ;
#2368 = CARTESIAN_POINT ( 'NONE',  ( -0.5000000000000000000, 0.1270000000000000018, -0.2300000000000000100 ) ) ;
#2369 = VECTOR ( 'NONE', #819, 1000.000000000000000 ) ;
#2370 = MECHANICAL_DESIGN_GEOMETRIC_PRESENTATION_REPRESENTATION (  '', ( #1691 ), #1554 ) ;
#2371 = EDGE_LOOP ( 'NONE', ( #931, #2047, #2965, #834 ) ) ;
#2372 = PLANE ( 'NONE',  #2763 ) ;
#2373 = LINE ( 'NONE', #454, #270 ) ;
#2374 = DIRECTION ( 'NONE',  ( 0.000000000000000000, 1.000000000000000000, 0.000000000000000000 ) ) ;
#2375 = LINE ( 'NONE', #3189, #1204 ) ;
#2376 = EDGE_CURVE ( 'NONE', #66, #1863, #1236, .T. ) ;
#2377 = PLANE ( 'NONE',  #1546 ) ;
#2378 = CARTESIAN_POINT ( 'NONE',  ( -0.4099999999999999756, 0.07699999999999999900, -0.2499999999999997780 ) ) ;
#2379 = ORIENTED_EDGE ( 'NONE', *, *, #166, .F. ) ;
#2380 = VECTOR ( 'NONE', #2471, 1000.000000000000000 ) ;
#2381 = ADVANCED_FACE ( 'NONE', ( #132 ), #586, .F. ) ;
#2382 = DIRECTION ( 'NONE',  ( -1.000000000000000000, -0.000000000000000000, -0.000000000000000000 ) ) ;
#2383 = PLANE ( 'NONE',  #161 ) ;
#2384 = EDGE_CURVE ( 'NONE', #2184, #3123, #2350, .T. ) ;
#2385 = ORIENTED_EDGE ( 'NONE', *, *, #2655, .T. ) ;
#2386 = CARTESIAN_POINT ( 'NONE',  ( 0.000000000000000000, 0.1270000000000000018, 0.000000000000000000 ) ) ;
#2387 = VECTOR ( 'NONE', #91, 1000.000000000000000 ) ;
#2388 = EDGE_CURVE ( 'NONE', #3137, #2076, #2354, .T. ) ;
#2389 = CARTESIAN_POINT ( 'NONE',  ( 0.4500000000000000111, 0.05000000000000000278, 0.2500000000000000000 ) ) ;
#2390 = FACE_OUTER_BOUND ( 'NONE', #1967, .T. ) ;
#2391 = AXIS2_PLACEMENT_3D ( 'NONE', #1667, #2494, #2983 ) ;
#2392 = ORIENTED_EDGE ( 'NONE', *, *, #89, .F. ) ;
#2393 = CARTESIAN_POINT ( 'NONE',  ( -0.2500000000000000000, 0.07699999999999999900, 0.2999999999999998224 ) ) ;
#2394 = LINE ( 'NONE', #487, #1330 ) ;
#2395 = CARTESIAN_POINT ( 'NONE',  ( 0.4500000000000000111, 0.07699999999999999900, -0.09999999999999993616 ) ) ;
#2396 = DIRECTION ( 'NONE',  ( -1.000000000000000000, 0.000000000000000000, 0.000000000000000000 ) ) ;
#2397 = CARTESIAN_POINT ( 'NONE',  ( -0.4099999999999999756, 0.07699999999999999900, 0.2999999999999997669 ) ) ;
#2398 = EDGE_CURVE ( 'NONE', #2873, #1021, #107, .T. ) ;
#2399 = DIRECTION ( 'NONE',  ( 0.000000000000000000, 0.000000000000000000, -1.000000000000000000 ) ) ;
#2400 = DIRECTION ( 'NONE',  ( -0.000000000000000000, 1.000000000000000000, 0.000000000000000000 ) ) ;
#2401 =( NAMED_UNIT ( * ) SI_UNIT ( $, .STERADIAN. ) SOLID_ANGLE_UNIT ( ) );
#2402 = EDGE_LOOP ( 'NONE', ( #1008, #937, #2392, #2120 ) ) ;
#2403 = STYLED_ITEM ( 'NONE', ( #376 ), #1624 ) ;
#2404 = CARTESIAN_POINT ( 'NONE',  ( 0.000000000000000000, 0.000000000000000000, 0.000000000000000000 ) ) ;
#2405 = ADVANCED_FACE ( 'NONE', ( #2316 ), #1130, .T. ) ;
#2406 = DIRECTION ( 'NONE',  ( 0.000000000000000000, 1.000000000000000000, 0.000000000000000000 ) ) ;
#2407 = AXIS2_PLACEMENT_3D ( 'NONE', #2335, #530, #2174 ) ;
#2408 = LINE ( 'NONE', #1223, #201 ) ;
#2409 = ADVANCED_FACE ( 'NONE', ( #135 ), #2192, .T. ) ;
#2410 = ORIENTED_EDGE ( 'NONE', *, *, #2306, .T. ) ;
#2411 = PLANE ( 'NONE',  #2162 ) ;
#2412 = EDGE_CURVE ( 'NONE', #1904, #2773, #2375, .T. ) ;
#2413 = DIRECTION ( 'NONE',  ( 0.000000000000000000, 1.000000000000000000, 0.000000000000000000 ) ) ;
#2414 = FACE_OUTER_BOUND ( 'NONE', #2190, .T. ) ;
#2415 = CARTESIAN_POINT ( 'NONE',  ( 0.4999999999999997780, 0.07699999999999999900, -0.09999999999999993616 ) ) ;
#2416 = CARTESIAN_POINT ( 'NONE',  ( -0.1999999999999999833, 0.000000000000000000, -0.2499999999999999445 ) ) ;
#2417 = PLANE ( 'NONE',  #944 ) ;
#2418 = VERTEX_POINT ( 'NONE', #2131 ) ;
#2419 = EDGE_CURVE ( 'NONE', #2077, #811, #174, .T. ) ;
#2420 = DIRECTION ( 'NONE',  ( 0.000000000000000000, 1.000000000000000000, 0.000000000000000000 ) ) ;
#2421 = EDGE_CURVE ( 'NONE', #3037, #1817, #2363, .T. ) ;
#2422 = CARTESIAN_POINT ( 'NONE',  ( 0.1999999999999999833, 0.000000000000000000, 0.2500000000000000555 ) ) ;
#2423 = CARTESIAN_POINT ( 'NONE',  ( 0.5000000000000000000, 0.000000000000000000, 0.2999999999999999889 ) ) ;
#2424 = DIRECTION ( 'NONE',  ( -0.000000000000000000, 1.000000000000000000, 0.000000000000000000 ) ) ;
#2425 = VECTOR ( 'NONE', #2560, 1000.000000000000000 ) ;
#2426 = AXIS2_PLACEMENT_3D ( 'NONE', #964, #1248, #1463 ) ;
#2427 = ADVANCED_FACE ( 'NONE', ( #2332 ), #2857, .F. ) ;
#2428 = DIRECTION ( 'NONE',  ( 0.000000000000000000, 0.000000000000000000, -1.000000000000000000 ) ) ;
#2429 = LINE ( 'NONE', #3093, #2433 ) ;
#2430 = AXIS2_PLACEMENT_3D ( 'NONE', #1261, #962, #1484 ) ;
#2431 = DIRECTION ( 'NONE',  ( -1.000000000000000000, 0.000000000000000000, -0.000000000000000000 ) ) ;
#2432 = DIRECTION ( 'NONE',  ( 0.000000000000000000, 0.000000000000000000, 1.000000000000000000 ) ) ;
#2433 = VECTOR ( 'NONE', #704, 1000.000000000000000 ) ;
#2434 = EDGE_CURVE ( 'NONE', #674, #1783, #1275, .T. ) ;
#2435 = CARTESIAN_POINT ( 'NONE',  ( -0.4500000000000000111, 0.1270000000000000018, 0.09999999999999993616 ) ) ;
#2436 = CARTESIAN_POINT ( 'NONE',  ( -0.2500000000000000000, -0.09063054614240209639, 0.2499999999999997780 ) ) ;
#2437 = VECTOR ( 'NONE', #1795, 1000.000000000000000 ) ;
#2438 =( LENGTH_UNIT ( ) NAMED_UNIT ( * ) SI_UNIT ( .MILLI., .METRE. ) );
#2439 = LINE ( 'NONE', #2783, #1346 ) ;
#2440 = COLOUR_RGB ( '',0.7921568627450980005, 0.8196078431372548767, 0.9333333333333333481 ) ;
#2441 = DIRECTION ( 'NONE',  ( 0.000000000000000000, -1.000000000000000000, 0.000000000000000000 ) ) ;
#2442 = CARTESIAN_POINT ( 'NONE',  ( 0.4500000000000000111, 0.07699999999999999900, 0.2300000000000000100 ) ) ;
#2443 = LINE ( 'NONE', #1773, #256 ) ;
#2444 = DIRECTION ( 'NONE',  ( -1.668003342285390663E-15, -0.000000000000000000, 1.000000000000000000 ) ) ;
#2445 = ADVANCED_FACE ( 'NONE', ( #2282 ), #2716, .F. ) ;
#2446 = DIRECTION ( 'NONE',  ( 0.000000000000000000, 0.000000000000000000, -1.000000000000000000 ) ) ;
#2447 = DIRECTION ( 'NONE',  ( 0.000000000000000000, 0.000000000000000000, -1.000000000000000000 ) ) ;
#2448 = VECTOR ( 'NONE', #2901, 1000.000000000000000 ) ;
#2449 = LINE ( 'NONE', #2878, #1366 ) ;
#2450 = PLANE ( 'NONE',  #938 ) ;
#2451 = FACE_OUTER_BOUND ( 'NONE', #1859, .T. ) ;
#2452 = VECTOR ( 'NONE', #1390, 1000.000000000000000 ) ;
#2453 = DIRECTION ( 'NONE',  ( 1.668003342285390663E-15, 0.000000000000000000, -1.000000000000000000 ) ) ;
#2454 = FACE_OUTER_BOUND ( 'NONE', #3206, .T. ) ;
#2455 = CARTESIAN_POINT ( 'NONE',  ( 0.000000000000000000, 0.1270000000000000018, 0.000000000000000000 ) ) ;
#2456 = STYLED_ITEM ( 'NONE', ( #308 ), #989 ) ;
#2457 = DIRECTION ( 'NONE',  ( 0.000000000000000000, 0.000000000000000000, -1.000000000000000000 ) ) ;
#2458 = FACE_OUTER_BOUND ( 'NONE', #1036, .T. ) ;
#2459 = VECTOR ( 'NONE', #1406, 1000.000000000000000 ) ;
#2460 = CARTESIAN_POINT ( 'NONE',  ( 0.4999999999999997780, 0.1270000000000000018, 0.09999999999999993616 ) ) ;
#2461 = CARTESIAN_POINT ( 'NONE',  ( 0.000000000000000000, 0.05000000000000000278, 0.000000000000000000 ) ) ;
#2462 = PLANE ( 'NONE',  #4 ) ;
#2463 = AXIS2_PLACEMENT_3D ( 'NONE', #922, #2287, #946 ) ;
#2464 = LINE ( 'NONE', #2614, #358 ) ;
#2465 = ADVANCED_FACE ( 'NONE', ( #2345 ), #1404, .F. ) ;
#2466 = VECTOR ( 'NONE', #1180, 1000.000000000000000 ) ;
#2467 = DIRECTION ( 'NONE',  ( -0.000000000000000000, 1.000000000000000000, 0.000000000000000000 ) ) ;
#2468 = CARTESIAN_POINT ( 'NONE',  ( 0.4500000000000000111, 0.1270000000000000018, 0.09999999999999993616 ) ) ;
#2469 = CARTESIAN_POINT ( 'NONE',  ( -0.4500000000000000111, 0.07699999999999999900, 0.09999999999999993616 ) ) ;
#2470 = EDGE_CURVE ( 'NONE', #3115, #2078, #141, .T. ) ;
#2471 = DIRECTION ( 'NONE',  ( -0.000000000000000000, -0.000000000000000000, 1.000000000000000000 ) ) ;
#2472 = LINE ( 'NONE', #1719, #387 ) ;
#2473 = CARTESIAN_POINT ( 'NONE',  ( -0.4500000000000000111, 0.07699999999999999900, 0.2300000000000000100 ) ) ;
#2474 = VECTOR ( 'NONE', #3172, 1000.000000000000000 ) ;
#2475 = EDGE_CURVE ( 'NONE', #2252, #1709, #147, .T. ) ;
#2476 = SURFACE_STYLE_FILL_AREA ( #84 ) ;
#2477 = CARTESIAN_POINT ( 'NONE',  ( -0.5000000000000000000, 0.07699999999999999900, 0.2300000000000000100 ) ) ;
#2478 = LINE ( 'NONE', #1621, #1436 ) ;
#2479 = ADVANCED_FACE ( 'NONE', ( #1198 ), #440, .F. ) ;
#2480 = EDGE_CURVE ( 'NONE', #1966, #811, #1268, .T. ) ;
#2481 = CARTESIAN_POINT ( 'NONE',  ( -0.5000000000000000000, 0.07699999999999999900, -0.2300000000000000100 ) ) ;
#2482 = CARTESIAN_POINT ( 'NONE',  ( -0.2500000000000000000, 0.07699999999999999900, 0.2499999999999997780 ) ) ;
#2483 = VECTOR ( 'NONE', #2615, 1000.000000000000000 ) ;
#2484 = PRESENTATION_LAYER_ASSIGNMENT (  '', '', ( #3167 ) ) ;
#2485 = CARTESIAN_POINT ( 'NONE',  ( 0.2500000000000000000, 0.07699999999999999900, -0.2499999999999997780 ) ) ;
#2486 = STYLED_ITEM ( 'NONE', ( #1558 ), #296 ) ;
#2487 = DIRECTION ( 'NONE',  ( 0.000000000000000000, 0.000000000000000000, -1.000000000000000000 ) ) ;
#2488 = LINE ( 'NONE', #2916, #2570 ) ;
#2489 = DIRECTION ( 'NONE',  ( 1.000000000000000000, -0.000000000000000000, -0.000000000000000000 ) ) ;
#2490 = LINE ( 'NONE', #1738, #2589 ) ;
#2491 = EDGE_CURVE ( 'NONE', #959, #706, #100, .T. ) ;
#2492 = DIRECTION ( 'NONE',  ( -0.000000000000000000, 1.000000000000000000, 0.000000000000000000 ) ) ;
#2493 = VECTOR ( 'NONE', #1611, 1000.000000000000000 ) ;
#2494 = DIRECTION ( 'NONE',  ( 0.000000000000000000, 0.000000000000000000, -1.000000000000000000 ) ) ;
#2495 = EDGE_CURVE ( 'NONE', #3077, #2326, #158, .T. ) ;
#2496 = CARTESIAN_POINT ( 'NONE',  ( 0.2500000000000000000, 0.1270000000000000018, 0.2499999999999997780 ) ) ;
#2497 = LINE ( 'NONE', #1427, #1405 ) ;
#2498 = VECTOR ( 'NONE', #120, 1000.000000000000000 ) ;
#2499 = DIRECTION ( 'NONE',  ( -1.000000000000000000, 0.000000000000000000, 0.000000000000000000 ) ) ;
#2500 = EDGE_CURVE ( 'NONE', #957, #1190, #1258, .T. ) ;
#2501 = DIRECTION ( 'NONE',  ( -1.000000000000000000, 0.000000000000000000, 0.000000000000000000 ) ) ;
#2502 = VECTOR ( 'NONE', #3120, 1000.000000000000000 ) ;
#2503 = FACE_OUTER_BOUND ( 'NONE', #769, .T. ) ;
#2504 = CARTESIAN_POINT ( 'NONE',  ( 0.4500000000000000111, 0.1270000000000000018, -0.09999999999999993616 ) ) ;
#2505 = LINE ( 'NONE', #261, #397 ) ;
#2506 = ADVANCED_FACE ( 'NONE', ( #1265 ), #1628, .T. ) ;
#2507 = VECTOR ( 'NONE', #1373, 1000.000000000000000 ) ;
#2508 = VECTOR ( 'NONE', #718, 1000.000000000000000 ) ;
#2509 = LINE ( 'NONE', #1107, #203 ) ;
#2510 = LINE ( 'NONE', #764, #393 ) ;
#2511 = CARTESIAN_POINT ( 'NONE',  ( 0.000000000000000000, 0.1270000000000000018, 0.000000000000000000 ) ) ;
#2512 = AXIS2_PLACEMENT_3D ( 'NONE', #316, #1586, #541 ) ;
#2513 = LINE ( 'NONE', #1375, #1420 ) ;
#2514 = LINE ( 'NONE', #1565, #2545 ) ;
#2515 = DIRECTION ( 'NONE',  ( 1.000000000000000000, 0.000000000000000000, -0.000000000000000000 ) ) ;
#2516 = CARTESIAN_POINT ( 'NONE',  ( 0.4500000000000000111, 0.07699999999999999900, 0.09999999999999993616 ) ) ;
#2517 = EDGE_CURVE ( 'NONE', #2078, #1648, #1193, .T. ) ;
#2518 = CARTESIAN_POINT ( 'NONE',  ( 0.4099999999999999756, 0.07699999999999999900, 0.2499999999999997780 ) ) ;
#2519 = LINE ( 'NONE', #2485, #1454 ) ;
#2520 = DIRECTION ( 'NONE',  ( -1.668003342285390663E-15, -0.000000000000000000, -1.000000000000000000 ) ) ;
#2521 = CARTESIAN_POINT ( 'NONE',  ( 0.4500000000000000111, 0.05000000000000000278, 0.2500000000000000000 ) ) ;
#2522 = DIRECTION ( 'NONE',  ( 0.000000000000000000, 1.000000000000000000, 0.000000000000000000 ) ) ;
#2523 = VECTOR ( 'NONE', #1283, 1000.000000000000000 ) ;
#2524 = LINE ( 'NONE', #1590, #353 ) ;
#2525 = AXIS2_PLACEMENT_3D ( 'NONE', #115, #493, #2092 ) ;
#2526 = DIRECTION ( 'NONE',  ( -0.000000000000000000, 1.000000000000000000, 0.000000000000000000 ) ) ;
#2527 = LINE ( 'NONE', #3103, #356 ) ;
#2528 = CARTESIAN_POINT ( 'NONE',  ( -0.4500000000000000111, 0.1270000000000000018, -0.09999999999999993616 ) ) ;
#2529 = SURFACE_STYLE_FILL_AREA ( #3160 ) ;
#2530 = LINE ( 'NONE', #3025, #1456 ) ;
#2531 = EDGE_CURVE ( 'NONE', #3246, #3139, #2298, .T. ) ;
#2532 = LINE ( 'NONE', #1519, #323 ) ;
#2533 = DIRECTION ( 'NONE',  ( 0.000000000000000000, 0.000000000000000000, -1.000000000000000000 ) ) ;
#2534 = ADVANCED_FACE ( 'NONE', ( #2307 ), #2738, .T. ) ;
#2535 = LINE ( 'NONE', #1303, #1462 ) ;
#2536 = CARTESIAN_POINT ( 'NONE',  ( 0.4999999999999997780, 0.1270000000000000018, -0.09999999999999993616 ) ) ;
#2537 = PLANE ( 'NONE',  #2362 ) ;
#2538 = EDGE_CURVE ( 'NONE', #873, #3037, #122, .T. ) ;
#2539 = VECTOR ( 'NONE', #103, 1000.000000000000000 ) ;
#2540 = FACE_OUTER_BOUND ( 'NONE', #3017, .T. ) ;
#2541 = DIRECTION ( 'NONE',  ( 0.000000000000000000, 0.000000000000000000, -1.000000000000000000 ) ) ;
#2542 = DIRECTION ( 'NONE',  ( -1.000000000000000000, -0.000000000000000000, -0.000000000000000000 ) ) ;
#2543 = CARTESIAN_POINT ( 'NONE',  ( 0.2500000000000001110, 0.1270000000000000018, -0.2999999999999999889 ) ) ;
#2544 = LINE ( 'NONE', #1323, #343 ) ;
#2545 = VECTOR ( 'NONE', #543, 1000.000000000000000 ) ;
#2546 = EDGE_CURVE ( 'NONE', #2087, #1964, #489, .T. ) ;
#2547 = COLOUR_RGB ( '',1.000000000000000000, 0.8117647058823529438, 0.5019607843137254832 ) ;
#2548 = EDGE_CURVE ( 'NONE', #647, #3248, #1564, .T. ) ;
#2549 = DIRECTION ( 'NONE',  ( -1.000000000000000000, 0.000000000000000000, 2.168404344971008868E-16 ) ) ;
#2550 = LINE ( 'NONE', #2640, #2474 ) ;
#2551 = DIRECTION ( 'NONE',  ( 0.000000000000000000, -0.000000000000000000, 1.000000000000000000 ) ) ;
#2552 = FACE_OUTER_BOUND ( 'NONE', #159, .T. ) ;
#2553 = PLANE ( 'NONE',  #400 ) ;
#2554 = LINE ( 'NONE', #2996, #272 ) ;
#2555 = LINE ( 'NONE', #846, #1443 ) ;
#2556 = CARTESIAN_POINT ( 'NONE',  ( -0.2500000000000000000, 0.1270000000000000018, 0.2499999999999997780 ) ) ;
#2557 = VECTOR ( 'NONE', #2729, 1000.000000000000000 ) ;
#2558 = PRESENTATION_LAYER_ASSIGNMENT (  '', '', ( #3220 ) ) ;
#2559 = FACE_OUTER_BOUND ( 'NONE', #1297, .T. ) ;
#2560 = DIRECTION ( 'NONE',  ( 0.000000000000000000, 0.000000000000000000, 1.000000000000000000 ) ) ;
#2561 = FACE_BOUND ( 'NONE', #3267, .T. ) ;
#2562 = COLOUR_RGB ( '',1.000000000000000000, 0.8117647058823529438, 0.5019607843137254832 ) ;
#2563 = MANIFOLD_SOLID_BREP ( 'Boss-Extrude2[2]', #1985 ) ;
#2564 = AXIS2_PLACEMENT_3D ( 'NONE', #2250, #626, #423 ) ;
#2565 = VECTOR ( 'NONE', #2814, 1000.000000000000000 ) ;
#2566 = FACE_OUTER_BOUND ( 'NONE', #2402, .T. ) ;
#2567 = CARTESIAN_POINT ( 'NONE',  ( 0.5000000000000000000, 0.07699999999999999900, 0.2300000000000000100 ) ) ;
#2568 = CARTESIAN_POINT ( 'NONE',  ( -0.1999999999999999833, 0.000000000000000000, -0.2499999999999999445 ) ) ;
#2569 = PLANE ( 'NONE',  #1801 ) ;
#2570 = VECTOR ( 'NONE', #697, 1000.000000000000000 ) ;
#2571 = LINE ( 'NONE', #2623, #350 ) ;
#2572 = VECTOR ( 'NONE', #3081, 1000.000000000000000 ) ;
#2573 = EDGE_CURVE ( 'NONE', #2319, #40, #2674, .T. ) ;
#2574 = CARTESIAN_POINT ( 'NONE',  ( -0.4500000000000000111, 0.07699999999999999900, -0.2300000000000000100 ) ) ;
#2575 = CARTESIAN_POINT ( 'NONE',  ( -0.4500000000000000111, 0.1270000000000000018, -0.2300000000000000100 ) ) ;
#2576 = CARTESIAN_POINT ( 'NONE',  ( 0.4999999999999997780, 0.1270000000000000018, -0.09999999999999993616 ) ) ;
#2577 = PRESENTATION_STYLE_ASSIGNMENT (( #2699 ) ) ;
#2578 = VECTOR ( 'NONE', #2596, 1000.000000000000000 ) ;
#2579 = VECTOR ( 'NONE', #1991, 1000.000000000000000 ) ;
#2580 = EDGE_CURVE ( 'NONE', #1117, #2015, #1588, .T. ) ;
#2581 = DIRECTION ( 'NONE',  ( -1.668003342285390663E-15, -0.000000000000000000, 1.000000000000000000 ) ) ;
#2582 = CARTESIAN_POINT ( 'NONE',  ( -0.4500000000000000111, -0.09063054614240209639, -0.2300000000000000100 ) ) ;
#2583 = LINE ( 'NONE', #1543, #403 ) ;
#2584 = CARTESIAN_POINT ( 'NONE',  ( 0.000000000000000000, 0.07699999999999999900, 0.000000000000000000 ) ) ;
#2585 = PLANE ( 'NONE',  #85 ) ;
#2586 = MANIFOLD_SOLID_BREP ( 'Boss-Extrude3[2]', #1980 ) ;
#2587 = FACE_OUTER_BOUND ( 'NONE', #2896, .T. ) ;
#2588 = ADVANCED_FACE ( 'NONE', ( #1007 ), #2356, .T. ) ;
#2589 = VECTOR ( 'NONE', #2969, 1000.000000000000000 ) ;
#2590 = PLANE ( 'NONE',  #599 ) ;
#2591 = CARTESIAN_POINT ( 'NONE',  ( 0.5000000000000000000, 0.1270000000000000018, 0.2300000000000000100 ) ) ;
#2592 = CARTESIAN_POINT ( 'NONE',  ( 0.4999999999999997780, -0.09063054614240209639, -0.09999999999999993616 ) ) ;
#2593 = EDGE_CURVE ( 'NONE', #3108, #1111, #2074, .T. ) ;
#2594 = CARTESIAN_POINT ( 'NONE',  ( 0.4500000000000000111, 0.05000000000000000278, 0.2500000000000000000 ) ) ;
#2595 = FACE_OUTER_BOUND ( 'NONE', #3240, .T. ) ;
#2596 = DIRECTION ( 'NONE',  ( 0.000000000000000000, 1.000000000000000000, 0.000000000000000000 ) ) ;
#2597 = EDGE_CURVE ( 'NONE', #1293, #3075, #3235, .T. ) ;
#2598 = LINE ( 'NONE', #2649, #1478 ) ;
#2599 = COLOUR_RGB ( '',1.000000000000000000, 0.8117647058823529438, 0.5019607843137254832 ) ;
#2600 = PLANE ( 'NONE',  #3261 ) ;
#2601 = DIRECTION ( 'NONE',  ( 1.000000000000000000, 0.000000000000000000, -2.168404344971008868E-16 ) ) ;
#2602 = DIRECTION ( 'NONE',  ( -0.000000000000000000, 1.000000000000000000, 0.000000000000000000 ) ) ;
#2603 = MECHANICAL_DESIGN_GEOMETRIC_PRESENTATION_REPRESENTATION (  '', ( #3167 ), #1867 ) ;
#2604 = LINE ( 'NONE', #1949, #1457 ) ;
#2605 = LINE ( 'NONE', #614, #455 ) ;
#2606 = CARTESIAN_POINT ( 'NONE',  ( 0.4500000000000000111, 0.1270000000000000018, -0.09999999999999993616 ) ) ;
#2607 = ADVANCED_FACE ( 'NONE', ( #3159 ), #326, .F. ) ;
#2608 = EDGE_CURVE ( 'NONE', #3136, #2104, #3183, .T. ) ;
#2609 = DIRECTION ( 'NONE',  ( 2.168404344971008868E-16, 0.000000000000000000, -1.000000000000000000 ) ) ;
#2610 = ADVANCED_FACE ( 'NONE', ( #1033 ), #2780, .F. ) ;
#2611 = DIRECTION ( 'NONE',  ( -0.000000000000000000, -0.000000000000000000, 1.000000000000000000 ) ) ;
#2612 = DIRECTION ( 'NONE',  ( 0.000000000000000000, 0.000000000000000000, 1.000000000000000000 ) ) ;
#2613 = EDGE_CURVE ( 'NONE', #725, #1910, #984, .T. ) ;
#2614 = CARTESIAN_POINT ( 'NONE',  ( 0.1999999999999999833, 0.05000000000000002359, 0.2500000000000000555 ) ) ;
#2615 = DIRECTION ( 'NONE',  ( -0.000000000000000000, -0.000000000000000000, -1.000000000000000000 ) ) ;
#2616 = PLANE ( 'NONE',  #1851 ) ;
#2617 = CARTESIAN_POINT ( 'NONE',  ( -0.5000000000000000000, -0.09063054614240209639, -0.2300000000000000100 ) ) ;
#2618 = EDGE_CURVE ( 'NONE', #3015, #1753, #3151, .T. ) ;
#2619 = DIRECTION ( 'NONE',  ( 1.000000000000000000, 0.000000000000000000, -0.000000000000000000 ) ) ;
#2620 = LINE ( 'NONE', #527, #411 ) ;
#2621 = FILL_AREA_STYLE_COLOUR ( '', #1082 ) ;
#2622 = DIRECTION ( 'NONE',  ( 0.000000000000000000, -0.000000000000000000, 1.000000000000000000 ) ) ;
#2623 = CARTESIAN_POINT ( 'NONE',  ( 0.4500000000000000111, 0.05000000000000000278, -0.2500000000000000000 ) ) ;
#2624 = FACE_OUTER_BOUND ( 'NONE', #3187, .T. ) ;
#2625 = AXIS2_PLACEMENT_3D ( 'NONE', #2842, #1820, #2635 ) ;
#2626 = ADVANCED_FACE ( 'NONE', ( #3217 ), #2142, .T. ) ;
#2627 = DIRECTION ( 'NONE',  ( -1.668003342285390663E-15, 0.000000000000000000, 1.000000000000000000 ) ) ;
#2628 = DIRECTION ( 'NONE',  ( -1.000000000000000000, 0.000000000000000000, -2.168404344971008868E-16 ) ) ;
#2629 = ADVANCED_FACE ( 'NONE', ( #3223 ), #2383, .T. ) ;
#2630 = DIRECTION ( 'NONE',  ( 0.000000000000000000, 0.000000000000000000, 1.000000000000000000 ) ) ;
#2631 = AXIS2_PLACEMENT_3D ( 'NONE', #1103, #2609, #3128 ) ;
#2632 = CARTESIAN_POINT ( 'NONE',  ( -0.5000000000000000000, 0.1270000000000000018, -0.09999999999999993616 ) ) ;
#2633 = EDGE_CURVE ( 'NONE', #1879, #1966, #3166, .T. ) ;
#2634 = VECTOR ( 'NONE', #1650, 1000.000000000000000 ) ;
#2635 = DIRECTION ( 'NONE',  ( 0.000000000000000000, -0.000000000000000000, -1.000000000000000000 ) ) ;
#2636 = DIRECTION ( 'NONE',  ( -0.000000000000000000, -0.000000000000000000, -1.000000000000000000 ) ) ;
#2637 =( LENGTH_UNIT ( ) NAMED_UNIT ( * ) SI_UNIT ( .MILLI., .METRE. ) );
#2638 = AXIS2_PLACEMENT_3D ( 'NONE', #3245, #1664, #384 ) ;
#2639 = CARTESIAN_POINT ( 'NONE',  ( 0.2500000000000000000, 0.1270000000000000018, -0.2499999999999997780 ) ) ;
#2640 = CARTESIAN_POINT ( 'NONE',  ( 0.4500000000000000111, 0.07699999999999999900, -0.09999999999999993616 ) ) ;
#2641 = PRESENTATION_LAYER_ASSIGNMENT (  '', '', ( #53 ) ) ;
#2642 = LINE ( 'NONE', #2683, #2634 ) ;
#2643 = EDGE_CURVE ( 'NONE', #583, #1964, #2082, .T. ) ;
#2644 = CARTESIAN_POINT ( 'NONE',  ( -0.4500000000000000111, 0.000000000000000000, 0.2500000000000000000 ) ) ;
#2645 = FACE_OUTER_BOUND ( 'NONE', #2233, .T. ) ;
#2646 = CARTESIAN_POINT ( 'NONE',  ( -0.4999999999999997780, 0.1270000000000000018, -0.09999999999999993616 ) ) ;
#2647 = EDGE_CURVE ( 'NONE', #2787, #1841, #976, .T. ) ;
#2648 = FACE_OUTER_BOUND ( 'NONE', #2178, .T. ) ;
#2649 = CARTESIAN_POINT ( 'NONE',  ( -0.1999999999999999833, 0.000000000000000000, 0.2500000000000000555 ) ) ;
#2650 = EDGE_CURVE ( 'NONE', #3117, #670, #968, .T. ) ;
#2651 = VECTOR ( 'NONE', #1274, 1000.000000000000000 ) ;
#2652 = ADVANCED_FACE ( 'NONE', ( #992 ), #1288, .F. ) ;
#2653 = DIRECTION ( 'NONE',  ( 0.000000000000000000, -1.000000000000000000, 0.000000000000000000 ) ) ;
#2654 = CARTESIAN_POINT ( 'NONE',  ( -0.4500000000000000111, 0.000000000000000000, -0.2500000000000000000 ) ) ;
#2655 = EDGE_CURVE ( 'NONE', #81, #786, #3229, .T. ) ;
#2656 = FACE_OUTER_BOUND ( 'NONE', #1775, .T. ) ;
#2657 = DIRECTION ( 'NONE',  ( 0.000000000000000000, 1.000000000000000000, 0.000000000000000000 ) ) ;
#2658 =( NAMED_UNIT ( * ) PLANE_ANGLE_UNIT ( ) SI_UNIT ( $, .RADIAN. ) );
#2659 = PRODUCT_DEFINITION_CONTEXT ( 'detailed design', #2357, 'design' ) ;
#2660 = AXIS2_PLACEMENT_3D ( 'NONE', #1881, #2653, #2883 ) ;
#2661 = PLANE ( 'NONE',  #151 ) ;
#2662 = DIRECTION ( 'NONE',  ( 0.000000000000000000, 1.000000000000000000, 0.000000000000000000 ) ) ;
#2663 = VECTOR ( 'NONE', #2141, 1000.000000000000000 ) ;
#2664 = EDGE_CURVE ( 'NONE', #2077, #1879, #2090, .T. ) ;
#2665 = CARTESIAN_POINT ( 'NONE',  ( 0.000000000000000000, 0.07699999999999999900, 0.000000000000000000 ) ) ;
#2666 = EDGE_CURVE ( 'NONE', #3115, #2862, #2044, .T. ) ;
#2667 = AXIS2_PLACEMENT_3D ( 'NONE', #1355, #1811, #1202 ) ;
#2668 = ADVANCED_FACE ( 'NONE', ( #2137 ), #2173, .T. ) ;
#2669 = VECTOR ( 'NONE', #2939, 1000.000000000000000 ) ;
#2670 = DIRECTION ( 'NONE',  ( -0.000000000000000000, -1.000000000000000000, -0.000000000000000000 ) ) ;
#2671 = CARTESIAN_POINT ( 'NONE',  ( -0.4500000000000000111, 0.1270000000000000018, 0.2300000000000000100 ) ) ;
#2672 = LINE ( 'NONE', #236, #2651 ) ;
#2673 = EDGE_CURVE ( 'NONE', #1171, #957, #1026, .T. ) ;
#2674 = LINE ( 'NONE', #528, #497 ) ;
#2675 = FACE_OUTER_BOUND ( 'NONE', #3127, .T. ) ;
#2676 = PLANE ( 'NONE',  #1482 ) ;
#2677 = VECTOR ( 'NONE', #1595, 1000.000000000000000 ) ;
#2678 = DIRECTION ( 'NONE',  ( 1.000000000000000000, 0.000000000000000000, 0.000000000000000000 ) ) ;
#2679 =( NAMED_UNIT ( * ) SI_UNIT ( $, .STERADIAN. ) SOLID_ANGLE_UNIT ( ) );
#2680 = VECTOR ( 'NONE', #33, 1000.000000000000000 ) ;
#2681 = EDGE_CURVE ( 'NONE', #833, #3148, #1045, .T. ) ;
#2682 = VECTOR ( 'NONE', #663, 1000.000000000000000 ) ;
#2683 = CARTESIAN_POINT ( 'NONE',  ( 0.4999999999999997780, 0.1270000000000000018, -0.09999999999999993616 ) ) ;
#2684 = PRODUCT_DEFINITION_SHAPE ( 'NONE', 'NONE',  #359 ) ;
#2685 = VECTOR ( 'NONE', #274, 1000.000000000000000 ) ;
#2686 = VECTOR ( 'NONE', #1724, 1000.000000000000000 ) ;
#2687 = PLANE ( 'NONE',  #1766 ) ;
#2688 = VECTOR ( 'NONE', #500, 1000.000000000000000 ) ;
#2689 = CARTESIAN_POINT ( 'NONE',  ( 0.2500000000000000000, 0.07699999999999999900, 0.2999999999999998224 ) ) ;
#2690 = PLANE ( 'NONE',  #638 ) ;
#2691 = CARTESIAN_POINT ( 'NONE',  ( 0.2500000000000000000, 0.1270000000000000018, 0.2499999999999997780 ) ) ;
#2692 = VECTOR ( 'NONE', #1776, 1000.000000000000000 ) ;
#2693 = ADVANCED_FACE ( 'NONE', ( #1055 ), #3180, .T. ) ;
#2694 = LINE ( 'NONE', #239, #490 ) ;
#2695 = CARTESIAN_POINT ( 'NONE',  ( 0.4500000000000000111, 0.1270000000000000018, 0.09999999999999993616 ) ) ;
#2696 = DIRECTION ( 'NONE',  ( 1.000000000000000000, 0.000000000000000000, 0.000000000000000000 ) ) ;
#2697 = VECTOR ( 'NONE', #2296, 1000.000000000000000 ) ;
#2698 = DIRECTION ( 'NONE',  ( 0.000000000000000000, 1.000000000000000000, 0.000000000000000000 ) ) ;
#2699 = SURFACE_STYLE_USAGE ( .BOTH. , #1 ) ;
#2700 = LINE ( 'NONE', #1025, #2680 ) ;
#2701 = VECTOR ( 'NONE', #292, 1000.000000000000000 ) ;
#2702 = PLANE ( 'NONE',  #2391 ) ;
#2703 = LINE ( 'NONE', #1260, #537 ) ;
#2704 = EDGE_CURVE ( 'NONE', #716, #2021, #2147, .T. ) ;
#2705 = DIRECTION ( 'NONE',  ( -0.000000000000000000, 1.000000000000000000, 0.000000000000000000 ) ) ;
#2706 = VECTOR ( 'NONE', #2785, 1000.000000000000000 ) ;
#2707 = CARTESIAN_POINT ( 'NONE',  ( 0.4500000000000000111, 0.1270000000000000018, -0.09999999999999993616 ) ) ;
#2708 = LINE ( 'NONE', #1858, #498 ) ;
#2709 = PLANE ( 'NONE',  #3080 ) ;
#2710 = PLANE ( 'NONE',  #1913 ) ;
#2711 = EDGE_CURVE ( 'NONE', #611, #2927, #3231, .T. ) ;
#2712 = CARTESIAN_POINT ( 'NONE',  ( -0.4500000000000000111, -0.09063054614240209639, -0.09999999999999993616 ) ) ;
#2713 = LINE ( 'NONE', #1285, #2726 ) ;
#2714 = VECTOR ( 'NONE', #1170, 1000.000000000000000 ) ;
#2715 = FILL_AREA_STYLE_COLOUR ( '', #2880 ) ;
#2716 = PLANE ( 'NONE',  #2981 ) ;
#2717 = VECTOR ( 'NONE', #2541, 1000.000000000000000 ) ;
#2718 = ADVANCED_FACE ( 'NONE', ( #2170 ), #2850, .F. ) ;
#2719 = CARTESIAN_POINT ( 'NONE',  ( 0.2500000000000000000, 0.1270000000000000018, -0.2499999999999997780 ) ) ;
#2720 = VECTOR ( 'NONE', #2728, 1000.000000000000000 ) ;
#2721 = EDGE_CURVE ( 'NONE', #815, #2140, #2130, .T. ) ;
#2722 = FACE_OUTER_BOUND ( 'NONE', #772, .T. ) ;
#2723 =( LENGTH_UNIT ( ) NAMED_UNIT ( * ) SI_UNIT ( .MILLI., .METRE. ) );
#2724 = DIRECTION ( 'NONE',  ( 0.000000000000000000, 0.000000000000000000, -1.000000000000000000 ) ) ;
#2725 = ORIENTED_EDGE ( 'NONE', *, *, #1188, .F. ) ;
#2726 = VECTOR ( 'NONE', #917, 1000.000000000000000 ) ;
#2727 = LINE ( 'NONE', #1461, #2720 ) ;
#2728 = DIRECTION ( 'NONE',  ( 0.000000000000000000, 1.000000000000000000, 0.000000000000000000 ) ) ;
#2729 = DIRECTION ( 'NONE',  ( 1.000000000000000000, 0.000000000000000000, 0.000000000000000000 ) ) ;
#2730 = EDGE_LOOP ( 'NONE', ( #1699, #3188, #1005, #649 ) ) ;
#2731 = CARTESIAN_POINT ( 'NONE',  ( -0.4500000000000000111, 0.07699999999999999900, 0.2300000000000000100 ) ) ;
#2732 = AXIS2_PLACEMENT_3D ( 'NONE', #995, #2733, #263 ) ;
#2733 = DIRECTION ( 'NONE',  ( 1.000000000000000000, 0.000000000000000000, 0.000000000000000000 ) ) ;
#2734 = VECTOR ( 'NONE', #2039, 1000.000000000000000 ) ;
#2735 = AXIS2_PLACEMENT_3D ( 'NONE', #2348, #478, #714 ) ;
#2736 = CARTESIAN_POINT ( 'NONE',  ( -0.4500000000000000111, 0.07699999999999999900, -0.2300000000000000100 ) ) ;
#2737 = ORIENTED_EDGE ( 'NONE', *, *, #2608, .F. ) ;
#2738 = PLANE ( 'NONE',  #1494 ) ;
#2739 = ORIENTED_EDGE ( 'NONE', *, *, #2343, .T. ) ;
#2740 = EDGE_CURVE ( 'NONE', #2025, #2104, #1047, .T. ) ;
#2741 = DIRECTION ( 'NONE',  ( 1.000000000000000000, -0.000000000000000000, -2.168404344971008868E-16 ) ) ;
#2742 = DIRECTION ( 'NONE',  ( 0.000000000000000000, -0.000000000000000000, 1.000000000000000000 ) ) ;
#2743 = ORIENTED_EDGE ( 'NONE', *, *, #2740, .F. ) ;
#2744 = ORIENTED_EDGE ( 'NONE', *, *, #2647, .T. ) ;
#2745 = CARTESIAN_POINT ( 'NONE',  ( 0.4500000000000000111, 0.1270000000000000018, -0.2300000000000000100 ) ) ;
#2746 = DIRECTION ( 'NONE',  ( 0.000000000000000000, 1.000000000000000000, 0.000000000000000000 ) ) ;
#2747 = DIRECTION ( 'NONE',  ( 1.000000000000000000, -0.000000000000000000, 0.000000000000000000 ) ) ;
#2748 = EDGE_LOOP ( 'NONE', ( #1671, #1633, #1120, #2048 ) ) ;
#2749 = ORIENTED_EDGE ( 'NONE', *, *, #1300, .F. ) ;
#2750 = LINE ( 'NONE', #2281, #2734 ) ;
#2751 = CARTESIAN_POINT ( 'NONE',  ( -0.2500000000000000000, 0.07699999999999999900, -0.2499999999999997780 ) ) ;
#2752 = EDGE_CURVE ( 'NONE', #2902, #2156, #1040, .T. ) ;
#2753 = PLANE ( 'NONE',  #2735 ) ;
#2754 = VERTEX_POINT ( 'NONE', #863 ) ;
#2755 = PLANE ( 'NONE',  #2291 ) ;
#2756 = DIRECTION ( 'NONE',  ( 0.000000000000000000, 1.000000000000000000, 0.000000000000000000 ) ) ;
#2757 = VERTEX_POINT ( 'NONE', #136 ) ;
#2758 = COLOUR_RGB ( '',0.7921568627450980005, 0.8196078431372548767, 0.9333333333333333481 ) ;
#2759 = DIRECTION ( 'NONE',  ( -0.000000000000000000, -0.000000000000000000, 1.000000000000000000 ) ) ;
#2760 = FACE_OUTER_BOUND ( 'NONE', #1840, .T. ) ;
#2761 = CARTESIAN_POINT ( 'NONE',  ( 0.4500000000000000111, 0.1270000000000000018, 0.2300000000000000100 ) ) ;
#2762 = DIRECTION ( 'NONE',  ( 0.000000000000000000, 0.000000000000000000, 1.000000000000000000 ) ) ;
#2763 = AXIS2_PLACEMENT_3D ( 'NONE', #2592, #818, #2627 ) ;
#2764 = SURFACE_STYLE_FILL_AREA ( #469 ) ;
#2765 = EDGE_LOOP ( 'NONE', ( #1976, #2198, #1011, #2228 ) ) ;
#2766 = VECTOR ( 'NONE', #600, 1000.000000000000000 ) ;
#2767 = ORIENTED_EDGE ( 'NONE', *, *, #504, .T. ) ;
#2768 = CARTESIAN_POINT ( 'NONE',  ( -0.4500000000000000111, 0.07699999999999999900, -0.09999999999999993616 ) ) ;
#2769 = EDGE_CURVE ( 'NONE', #1886, #2757, #1076, .T. ) ;
#2770 = CARTESIAN_POINT ( 'NONE',  ( 0.5000000000000000000, 0.5500000000000000444, 0.2999999999999999889 ) ) ;
#2771 = ORIENTED_EDGE ( 'NONE', *, *, #2275, .F. ) ;
#2772 = VECTOR ( 'NONE', #1178, 1000.000000000000000 ) ;
#2773 = VERTEX_POINT ( 'NONE', #349 ) ;
#2774 = CARTESIAN_POINT ( 'NONE',  ( -0.4500000000000000111, 0.000000000000000000, 0.2500000000000000000 ) ) ;
#2775 = CARTESIAN_POINT ( 'NONE',  ( -0.4099999999999999756, 0.07699999999999999900, -0.2499999999999997780 ) ) ;
#2776 = ORIENTED_EDGE ( 'NONE', *, *, #1157, .T. ) ;
#2777 = AXIS2_PLACEMENT_3D ( 'NONE', #1080, #15, #1481 ) ;
#2778 = CARTESIAN_POINT ( 'NONE',  ( 0.000000000000000000, 0.07699999999999999900, 0.000000000000000000 ) ) ;
#2779 = LINE ( 'NONE', #1869, #1736 ) ;
#2780 = PLANE ( 'NONE',  #1587 ) ;
#2781 = VERTEX_POINT ( 'NONE', #2119 ) ;
#2782 = DIRECTION ( 'NONE',  ( 0.000000000000000000, -0.000000000000000000, 1.000000000000000000 ) ) ;
#2783 = CARTESIAN_POINT ( 'NONE',  ( 0.4500000000000000111, 0.1270000000000000018, -0.09999999999999993616 ) ) ;
#2784 = EDGE_LOOP ( 'NONE', ( #1742, #2893, #2187, #3249 ) ) ;
#2785 = DIRECTION ( 'NONE',  ( 1.668003342285390663E-15, -0.000000000000000000, 1.000000000000000000 ) ) ;
#2786 = ADVANCED_FACE ( 'NONE', ( #1105 ), #1603, .F. ) ;
#2787 = VERTEX_POINT ( 'NONE', #2644 ) ;
#2788 = MANIFOLD_SOLID_BREP ( 'Boss-Extrude3[4]', #3214 ) ;
#2789 = EDGE_CURVE ( 'NONE', #756, #896, #1067, .T. ) ;
#2790 = LINE ( 'NONE', #2834, #2766 ) ;
#2791 = DIRECTION ( 'NONE',  ( 0.000000000000000000, 0.000000000000000000, -1.000000000000000000 ) ) ;
#2792 = DIRECTION ( 'NONE',  ( 0.000000000000000000, -0.000000000000000000, 1.000000000000000000 ) ) ;
#2793 = ORIENTED_EDGE ( 'NONE', *, *, #1242, .T. ) ;
#2794 = CARTESIAN_POINT ( 'NONE',  ( 0.4500000000000000111, 0.000000000000000000, -0.2500000000000000000 ) ) ;
#2795 = EDGE_CURVE ( 'NONE', #1995, #3117, #14, .T. ) ;
#2796 = CARTESIAN_POINT ( 'NONE',  ( 0.000000000000000000, 0.07699999999999999900, 0.000000000000000000 ) ) ;
#2797 = VECTOR ( 'NONE', #1435, 1000.000000000000000 ) ;
#2798 = EDGE_LOOP ( 'NONE', ( #573, #2253, #2771, #3255 ) ) ;
#2799 = CARTESIAN_POINT ( 'NONE',  ( 0.1999999999999999278, 0.05000000000000002359, -0.2499999999999999445 ) ) ;
#2800 = FILL_AREA_STYLE_COLOUR ( '', #1570 ) ;
#2801 = AXIS2_PLACEMENT_3D ( 'NONE', #404, #900, #1205 ) ;
#2802 = LINE ( 'NONE', #3186, #1673 ) ;
#2803 = DIRECTION ( 'NONE',  ( 0.000000000000000000, 0.000000000000000000, -1.000000000000000000 ) ) ;
#2804 = DIRECTION ( 'NONE',  ( -1.000000000000000000, 0.000000000000000000, 2.168404344971008868E-16 ) ) ;
#2805 = ORIENTED_EDGE ( 'NONE', *, *, #1352, .T. ) ;
#2806 = VECTOR ( 'NONE', #1318, 1000.000000000000000 ) ;
#2807 = DIRECTION ( 'NONE',  ( 3.388131789017202342E-16, 0.000000000000000000, 1.000000000000000000 ) ) ;
#2808 = DIRECTION ( 'NONE',  ( -1.668003342285390663E-15, -0.000000000000000000, 1.000000000000000000 ) ) ;
#2809 = ORIENTED_EDGE ( 'NONE', *, *, #1176, .F. ) ;
#2810 = LINE ( 'NONE', #1782, #636 ) ;
#2811 = ORIENTED_EDGE ( 'NONE', *, *, #1936, .F. ) ;
#2812 = CARTESIAN_POINT ( 'NONE',  ( -0.5000000000000000000, 0.07699999999999999900, 0.2300000000000000100 ) ) ;
#2813 = DIRECTION ( 'NONE',  ( -1.000000000000000000, 0.000000000000000000, 0.000000000000000000 ) ) ;
#2814 = DIRECTION ( 'NONE',  ( -1.000000000000000000, -0.000000000000000000, 0.000000000000000000 ) ) ;
#2815 = ADVANCED_FACE ( 'NONE', ( #2089 ), #1384, .T. ) ;
#2816 = ORIENTED_EDGE ( 'NONE', *, *, #1697, .T. ) ;
#2817 = CARTESIAN_POINT ( 'NONE',  ( 0.2500000000000000000, -0.09063054614240209639, 0.2499999999999997780 ) ) ;
#2818 = DIRECTION ( 'NONE',  ( 0.000000000000000000, 0.000000000000000000, -1.000000000000000000 ) ) ;
#2819 = LINE ( 'NONE', #960, #646 ) ;
#2820 = ORIENTED_EDGE ( 'NONE', *, *, #176, .T. ) ;
#2821 = EDGE_CURVE ( 'NONE', #802, #3140, #2125, .T. ) ;
#2822 = DIRECTION ( 'NONE',  ( -0.000000000000000000, 1.000000000000000000, 0.000000000000000000 ) ) ;
#2823 = DIRECTION ( 'NONE',  ( -1.000000000000000000, 0.000000000000000000, -0.000000000000000000 ) ) ;
#2824 = LINE ( 'NONE', #2812, #630 ) ;
#2825 = ORIENTED_EDGE ( 'NONE', *, *, #829, .F. ) ;
#2826 = EDGE_CURVE ( 'NONE', #2215, #1678, #1999, .T. ) ;
#2827 = ORIENTED_EDGE ( 'NONE', *, *, #1201, .T. ) ;
#2828 = LINE ( 'NONE', #1563, #650 ) ;
#2829 = ORIENTED_EDGE ( 'NONE', *, *, #1826, .F. ) ;
#2830 = CARTESIAN_POINT ( 'NONE',  ( 0.4999999999999997780, 0.07699999999999999900, 0.09999999999999993616 ) ) ;
#2831 = UNCERTAINTY_MEASURE_WITH_UNIT (LENGTH_MEASURE( 1.000000000000000082E-05 ), #1821, 'distance_accuracy_value', 'NONE');
#2832 = DIRECTION ( 'NONE',  ( 1.668003342285390663E-15, -0.000000000000000000, 1.000000000000000000 ) ) ;
#2833 = FACE_OUTER_BOUND ( 'NONE', #3221, .T. ) ;
#2834 = CARTESIAN_POINT ( 'NONE',  ( 0.4500000000000000111, 0.1270000000000000018, 0.2300000000000000100 ) ) ;
#2835 = PLANE ( 'NONE',  #499 ) ;
#2836 = VERTEX_POINT ( 'NONE', #191 ) ;
#2837 = DIRECTION ( 'NONE',  ( 0.000000000000000000, 1.000000000000000000, 0.000000000000000000 ) ) ;
#2838 = LINE ( 'NONE', #1897, #661 ) ;
#2839 = EDGE_LOOP ( 'NONE', ( #2263, #1159, #1084, #2069 ) ) ;
#2840 = ADVANCED_FACE ( 'NONE', ( #912 ), #2411, .F. ) ;
#2841 = ORIENTED_EDGE ( 'NONE', *, *, #1417, .T. ) ;
#2842 = CARTESIAN_POINT ( 'NONE',  ( 0.000000000000000000, 0.07699999999999999900, 0.000000000000000000 ) ) ;
#2843 = DIRECTION ( 'NONE',  ( -0.000000000000000000, 1.000000000000000000, 0.000000000000000000 ) ) ;
#2844 = VERTEX_POINT ( 'NONE', #1914 ) ;
#2845 = PLANE ( 'NONE',  #2846 ) ;
#2846 = AXIS2_PLACEMENT_3D ( 'NONE', #1882, #306, #2204 ) ;
#2847 = EDGE_LOOP ( 'NONE', ( #3051, #1659, #1636, #97 ) ) ;
#2848 = ORIENTED_EDGE ( 'NONE', *, *, #228, .T. ) ;
#2849 = CARTESIAN_POINT ( 'NONE',  ( 0.4099999999999999756, 0.1270000000000000018, -0.2499999999999997780 ) ) ;
#2850 = PLANE ( 'NONE',  #1455 ) ;
#2851 = DIRECTION ( 'NONE',  ( -1.000000000000000000, 0.000000000000000000, 2.168404344971008868E-16 ) ) ;
#2852 = AXIS2_PLACEMENT_3D ( 'NONE', #357, #336, #2612 ) ;
#2853 = FACE_OUTER_BOUND ( 'NONE', #1088, .T. ) ;
#2854 = ORIENTED_EDGE ( 'NONE', *, *, #2434, .T. ) ;
#2855 = DIRECTION ( 'NONE',  ( 0.000000000000000000, 1.000000000000000000, 0.000000000000000000 ) ) ;
#2856 = DIRECTION ( 'NONE',  ( 0.000000000000000000, 0.000000000000000000, 1.000000000000000000 ) ) ;
#2857 = PLANE ( 'NONE',  #2667 ) ;
#2858 = ORIENTED_EDGE ( 'NONE', *, *, #1349, .F. ) ;
#2859 = FILL_AREA_STYLE_COLOUR ( '', #2440 ) ;
#2860 = CARTESIAN_POINT ( 'NONE',  ( 0.2500000000000000000, 0.1270000000000000018, 0.2499999999999997780 ) ) ;
#2861 = VECTOR ( 'NONE', #101, 1000.000000000000000 ) ;
#2862 = VERTEX_POINT ( 'NONE', #1194 ) ;
#2863 = CARTESIAN_POINT ( 'NONE',  ( -0.1999999999999999833, 0.6090169943749473846, 0.2500000000000000555 ) ) ;
#2864 = APPLICATION_PROTOCOL_DEFINITION ( 'draft international standard', 'automotive_design', 1998, #2143 ) ;
#2865 = LINE ( 'NONE', #2481, #596 ) ;
#2866 = DIRECTION ( 'NONE',  ( 0.000000000000000000, -0.000000000000000000, -1.000000000000000000 ) ) ;
#2867 = ADVANCED_FACE ( 'NONE', ( #990, #3165, #3196 ), #1800, .T. ) ;
#2868 = EDGE_CURVE ( 'NONE', #2902, #1293, #2065, .T. ) ;
#2869 = VECTOR ( 'NONE', #1090, 1000.000000000000000 ) ;
#2870 = ORIENTED_EDGE ( 'NONE', *, *, #2088, .T. ) ;
#2871 =( LENGTH_UNIT ( ) NAMED_UNIT ( * ) SI_UNIT ( .MILLI., .METRE. ) );
#2872 = CARTESIAN_POINT ( 'NONE',  ( 0.1999999999999999833, 0.6090169943749473846, 0.2500000000000000555 ) ) ;
#2873 = VERTEX_POINT ( 'NONE', #2516 ) ;
#2874 = EDGE_CURVE ( 'NONE', #617, #2902, #1992, .T. ) ;
#2875 = ORIENTED_EDGE ( 'NONE', *, *, #675, .T. ) ;
#2876 = DIRECTION ( 'NONE',  ( -1.000000000000000000, -0.000000000000000000, -0.000000000000000000 ) ) ;
#2877 = EDGE_LOOP ( 'NONE', ( #3031, #3173, #744, #3133 ) ) ;
#2878 = CARTESIAN_POINT ( 'NONE',  ( 0.4500000000000000111, 0.07699999999999999900, 0.2300000000000000100 ) ) ;
#2879 =( NAMED_UNIT ( * ) PLANE_ANGLE_UNIT ( ) SI_UNIT ( $, .RADIAN. ) );
#2880 = COLOUR_RGB ( '',1.000000000000000000, 0.8117647058823529438, 0.5019607843137254832 ) ;
#2881 = ORIENTED_EDGE ( 'NONE', *, *, #1252, .F. ) ;
#2882 = AXIS2_PLACEMENT_3D ( 'NONE', #297, #2791, #3131 ) ;
#2883 = DIRECTION ( 'NONE',  ( 0.000000000000000000, -0.000000000000000000, -1.000000000000000000 ) ) ;
#2884 = AXIS2_PLACEMENT_3D ( 'NONE', #695, #2043, #37 ) ;
#2885 = CARTESIAN_POINT ( 'NONE',  ( -0.4099999999999999756, -0.09063054614240209639, 0.2999999999999997669 ) ) ;
#2886 =( GEOMETRIC_REPRESENTATION_CONTEXT ( 3 ) GLOBAL_UNCERTAINTY_ASSIGNED_CONTEXT ( ( #2911 ) ) GLOBAL_UNIT_ASSIGNED_CONTEXT ( ( #2871, #3179, #3144 ) ) REPRESENTATION_CONTEXT ( 'NONE', 'WORKASPACE' ) );
#2887 = VERTEX_POINT ( 'NONE', #1541 ) ;
#2888 = ORIENTED_EDGE ( 'NONE', *, *, #265, .T. ) ;
#2889 = CARTESIAN_POINT ( 'NONE',  ( -0.2500000000000000000, 0.07699999999999999900, 0.2499999999999997780 ) ) ;
#2890 =( NAMED_UNIT ( * ) SI_UNIT ( $, .STERADIAN. ) SOLID_ANGLE_UNIT ( ) );
#2891 = MECHANICAL_DESIGN_GEOMETRIC_PRESENTATION_REPRESENTATION (  '', ( #1623 ), #1153 ) ;
#2892 = PLANE ( 'NONE',  #1584 ) ;
#2893 = ORIENTED_EDGE ( 'NONE', *, *, #3010, .T. ) ;
#2894 = PRESENTATION_STYLE_ASSIGNMENT (( #664 ) ) ;
#2895 = ORIENTED_EDGE ( 'NONE', *, *, #1710, .T. ) ;
#2896 = EDGE_LOOP ( 'NONE', ( #1212, #1868, #52, #2309 ) ) ;
#2897 = CARTESIAN_POINT ( 'NONE',  ( 0.2500000000000000000, 0.07699999999999999900, 0.2499999999999997780 ) ) ;
#2898 = CARTESIAN_POINT ( 'NONE',  ( 0.000000000000000000, 0.07699999999999999900, 0.000000000000000000 ) ) ;
#2899 = VERTEX_POINT ( 'NONE', #2011 ) ;
#2900 = CARTESIAN_POINT ( 'NONE',  ( 0.2500000000000000000, 0.07699999999999999900, 0.2499999999999997780 ) ) ;
#2901 = DIRECTION ( 'NONE',  ( 0.000000000000000000, 0.000000000000000000, -1.000000000000000000 ) ) ;
#2902 = VERTEX_POINT ( 'NONE', #1295 ) ;
#2903 = ORIENTED_EDGE ( 'NONE', *, *, #566, .T. ) ;
#2904 = VECTOR ( 'NONE', #1472, 1000.000000000000000 ) ;
#2905 = EDGE_CURVE ( 'NONE', #2285, #1816, #1013, .T. ) ;
#2906 = ORIENTED_EDGE ( 'NONE', *, *, #2268, .F. ) ;
#2907 = CARTESIAN_POINT ( 'NONE',  ( -0.2500000000000000000, 0.07699999999999999900, 0.2499999999999997780 ) ) ;
#2908 = ORIENTED_EDGE ( 'NONE', *, *, #1201, .F. ) ;
#2909 = ORIENTED_EDGE ( 'NONE', *, *, #70, .F. ) ;
#2910 = VECTOR ( 'NONE', #1771, 1000.000000000000000 ) ;
#2911 = UNCERTAINTY_MEASURE_WITH_UNIT (LENGTH_MEASURE( 1.000000000000000082E-05 ), #2871, 'distance_accuracy_value', 'NONE');
#2912 = ORIENTED_EDGE ( 'NONE', *, *, #70, .T. ) ;
#2913 = EDGE_LOOP ( 'NONE', ( #651, #2825, #2179, #1794 ) ) ;
#2914 = DIRECTION ( 'NONE',  ( -1.000000000000000000, -0.000000000000000000, -0.000000000000000000 ) ) ;
#2915 = LINE ( 'NONE', #2987, #773 ) ;
#2916 = CARTESIAN_POINT ( 'NONE',  ( 0.4099999999999999756, 0.1270000000000000018, -0.2499999999999997780 ) ) ;
#2917 = VERTEX_POINT ( 'NONE', #293 ) ;
#2918 = ORIENTED_EDGE ( 'NONE', *, *, #1643, .T. ) ;
#2919 = EDGE_LOOP ( 'NONE', ( #68, #1064, #3253, #1077 ) ) ;
#2920 = DIRECTION ( 'NONE',  ( 0.000000000000000000, 1.000000000000000000, 0.000000000000000000 ) ) ;
#2921 = ADVANCED_FACE ( 'NONE', ( #3207 ), #311, .F. ) ;
#2922 = EDGE_CURVE ( 'NONE', #3126, #1663, #2056, .T. ) ;
#2923 = PLANE ( 'NONE',  #2801 ) ;
#2924 = CARTESIAN_POINT ( 'NONE',  ( 0.5000000000000000000, -0.09063054614240209639, 0.2300000000000000100 ) ) ;
#2925 = VECTOR ( 'NONE', #439, 1000.000000000000000 ) ;
#2926 = VERTEX_POINT ( 'NONE', #2606 ) ;
#2927 = VERTEX_POINT ( 'NONE', #2591 ) ;
#2928 = VECTOR ( 'NONE', #2698, 1000.000000000000000 ) ;
#2929 = AXIS2_PLACEMENT_3D ( 'NONE', #1608, #1079, #1353 ) ;
#2930 = ORIENTED_EDGE ( 'NONE', *, *, #3008, .F. ) ;
#2931 = LINE ( 'NONE', #945, #1862 ) ;
#2932 = ORIENTED_EDGE ( 'NONE', *, *, #2673, .F. ) ;
#2933 = ORIENTED_EDGE ( 'NONE', *, *, #245, .F. ) ;
#2934 = VECTOR ( 'NONE', #1165, 1000.000000000000000 ) ;
#2935 = VERTEX_POINT ( 'NONE', #3012 ) ;
#2936 = DIRECTION ( 'NONE',  ( 0.000000000000000000, 0.000000000000000000, 1.000000000000000000 ) ) ;
#2937 = VERTEX_POINT ( 'NONE', #812 ) ;
#2938 = ORIENTED_EDGE ( 'NONE', *, *, #391, .F. ) ;
#2939 = DIRECTION ( 'NONE',  ( 1.000000000000000000, -0.000000000000000000, -0.000000000000000000 ) ) ;
#2940 = FACE_OUTER_BOUND ( 'NONE', #1058, .T. ) ;
#2941 = PLANE ( 'NONE',  #1247 ) ;
#2942 = CLOSED_SHELL ( 'NONE', ( #2957, #1146, #2004, #1622, #2867, #681, #144, #2132, #2815, #251, #2381, #1289, #2171, #2293, #2988, #3145, #918, #657, #3256, #1802, #550, #371, #1646, #2668, #1600, #1329, #2351, #1835, #168, #1548, #1114, #2405, #2506, #148, #1203, #1768, #2629, #1908, #2167, #2626, #2786, #121, #140, #1935, #2693, #1354, #581, #318, #339, #2534, #2207, #2588, #979, #1569, #399, #607 ) ) ;
#2943 = EDGE_CURVE ( 'NONE', #1915, #1787, #3176, .T. ) ;
#2944 = VECTOR ( 'NONE', #999, 1000.000000000000000 ) ;
#2945 = EDGE_LOOP ( 'NONE', ( #220, #981, #1034, #1302 ) ) ;
#2946 = VERTEX_POINT ( 'NONE', #2830 ) ;
#2947 = DIRECTION ( 'NONE',  ( 0.000000000000000000, 1.000000000000000000, 0.000000000000000000 ) ) ;
#2948 = CARTESIAN_POINT ( 'NONE',  ( -0.1999999999999999833, 0.6090169943749473846, -0.2499999999999999445 ) ) ;
#2949 = ORIENTED_EDGE ( 'NONE', *, *, #2398, .T. ) ;
#2950 = SURFACE_SIDE_STYLE ('',( #1450 ) ) ;
#2951 = CARTESIAN_POINT ( 'NONE',  ( -0.5000000000000000000, 0.5500000000000000444, -0.2999999999999999889 ) ) ;
#2952 = VECTOR ( 'NONE', #3238, 1000.000000000000000 ) ;
#2953 = ORIENTED_EDGE ( 'NONE', *, *, #675, .F. ) ;
#2954 = ORIENTED_EDGE ( 'NONE', *, *, #1397, .T. ) ;
#2955 = EDGE_CURVE ( 'NONE', #833, #3233, #975, .T. ) ;
#2956 = LINE ( 'NONE', #1575, #1880 ) ;
#2957 = ADVANCED_FACE ( 'NONE', ( #1024, #983, #3094 ), #2059, .F. ) ;
#2958 = EDGE_CURVE ( 'NONE', #1787, #1113, #2117, .T. ) ;
#2959 = ORIENTED_EDGE ( 'NONE', *, *, #412, .F. ) ;
#2960 = ORIENTED_EDGE ( 'NONE', *, *, #2419, .F. ) ;
#2961 = VECTOR ( 'NONE', #2144, 1000.000000000000000 ) ;
#2962 = CARTESIAN_POINT ( 'NONE',  ( 0.4999999999999997780, -0.09063054614240209639, -0.09999999999999993616 ) ) ;
#2963 = DIRECTION ( 'NONE',  ( -1.000000000000000000, -0.000000000000000000, -0.000000000000000000 ) ) ;
#2964 = LINE ( 'NONE', #1700, #2952 ) ;
#2965 = ORIENTED_EDGE ( 'NONE', *, *, #2704, .F. ) ;
#2966 = CARTESIAN_POINT ( 'NONE',  ( 0.5000000000000000000, 0.1270000000000000018, -0.2300000000000000100 ) ) ;
#2967 = AXIS2_PLACEMENT_3D ( 'NONE', #2511, #1538, #2742 ) ;
#2968 = LINE ( 'NONE', #690, #835 ) ;
#2969 = DIRECTION ( 'NONE',  ( -0.000000000000000000, 1.000000000000000000, 0.000000000000000000 ) ) ;
#2970 = ORIENTED_EDGE ( 'NONE', *, *, #2339, .F. ) ;
#2971 = VECTOR ( 'NONE', #1943, 1000.000000000000000 ) ;
#2972 = ORIENTED_EDGE ( 'NONE', *, *, #2597, .T. ) ;
#2973 = VECTOR ( 'NONE', #1073, 1000.000000000000000 ) ;
#2974 = CARTESIAN_POINT ( 'NONE',  ( -0.4999999999999997780, 0.07699999999999999900, -0.09999999999999993616 ) ) ;
#2975 = CARTESIAN_POINT ( 'NONE',  ( 0.4500000000000000111, 0.05000000000000000278, -0.2500000000000000000 ) ) ;
#2976 = LINE ( 'NONE', #3088, #793 ) ;
#2977 = ORIENTED_EDGE ( 'NONE', *, *, #179, .F. ) ;
#2978 = VERTEX_POINT ( 'NONE', #708 ) ;
#2979 = EDGE_CURVE ( 'NONE', #1078, #3129, #2081, .T. ) ;
#2980 = VECTOR ( 'NONE', #486, 1000.000000000000000 ) ;
#2981 = AXIS2_PLACEMENT_3D ( 'NONE', #2222, #1701, #421 ) ;
#2982 = ORIENTED_EDGE ( 'NONE', *, *, #1126, .F. ) ;
#2983 = DIRECTION ( 'NONE',  ( -1.000000000000000000, 0.000000000000000000, -0.000000000000000000 ) ) ;
#2984 = ORIENTED_EDGE ( 'NONE', *, *, #2666, .T. ) ;
#2985 = VECTOR ( 'NONE', #2050, 1000.000000000000000 ) ;
#2986 = EDGE_CURVE ( 'NONE', #2000, #3102, #1032, .T. ) ;
#2987 = CARTESIAN_POINT ( 'NONE',  ( 0.2500000000000000000, -0.09063054614240209639, 0.2499999999999997780 ) ) ;
#2988 = ADVANCED_FACE ( 'NONE', ( #1984 ), #3042, .T. ) ;
#2989 = ORIENTED_EDGE ( 'NONE', *, *, #3211, .T. ) ;
#2990 = CARTESIAN_POINT ( 'NONE',  ( -0.4500000000000000111, 0.05000000000000002359, 0.2500000000000000000 ) ) ;
#2991 = ORIENTED_EDGE ( 'NONE', *, *, #1183, .F. ) ;
#2992 = CARTESIAN_POINT ( 'NONE',  ( 0.4500000000000000111, 0.6090169943749473846, -0.2500000000000000000 ) ) ;
#2993 = FACE_OUTER_BOUND ( 'NONE', #1061, .T. ) ;
#2994 = PLANE ( 'NONE',  #1487 ) ;
#2995 = EDGE_CURVE ( 'NONE', #3148, #816, #3263, .T. ) ;
#2996 = CARTESIAN_POINT ( 'NONE',  ( -0.4500000000000000111, 0.000000000000000000, 0.2500000000000000000 ) ) ;
#2997 = LINE ( 'NONE', #2435, #2869 ) ;
#2998 = ORIENTED_EDGE ( 'NONE', *, *, #1561, .F. ) ;
#2999 = LINE ( 'NONE', #1063, #1866 ) ;
#3000 = SURFACE_SIDE_STYLE ('',( #1796 ) ) ;
#3001 = DIRECTION ( 'NONE',  ( 0.000000000000000000, 1.000000000000000000, 0.000000000000000000 ) ) ;
#3002 = ORIENTED_EDGE ( 'NONE', *, *, #241, .F. ) ;
#3003 = PLANE ( 'NONE',  #854 ) ;
#3004 = CARTESIAN_POINT ( 'NONE',  ( 0.000000000000000000, 0.05000000000000000278, 0.000000000000000000 ) ) ;
#3005 = ORIENTED_EDGE ( 'NONE', *, *, #3153, .F. ) ;
#3006 = ORIENTED_EDGE ( 'NONE', *, *, #431, .T. ) ;
#3007 = ORIENTED_EDGE ( 'NONE', *, *, #391, .T. ) ;
#3008 = EDGE_CURVE ( 'NONE', #2012, #3097, #2168, .T. ) ;
#3009 = VECTOR ( 'NONE', #2705, 1000.000000000000000 ) ;
#3010 = EDGE_CURVE ( 'NONE', #3178, #3077, #3257, .T. ) ;
#3011 = CARTESIAN_POINT ( 'NONE',  ( -0.4099999999999999756, 0.1270000000000000018, 0.2499999999999997780 ) ) ;
#3012 = CARTESIAN_POINT ( 'NONE',  ( 0.4099999999999999756, 0.1270000000000000018, 0.2999999999999997669 ) ) ;
#3013 = ORIENTED_EDGE ( 'NONE', *, *, #1989, .T. ) ;
#3014 = ORIENTED_EDGE ( 'NONE', *, *, #1634, .T. ) ;
#3015 = VERTEX_POINT ( 'NONE', #2568 ) ;
#3016 = DIRECTION ( 'NONE',  ( 0.000000000000000000, 0.000000000000000000, -1.000000000000000000 ) ) ;
#3017 = EDGE_LOOP ( 'NONE', ( #914, #2258, #3199, #882 ) ) ;
#3018 = AXIS2_PLACEMENT_3D ( 'NONE', #129, #340, #592 ) ;
#3019 = DIRECTION ( 'NONE',  ( -1.000000000000000000, 0.000000000000000000, 0.000000000000000000 ) ) ;
#3020 = ORIENTED_EDGE ( 'NONE', *, *, #2593, .F. ) ;
#3021 = ORIENTED_EDGE ( 'NONE', *, *, #3158, .F. ) ;
#3022 = ORIENTED_EDGE ( 'NONE', *, *, #2613, .T. ) ;
#3023 = CARTESIAN_POINT ( 'NONE',  ( -0.2500000000000000000, 0.07699999999999999900, -0.2999999999999998224 ) ) ;
#3024 = FACE_OUTER_BOUND ( 'NONE', #743, .T. ) ;
#3025 = CARTESIAN_POINT ( 'NONE',  ( -0.4099999999999999756, 0.1270000000000000018, 0.2499999999999997780 ) ) ;
#3026 = AXIS2_PLACEMENT_3D ( 'NONE', #715, #3110, #465 ) ;
#3027 = CARTESIAN_POINT ( 'NONE',  ( 0.2500000000000000000, 0.1270000000000000018, -0.2999999999999998224 ) ) ;
#3028 = ADVANCED_FACE ( 'NONE', ( #60 ), #1332, .F. ) ;
#3029 = ORIENTED_EDGE ( 'NONE', *, *, #2633, .F. ) ;
#3030 = ORIENTED_EDGE ( 'NONE', *, *, #1788, .F. ) ;
#3031 = ORIENTED_EDGE ( 'NONE', *, *, #2107, .T. ) ;
#3032 = VECTOR ( 'NONE', #1237, 1000.000000000000000 ) ;
#3033 = CARTESIAN_POINT ( 'NONE',  ( 0.4500000000000000111, 0.07699999999999999900, -0.09999999999999993616 ) ) ;
#3034 = DIRECTION ( 'NONE',  ( 0.000000000000000000, -0.000000000000000000, 1.000000000000000000 ) ) ;
#3035 = AXIS2_PLACEMENT_3D ( 'NONE', #1946, #2264, #2247 ) ;
#3036 = VERTEX_POINT ( 'NONE', #2849 ) ;
#3037 = VERTEX_POINT ( 'NONE', #1367 ) ;
#3038 = ORIENTED_EDGE ( 'NONE', *, *, #2955, .F. ) ;
#3039 = LINE ( 'NONE', #804, #2910 ) ;
#3040 = ORIENTED_EDGE ( 'NONE', *, *, #590, .T. ) ;
#3041 = DIRECTION ( 'NONE',  ( 0.000000000000000000, -1.000000000000000000, 0.000000000000000000 ) ) ;
#3042 = PLANE ( 'NONE',  #291 ) ;
#3043 = EDGE_CURVE ( 'NONE', #2156, #3075, #1066, .T. ) ;
#3044 = ORIENTED_EDGE ( 'NONE', *, *, #2664, .F. ) ;
#3045 = EDGE_LOOP ( 'NONE', ( #1104, #2272, #57, #2155 ) ) ;
#3046 = ORIENTED_EDGE ( 'NONE', *, *, #2517, .T. ) ;
#3047 = LINE ( 'NONE', #757, #3058 ) ;
#3048 = CARTESIAN_POINT ( 'NONE',  ( 0.5000000000000000000, 0.07699999999999999900, 0.2300000000000000100 ) ) ;
#3049 = EDGE_LOOP ( 'NONE', ( #2998, #2267, #2854, #3002 ) ) ;
#3050 = ORIENTED_EDGE ( 'NONE', *, *, #2306, .F. ) ;
#3051 = ORIENTED_EDGE ( 'NONE', *, *, #934, .F. ) ;
#3052 = EDGE_CURVE ( 'NONE', #2757, #866, #2176, .T. ) ;
#3053 = FACE_OUTER_BOUND ( 'NONE', #832, .T. ) ;
#3054 = DIRECTION ( 'NONE',  ( 0.000000000000000000, -0.000000000000000000, 1.000000000000000000 ) ) ;
#3055 = CARTESIAN_POINT ( 'NONE',  ( 0.4500000000000000111, 0.1270000000000000018, 0.09999999999999993616 ) ) ;
#3056 = ORIENTED_EDGE ( 'NONE', *, *, #2958, .T. ) ;
#3057 = ORIENTED_EDGE ( 'NONE', *, *, #2275, .T. ) ;
#3058 = VECTOR ( 'NONE', #2344, 1000.000000000000000 ) ;
#3059 = DIRECTION ( 'NONE',  ( 0.000000000000000000, 0.000000000000000000, 1.000000000000000000 ) ) ;
#3060 =( NAMED_UNIT ( * ) PLANE_ANGLE_UNIT ( ) SI_UNIT ( $, .RADIAN. ) );
#3061 = EDGE_CURVE ( 'NONE', #2001, #1823, #39, .T. ) ;
#3062 = ORIENTED_EDGE ( 'NONE', *, *, #1300, .T. ) ;
#3063 = PLANE ( 'NONE',  #751 ) ;
#3064 = DIRECTION ( 'NONE',  ( 0.000000000000000000, 0.000000000000000000, -1.000000000000000000 ) ) ;
#3065 = ORIENTED_EDGE ( 'NONE', *, *, #2580, .F. ) ;
#3066 = VECTOR ( 'NONE', #277, 1000.000000000000000 ) ;
#3067 = ORIENTED_EDGE ( 'NONE', *, *, #378, .F. ) ;
#3068 = DIRECTION ( 'NONE',  ( -0.000000000000000000, -0.000000000000000000, -1.000000000000000000 ) ) ;
#3069 = DIRECTION ( 'NONE',  ( 0.000000000000000000, 0.000000000000000000, -1.000000000000000000 ) ) ;
#3070 = ORIENTED_EDGE ( 'NONE', *, *, #3142, .T. ) ;
#3071 = ORIENTED_EDGE ( 'NONE', *, *, #978, .F. ) ;
#3072 = FACE_BOUND ( 'NONE', #924, .T. ) ;
#3073 = EDGE_CURVE ( 'NONE', #1305, #1216, #1089, .T. ) ;
#3074 = PLANE ( 'NONE',  #2631 ) ;
#3075 = VERTEX_POINT ( 'NONE', #1437 ) ;
#3076 = PLANE ( 'NONE',  #2512 ) ;
#3077 = VERTEX_POINT ( 'NONE', #2689 ) ;
#3078 = ORIENTED_EDGE ( 'NONE', *, *, #2650, .T. ) ;
#3079 = PRESENTATION_LAYER_ASSIGNMENT (  '', '', ( #1729 ) ) ;
#3080 = AXIS2_PLACEMENT_3D ( 'NONE', #462, #1319, #2067 ) ;
#3081 = DIRECTION ( 'NONE',  ( 1.668003342285390663E-15, 0.000000000000000000, -1.000000000000000000 ) ) ;
#3082 = MANIFOLD_SOLID_BREP ( 'Boss-Extrude3[1]', #2055 ) ;
#3083 = FILL_AREA_STYLE_COLOUR ( '', #2562 ) ;
#3084 = ORIENTED_EDGE ( 'NONE', *, *, #1339, .T. ) ;
#3085 = ORIENTED_EDGE ( 'NONE', *, *, #1448, .T. ) ;
#3086 = ORIENTED_EDGE ( 'NONE', *, *, #2146, .T. ) ;
#3087 = ADVANCED_FACE ( 'NONE', ( #1124 ), #1149, .F. ) ;
#3088 = CARTESIAN_POINT ( 'NONE',  ( -0.4999999999999997780, 0.1270000000000000018, -0.09999999999999993616 ) ) ;
#3089 = SURFACE_STYLE_USAGE ( .BOTH. , #1060 ) ;
#3090 = PRESENTATION_LAYER_ASSIGNMENT (  '', '', ( #1623 ) ) ;
#3091 = ORIENTED_EDGE ( 'NONE', *, *, #2874, .F. ) ;
#3092 = PLANE ( 'NONE',  #1518 ) ;
#3093 = CARTESIAN_POINT ( 'NONE',  ( 0.2500000000000000000, 0.07699999999999999900, -0.2499999999999997780 ) ) ;
#3094 = FACE_BOUND ( 'NONE', #3045, .T. ) ;
#3095 = VERTEX_POINT ( 'NONE', #658 ) ;
#3096 = ORIENTED_EDGE ( 'NONE', *, *, #1665, .T. ) ;
#3097 = VERTEX_POINT ( 'NONE', #1580 ) ;
#3098 = CARTESIAN_POINT ( 'NONE',  ( -0.2500000000000000000, -0.09063054614240209639, -0.2499999999999997780 ) ) ;
#3099 = VECTOR ( 'NONE', #1119, 1000.000000000000000 ) ;
#3100 = ORIENTED_EDGE ( 'NONE', *, *, #309, .F. ) ;
#3101 = EDGE_LOOP ( 'NONE', ( #3237, #1993, #997, #901 ) ) ;
#3102 = VERTEX_POINT ( 'NONE', #372 ) ;
#3103 = CARTESIAN_POINT ( 'NONE',  ( 0.4500000000000000111, 0.07699999999999999900, -0.09999999999999993616 ) ) ;
#3104 = EDGE_CURVE ( 'NONE', #3095, #2787, #2231, .T. ) ;
#3105 = VECTOR ( 'NONE', #3069, 1000.000000000000000 ) ;
#3106 = DIRECTION ( 'NONE',  ( 0.000000000000000000, 0.000000000000000000, -1.000000000000000000 ) ) ;
#3107 = ORIENTED_EDGE ( 'NONE', *, *, #829, .T. ) ;
#3108 = VERTEX_POINT ( 'NONE', #1602 ) ;
#3109 = CARTESIAN_POINT ( 'NONE',  ( 0.4500000000000000111, 0.6090169943749473846, 0.2500000000000000000 ) ) ;
#3110 = DIRECTION ( 'NONE',  ( -0.000000000000000000, 1.000000000000000000, 0.000000000000000000 ) ) ;
#3111 = EDGE_CURVE ( 'NONE', #647, #2087, #2708, .T. ) ;
#3112 = CARTESIAN_POINT ( 'NONE',  ( 0.4500000000000000111, 0.07699999999999999900, -0.09999999999999993616 ) ) ;
#3113 = ORIENTED_EDGE ( 'NONE', *, *, #688, .F. ) ;
#3114 = ORIENTED_EDGE ( 'NONE', *, *, #1290, .T. ) ;
#3115 = VERTEX_POINT ( 'NONE', #394 ) ;
#3116 = ORIENTED_EDGE ( 'NONE', *, *, #2647, .F. ) ;
#3117 = VERTEX_POINT ( 'NONE', #2423 ) ;
#3118 = PRESENTATION_LAYER_ASSIGNMENT (  '', '', ( #558 ) ) ;
#3119 = DIRECTION ( 'NONE',  ( -0.000000000000000000, 0.000000000000000000, 1.000000000000000000 ) ) ;
#3120 = DIRECTION ( 'NONE',  ( -1.000000000000000000, -0.000000000000000000, -0.000000000000000000 ) ) ;
#3121 = ORIENTED_EDGE ( 'NONE', *, *, #202, .T. ) ;
#3122 = ADVANCED_FACE ( 'NONE', ( #1577 ), #2210, .F. ) ;
#3123 = VERTEX_POINT ( 'NONE', #2966 ) ;
#3124 = CARTESIAN_POINT ( 'NONE',  ( -0.5000000000000000000, 0.07699999999999999900, 0.2300000000000000100 ) ) ;
#3125 = CARTESIAN_POINT ( 'NONE',  ( 0.4099999999999999756, -0.09063054614240209639, 0.2499999999999997780 ) ) ;
#3126 = VERTEX_POINT ( 'NONE', #2521 ) ;
#3127 = EDGE_LOOP ( 'NONE', ( #1199, #2, #1905, #1097 ) ) ;
#3128 = DIRECTION ( 'NONE',  ( -1.000000000000000000, 0.000000000000000000, -2.168404344971008868E-16 ) ) ;
#3129 = VERTEX_POINT ( 'NONE', #298 ) ;
#3130 = EDGE_CURVE ( 'NONE', #2946, #611, #2700, .T. ) ;
#3131 = DIRECTION ( 'NONE',  ( -1.000000000000000000, 0.000000000000000000, -0.000000000000000000 ) ) ;
#3132 = AXIS2_PLACEMENT_3D ( 'NONE', #2366, #1215, #1656 ) ;
#3133 = ORIENTED_EDGE ( 'NONE', *, *, #3150, .T. ) ;
#3134 = CARTESIAN_POINT ( 'NONE',  ( 0.2500000000000000000, 0.07699999999999999900, 0.2499999999999997780 ) ) ;
#3135 = EDGE_CURVE ( 'NONE', #3193, #987, #1604, .T. ) ;
#3136 = VERTEX_POINT ( 'NONE', #1759 ) ;
#3137 = VERTEX_POINT ( 'NONE', #1692 ) ;
#3138 = ORIENTED_EDGE ( 'NONE', *, *, #157, .F. ) ;
#3139 = VERTEX_POINT ( 'NONE', #520 ) ;
#3140 = VERTEX_POINT ( 'NONE', #1050 ) ;
#3141 = ORIENTED_EDGE ( 'NONE', *, *, #2995, .T. ) ;
#3142 = EDGE_CURVE ( 'NONE', #1095, #807, #1599, .T. ) ;
#3143 = ORIENTED_EDGE ( 'NONE', *, *, #1278, .T. ) ;
#3144 =( NAMED_UNIT ( * ) SI_UNIT ( $, .STERADIAN. ) SOLID_ANGLE_UNIT ( ) );
#3145 = ADVANCED_FACE ( 'NONE', ( #502 ), #2709, .F. ) ;
#3146 = DIRECTION ( 'NONE',  ( 1.000000000000000000, 0.000000000000000000, -2.168404344971008868E-16 ) ) ;
#3147 = ORIENTED_EDGE ( 'NONE', *, *, #1239, .T. ) ;
#3148 = VERTEX_POINT ( 'NONE', #762 ) ;
#3149 = ORIENTED_EDGE ( 'NONE', *, *, #1581, .T. ) ;
#3150 = EDGE_CURVE ( 'NONE', #2015, #2862, #2703, .T. ) ;
#3151 = LINE ( 'NONE', #88, #2099 ) ;
#3152 = ADVANCED_FACE ( 'NONE', ( #2675 ), #1516, .F. ) ;
#3153 = EDGE_CURVE ( 'NONE', #860, #2781, #1594, .T. ) ;
#3154 = ORIENTED_EDGE ( 'NONE', *, *, #1278, .F. ) ;
#3155 = CARTESIAN_POINT ( 'NONE',  ( 0.1999999999999999833, 0.05000000000000000278, 0.2500000000000000555 ) ) ;
#3156 = ORIENTED_EDGE ( 'NONE', *, *, #2517, .F. ) ;
#3157 = ORIENTED_EDGE ( 'NONE', *, *, #1430, .F. ) ;
#3158 = EDGE_CURVE ( 'NONE', #906, #2001, #2727, .T. ) ;
#3159 = FACE_OUTER_BOUND ( 'NONE', #2216, .T. ) ;
#3160 = FILL_AREA_STYLE ('',( #2859 ) ) ;
#3161 = ORIENTED_EDGE ( 'NONE', *, *, #412, .T. ) ;
#3162 = ORIENTED_EDGE ( 'NONE', *, *, #608, .F. ) ;
#3163 = ORIENTED_EDGE ( 'NONE', *, *, #2986, .F. ) ;
#3164 = ORIENTED_EDGE ( 'NONE', *, *, #25, .F. ) ;
#3165 = FACE_BOUND ( 'NONE', #10, .T. ) ;
#3166 = LINE ( 'NONE', #568, #2057 ) ;
#3167 = STYLED_ITEM ( 'NONE', ( #2577 ), #1168 ) ;
#3168 = DIRECTION ( 'NONE',  ( 1.000000000000000000, 0.000000000000000000, 2.168404344971008868E-16 ) ) ;
#3169 = DIRECTION ( 'NONE',  ( 0.000000000000000000, -0.000000000000000000, -1.000000000000000000 ) ) ;
#3170 = EDGE_LOOP ( 'NONE', ( #50, #1755, #1150, #1106 ) ) ;
#3171 = CARTESIAN_POINT ( 'NONE',  ( 0.4500000000000000111, 0.07699999999999999900, -0.2300000000000000100 ) ) ;
#3172 = DIRECTION ( 'NONE',  ( 0.000000000000000000, -0.000000000000000000, 1.000000000000000000 ) ) ;
#3173 = ORIENTED_EDGE ( 'NONE', *, *, #102, .T. ) ;
#3174 = ORIENTED_EDGE ( 'NONE', *, *, #1315, .F. ) ;
#3175 = AXIS2_PLACEMENT_3D ( 'NONE', #732, #2061, #2276 ) ;
#3176 = LINE ( 'NONE', #55, #1006 ) ;
#3177 = EDGE_CURVE ( 'NONE', #957, #853, #1583, .T. ) ;
#3178 = VERTEX_POINT ( 'NONE', #1735 ) ;
#3179 =( NAMED_UNIT ( * ) PLANE_ANGLE_UNIT ( ) SI_UNIT ( $, .RADIAN. ) );
#3180 = PLANE ( 'NONE',  #254 ) ;
#3181 = ORIENTED_EDGE ( 'NONE', *, *, #3061, .T. ) ;
#3182 = EDGE_LOOP ( 'NONE', ( #2109, #591, #1712, #2164 ) ) ;
#3183 = LINE ( 'NONE', #2334, #2112 ) ;
#3184 = CARTESIAN_POINT ( 'NONE',  ( -0.5000000000000000000, 0.5500000000000000444, 0.2999999999999999889 ) ) ;
#3185 = ORIENTED_EDGE ( 'NONE', *, *, #3111, .T. ) ;
#3186 = CARTESIAN_POINT ( 'NONE',  ( 0.5000000000000000000, 0.07699999999999999900, 0.2300000000000000100 ) ) ;
#3187 = EDGE_LOOP ( 'NONE', ( #2938, #3205, #1722, #998 ) ) ;
#3188 = ORIENTED_EDGE ( 'NONE', *, *, #192, .T. ) ;
#3189 = CARTESIAN_POINT ( 'NONE',  ( 0.2500000000000000000, 0.1270000000000000018, -0.2999999999999998224 ) ) ;
#3190 = VECTOR ( 'NONE', #485, 1000.000000000000000 ) ;
#3191 = ADVANCED_FACE ( 'NONE', ( #1613 ), #2753, .F. ) ;
#3192 = DIRECTION ( 'NONE',  ( 1.000000000000000000, 0.000000000000000000, -0.000000000000000000 ) ) ;
#3193 = VERTEX_POINT ( 'NONE', #3259 ) ;
#3194 = ORIENTED_EDGE ( 'NONE', *, *, #551, .F. ) ;
#3195 = ORIENTED_EDGE ( 'NONE', *, *, #1930, .F. ) ;
#3196 = FACE_BOUND ( 'NONE', #1876, .T. ) ;
#3197 = VECTOR ( 'NONE', #1521, 1000.000000000000000 ) ;
#3198 = ORIENTED_EDGE ( 'NONE', *, *, #2017, .T. ) ;
#3199 = ORIENTED_EDGE ( 'NONE', *, *, #2721, .T. ) ;
#3200 = ORIENTED_EDGE ( 'NONE', *, *, #2500, .F. ) ;
#3201 = VECTOR ( 'NONE', #473, 1000.000000000000000 ) ;
#3202 = VECTOR ( 'NONE', #1508, 1000.000000000000000 ) ;
#3203 = ORIENTED_EDGE ( 'NONE', *, *, #2017, .F. ) ;
#3204 = CARTESIAN_POINT ( 'NONE',  ( -0.4500000000000000111, -0.09063054614240209639, 0.2300000000000000100 ) ) ;
#3205 = ORIENTED_EDGE ( 'NONE', *, *, #1530, .F. ) ;
#3206 = EDGE_LOOP ( 'NONE', ( #2101, #2093, #778, #2984 ) ) ;
#3207 = FACE_OUTER_BOUND ( 'NONE', #2123, .T. ) ;
#3208 = VECTOR ( 'NONE', #2420, 1000.000000000000000 ) ;
#3209 = DIRECTION ( 'NONE',  ( -0.000000000000000000, 1.000000000000000000, 0.000000000000000000 ) ) ;
#3210 = ORIENTED_EDGE ( 'NONE', *, *, #799, .F. ) ;
#3211 = EDGE_CURVE ( 'NONE', #1964, #3129, #509, .T. ) ;
#3212 = DIRECTION ( 'NONE',  ( 1.000000000000000000, 0.000000000000000000, 0.000000000000000000 ) ) ;
#3213 = ORIENTED_EDGE ( 'NONE', *, *, #848, .F. ) ;
#3214 = CLOSED_SHELL ( 'NONE', ( #727, #3224, #2718, #1470, #1442, #1495 ) ) ;
#3215 = VECTOR ( 'NONE', #28, 1000.000000000000000 ) ;
#3216 = CARTESIAN_POINT ( 'NONE',  ( 0.4999999999999997780, 0.07699999999999999900, -0.09999999999999993616 ) ) ;
#3217 = FACE_OUTER_BOUND ( 'NONE', #1044, .T. ) ;
#3218 = DIRECTION ( 'NONE',  ( -0.000000000000000000, 0.000000000000000000, 1.000000000000000000 ) ) ;
#3219 = ORIENTED_EDGE ( 'NONE', *, *, #1334, .F. ) ;
#3220 = STYLED_ITEM ( 'NONE', ( #1524 ), #585 ) ;
#3221 = EDGE_LOOP ( 'NONE', ( #2201, #1101, #2193, #1181 ) ) ;
#3222 = VECTOR ( 'NONE', #329, 1000.000000000000000 ) ;
#3223 = FACE_OUTER_BOUND ( 'NONE', #1911, .T. ) ;
#3224 = ADVANCED_FACE ( 'NONE', ( #1617 ), #222, .F. ) ;
#3225 = CARTESIAN_POINT ( 'NONE',  ( 0.4500000000000000111, 0.07699999999999999900, 0.09999999999999993616 ) ) ;
#3226 = CLOSED_SHELL ( 'NONE', ( #2127, #484, #2241, #1393, #2840, #3028 ) ) ;
#3227 = ORIENTED_EDGE ( 'NONE', *, *, #724, .F. ) ;
#3228 = ORIENTED_EDGE ( 'NONE', *, *, #1231, .T. ) ;
#3229 = LINE ( 'NONE', #593, #2106 ) ;
#3230 = ORIENTED_EDGE ( 'NONE', *, *, #2643, .T. ) ;
#3231 = LINE ( 'NONE', #1217, #2199 ) ;
#3232 = EDGE_CURVE ( 'NONE', #826, #40, #2694, .T. ) ;
#3233 = VERTEX_POINT ( 'NONE', #2774 ) ;
#3234 = EDGE_LOOP ( 'NONE', ( #2960, #1020, #919, #23 ) ) ;
#3235 = LINE ( 'NONE', #2556, #3197 ) ;
#3236 = PLANE ( 'NONE',  #2732 ) ;
#3237 = ORIENTED_EDGE ( 'NONE', *, *, #3153, .T. ) ;
#3238 = DIRECTION ( 'NONE',  ( -1.000000000000000000, -0.000000000000000000, 0.000000000000000000 ) ) ;
#3239 = VERTEX_POINT ( 'NONE', #1246 ) ;
#3240 = EDGE_LOOP ( 'NONE', ( #635, #654, #2016, #2255 ) ) ;
#3241 = ORIENTED_EDGE ( 'NONE', *, *, #139, .T. ) ;
#3242 = EDGE_CURVE ( 'NONE', #3077, #66, #1589, .T. ) ;
#3243 = CARTESIAN_POINT ( 'NONE',  ( -0.5000000000000000000, 0.1270000000000000018, -0.2300000000000000100 ) ) ;
#3244 = DIRECTION ( 'NONE',  ( -0.000000000000000000, -0.000000000000000000, -1.000000000000000000 ) ) ;
#3245 = CARTESIAN_POINT ( 'NONE',  ( 0.000000000000000000, 0.07699999999999999900, 0.000000000000000000 ) ) ;
#3246 = VERTEX_POINT ( 'NONE', #1963 ) ;
#3247 = SURFACE_STYLE_FILL_AREA ( #1195 ) ;
#3248 = VERTEX_POINT ( 'NONE', #1715 ) ;
#3249 = ORIENTED_EDGE ( 'NONE', *, *, #1704, .T. ) ;
#3250 = EDGE_CURVE ( 'NONE', #1832, #3126, #2750, .T. ) ;
#3251 = PLANE ( 'NONE',  #705 ) ;
#3252 = ORIENTED_EDGE ( 'NONE', *, *, #1733, .F. ) ;
#3253 = ORIENTED_EDGE ( 'NONE', *, *, #2113, .T. ) ;
#3254 = ORIENTED_EDGE ( 'NONE', *, *, #3242, .T. ) ;
#3255 = ORIENTED_EDGE ( 'NONE', *, *, #1598, .F. ) ;
#3256 = ADVANCED_FACE ( 'NONE', ( #574 ), #82, .T. ) ;
#3257 = LINE ( 'NONE', #1525, #1074 ) ;
#3258 = DIRECTION ( 'NONE',  ( 1.000000000000000000, 0.000000000000000000, -0.000000000000000000 ) ) ;
#3259 = CARTESIAN_POINT ( 'NONE',  ( 0.4500000000000000111, 0.05000000000000002359, -0.2500000000000000000 ) ) ;
#3260 = ORIENTED_EDGE ( 'NONE', *, *, #3104, .T. ) ;
#3261 = AXIS2_PLACEMENT_3D ( 'NONE', #1792, #1343, #2079 ) ;
#3262 = CARTESIAN_POINT ( 'NONE',  ( -0.4099999999999999756, 0.07699999999999999900, -0.2999999999999997669 ) ) ;
#3263 = LINE ( 'NONE', #1499, #1147 ) ;
#3264 = ORIENTED_EDGE ( 'NONE', *, *, #2188, .T. ) ;
#3265 = VECTOR ( 'NONE', #1380, 1000.000000000000000 ) ;
#3266 = CARTESIAN_POINT ( 'NONE',  ( 0.1999999999999999833, 0.6090169943749473846, 0.2500000000000000555 ) ) ;
#3267 = EDGE_LOOP ( 'NONE', ( #2221, #1003, #2232, #2037 ) ) ;
#3268 = ORIENTED_EDGE ( 'NONE', *, *, #2376, .F. ) ;
#3269 = CARTESIAN_POINT ( 'NONE',  ( -0.2500000000000000000, 0.1270000000000000018, 0.2499999999999997780 ) ) ;
#3270 = EDGE_CURVE ( 'NONE', #2140, #1761, #563, .T. ) ;
#3271 = FILL_AREA_STYLE_COLOUR ( '', #2547 ) ;
#3272 = VECTOR ( 'NONE', #2914, 1000.000000000000000 ) ;
ENDSEC;
END-ISO-10303-21;
